vin,model,price,color
0wlpab10eg,CR-V Hybrid,36045,Beige
1dy68ry236,Prologue,51406,Red
cxql59nf47,HR-V,28703,Red
kd46j2lvgt,Accord Hybrid,32146,White
xkipx22wjr,Pilot,44576,Beige
bwmcynrib8,Odyssey,35631,Brown
kr8j3dfo02,Civic,15337,Red
4j6c13gdao,Odyssey,46233,Silver
gglpk9tigh,HR-V,26693,Beige
n0x5tqsr68,Accord Hybrid,30960,Brown
wzahpdzael,Accord Hybrid,35781,Blue
hzlzpl2sej,Accord Hybrid,34489,Yellow
ptyfvqujsv,Accord Hybrid,28425,Black
uxslr6wvtg,Accord,30373,Blue
gaple4sgxz,Odyssey,40672,Yellow
6vsdm0186h,Accord Hybrid,28114,Blue
36tc8vkja9,Accord,29774,Yellow
43ipgycch9,Civic,24272,Beige
b430mwf0b0,CR-V,33762,Black
ytqvvi5bfy,Accord,32614,Red
8vo1w5j7bx,Pilot,50714,Black
venyqvw7pr,Passport,40128,Silver
7waops3tnn,HR-V,29381,Green
enneccpwdc,HR-V,30304,Yellow
gr9yrc2cms,Civic Hybrid,29307,Green
7ntopfv8ik,Accord Hybrid,28247,Brown
saayl6zahc,CR-V Hybrid,37356,Beige
nfd13zfkip,CR-V Hybrid,41440,Blue
kve7ujo1gw,HR-V,29430,Brown
dw6l1ssuzt,CR-V Hybrid,38898,Green
oxzhqawohh,CR-V Hybrid,33312,Beige
znqq4hznit,CR-V Hybrid,33570,Black
pw5oqamuzg,Pilot,45907,White
w5ln6o6tso,Civic,24184,Silver
179styhg14,Pilot,50099,Yellow
z3ec0hqw33,Civic,15279,White
4cf7dddaqy,Accord,22371,Brown
szyykqxifm,Accord,26834,Brown
4e74xdasyz,CR-V,37255,Yellow
u0qi0ldf8u,CR-V,38169,Blue
t3a6u915pz,HR-V,27974,Gray
3fi27ia8hn,Ridgeline,44895,Green
t9132mzv2c,Pilot,40597,Green
t2995id6af,CR-V,36723,Silver
sqiydweeqy,Civic Hybrid,28906,Blue
o6t0crcqlu,Accord,31332,Gray
5bl30k5y59,Civic Hybrid,29175,Gray
bup0qv4ib0,Pilot,40174,Green
aul5m7vrkt,Civic Hybrid,26987,Red
scyirnqehc,Accord,25000,Gray
27xbxjg8q8,Passport,42222,Yellow
01vx2vf0em,Prologue,52811,Black
uvbglzspvs,Civic,21939,Yellow
9woohclgya,CR-V,37028,Silver
y1je4bbldm,CR-V,39621,Red
093v104u3y,CR-V,37217,Blue
tjd1k1ctnk,Civic Hybrid,27504,Black
87l01tq52h,Accord Hybrid,36477,Red
5sbjow1kpa,Odyssey,40954,Black
pwdlom00s3,Odyssey,42629,Black
qdmopv4vhc,Accord Hybrid,34844,Silver
qqvz4x1mt6,Civic Hybrid,29697,Blue
cr3lthrn81,HR-V,31472,Brown
r391wt2e4o,Passport,41452,White
nq7wz4ivq7,Accord Hybrid,36216,Beige
ulvrja3urd,Pilot,47797,Red
ruu1klf8zw,Pilot,44215,Beige
b8ilojf7et,Accord,28750,White
lz599ihp5t,Passport,40800,Gray
53bbv5ly0n,CR-V,31335,Green
stkdaiocm3,Odyssey,47583,Silver
4spbthy355,Accord Hybrid,33752,Gray
1fhm7nkfz3,Accord,26332,Black
00z1vfmlkx,Passport,41913,Beige
v293fdpogt,CR-V,33099,Yellow
4r8ufwolcy,CR-V Hybrid,33622,Red
xqk9e0hn8e,CR-V Hybrid,34692,Black
8uocdn26wh,Civic Hybrid,27246,Beige
aw7sl4wa5e,Prologue,50836,Blue
q8jnfnli08,HR-V,30924,Blue
44d49yuabc,Prologue,56995,Silver
8tqzqz5trr,Accord,22238,Silver
n0c7alg4wh,Accord,26235,Black
vra4c1j57j,CR-V,32508,Yellow
5chnm0gop3,CR-V Hybrid,36251,Gray
za53vd2kul,Pilot,48500,Silver
lzft76hiuv,Prologue,57891,Blue
srma732i3o,CR-V,33752,Gray
u06s0v9051,Passport,49817,Gray
q3s5nwaeu0,Passport,47616,Silver
k8dzz38sgd,Odyssey,35917,Beige
stnunsox9j,Passport,49715,Beige
y2rft8nz5g,CR-V,35263,Green
2j1un9gt2v,Ridgeline,43095,Blue
zig0r8kppm,Prologue,54624,Green
bir6k8p3un,Pilot,45261,Beige
8fa1b5bad3,Prologue,51818,Silver
c7pzkdgp9a,Accord,34526,Brown
npne1tza79,Civic,24978,Yellow
gboy31scfn,Civic,19003,Yellow
g0tw402th4,Pilot,47914,Green
g240eh0szm,Civic Hybrid,26753,Brown
h4kwqpthfw,Accord Hybrid,28507,Yellow
wudiyl30k3,Accord Hybrid,34590,Brown
5ktjostwt6,CR-V,34063,Blue
mw9af9w97m,CR-V,35787,Gray
dybdst2v3m,Civic Hybrid,26489,Gray
5o9xckwgwu,Pilot,48969,Red
qe63sg18xf,CR-V Hybrid,39888,Red
2ojy8qp2z1,Ridgeline,43287,Gray
nmem4d7wqy,Accord,27000,Brown
8yhzdmn6em,HR-V,31760,Black
29cewwf6gl,CR-V,34743,Red
v61aqj5ag7,Prologue,53998,Blue
97ot63t7t0,Civic Hybrid,31546,Beige
7d0m3041hd,Odyssey,41536,White
5595rvfdz2,Civic,17865,Silver
qcu3yposh5,Pilot,46567,Silver
ossp1q3a6b,CR-V Hybrid,33769,Green
2lsbb38gjm,Passport,47020,White
zm64tkathj,Accord,22553,Silver
1umtn6dfds,Accord,23404,White
kkzpqng9ze,Civic Hybrid,26661,Red
xut4cfntjh,Pilot,50780,Gray
68ev67p0pt,CR-V Hybrid,34186,Gray
uxj243hglm,Civic,17454,Gray
zemm3j74d0,Odyssey,37245,White
8m4yf7speh,Ridgeline,41754,Silver
6yd07g2tkx,CR-V,39317,Yellow
w07muvj3i2,Passport,47506,Red
aev84gy5nr,Accord Hybrid,28825,Beige
6dxpoeqc51,Accord,23712,Silver
z8cibqmmy1,Civic,19692,Brown
sz4my6sxd3,Accord,26799,Brown
uxtcrby7gt,Passport,46752,White
5s68vxqdq8,Passport,42269,Green
oxxo6nooxc,Passport,45755,Green
0hqx27p76p,Civic Hybrid,26995,Blue
1hz8vt4xvp,Ridgeline,42733,Brown
r7h18ra4cu,Pilot,39670,Silver
0oimn6lezy,Civic Hybrid,25692,Yellow
t9q1z4c5y8,Pilot,44741,Black
geye8hedp3,Civic Hybrid,28641,White
m0jmcp2p6k,CR-V Hybrid,39945,Silver
kin47gl8qz,Pilot,46400,Yellow
sgaee232qz,CR-V Hybrid,39971,Silver
sh5opujtku,Accord Hybrid,37100,Silver
lfsrpha0ar,Ridgeline,45238,Black
qddc1dued2,Pilot,45741,Blue
zbdxm41dx2,Prologue,48753,Blue
x4ehstr00g,Civic Hybrid,27734,Brown
8wos1f8x67,Pilot,40264,Gray
75po18zijg,CR-V Hybrid,39361,Red
y2eeib4th1,Accord,34302,Beige
xhqfb22d0x,CR-V Hybrid,39320,Red
harn3bbga5,Prologue,48775,Yellow
5hd6cksade,Ridgeline,45582,Brown
pzpigegynd,CR-V,38370,White
6aqwhg86p6,Civic Hybrid,25159,White
yyi7vfpor7,Ridgeline,41067,Brown
xnainvmv2v,Odyssey,47783,Beige
4qe1g0bg0q,Pilot,42560,Brown
9657rg9oa8,Passport,49934,Yellow
iwc5bg62l6,CR-V Hybrid,33097,Beige
4p0ma896je,CR-V Hybrid,35190,White
elhiiad6ei,Civic,22570,Red
gu4x31dio3,Civic,20902,Blue
r02p054kuw,Passport,48409,Black
u48ol6ebzl,Prologue,57757,Brown
kk30z1tc9v,Accord,24083,Brown
18q4emg6ok,Prologue,52976,Beige
agyknhoik8,CR-V,32578,Silver
6lkt32nc9l,CR-V Hybrid,37050,Beige
y5a43w3uw4,Civic Hybrid,29682,Black
ligewmhdj8,Prologue,50056,Black
har938e02t,Accord Hybrid,29015,Gray
hxfw8azj6m,Pilot,51312,Beige
hnpegodli4,Odyssey,43875,Beige
jc37ljj9qq,Civic,27063,Black
a4juvi8hh7,HR-V,26458,White
i3p1bck4kz,Passport,40759,White
zw5dfq20ka,Passport,48506,Beige
6pxbqj3f6q,Civic Hybrid,29691,Yellow
f8ygcznnhs,CR-V,28916,White
t1pxsuctcg,CR-V Hybrid,39426,Beige
9abzi0rx5w,CR-V,38979,Green
99d67yambz,Accord Hybrid,33996,Red
60a2mwxvar,Civic Hybrid,26391,Brown
1ik7c0y21g,Odyssey,47384,Red
5izdx45o64,HR-V,27139,Black
2ekz7kekym,Odyssey,46319,Blue
p5xweskyil,Accord Hybrid,34641,Green
9mrlkjh6pv,CR-V,36613,Yellow
qnciw25m40,CR-V,36186,Black
fn4mrz2f61,CR-V,33014,Gray
mjnmrc9z8a,Pilot,43956,White
gprqhwp41m,CR-V Hybrid,39813,Beige
bvmo98dasu,Ridgeline,38623,Gray
lgjhgz1fcj,Odyssey,43300,Green
ueg2w7k327,Accord Hybrid,28494,Gray
moie6bfg91,Accord Hybrid,28828,Blue
sf9ht1a5rs,HR-V,30086,Black
zy3pzcctpa,Accord Hybrid,30451,Green
ssdltrh2g7,Prologue,49918,Silver
6sfu3qjvs8,Ridgeline,43781,Blue
cu9ah9rh0q,Passport,42237,Yellow
ht1g1w89ya,Prologue,55446,Silver
8ssiu17fen,Ridgeline,41678,Blue
5avxjrhsaz,Odyssey,36101,Red
5xuazbeg4r,Passport,42195,White
wkzubf8nen,Accord,32816,Gray
8437ghlpkj,Ridgeline,47631,Green
unmeydgfqf,CR-V,37378,White
kwgry298yg,Civic Hybrid,28888,Beige
gjfhv3oe5n,Civic,25692,Red
gxjuqn5bvq,Accord,31943,Beige
qrf1qvagq2,Accord,22028,Green
jsqkapwsal,Pilot,41580,Green
ll5qnup3z6,CR-V Hybrid,37505,Silver
kzp7ln6u5u,Ridgeline,43569,Yellow
wr3k4na6te,Civic Hybrid,26515,Brown
eva951tocy,Odyssey,45844,Black
8m537z1gf8,Pilot,51925,Gray
r4vi3fn075,Passport,41463,Green
b28jluxf9i,Accord Hybrid,34790,Green
59e14jhm4z,HR-V,25211,White
kxluasoyec,Accord,30685,Silver
fr6llyzt74,CR-V Hybrid,35864,Beige
js9suzlil6,Accord Hybrid,29670,Blue
1dkfy2rr90,Odyssey,35137,Brown
d7c0g7656f,HR-V,24396,Brown
vxkgmz9v01,Prologue,55477,Brown
0qpquvvyxl,Passport,46279,Silver
kc7jty0qks,Passport,48254,Black
bkjrnjkvkn,Accord,22299,Red
o30023vld6,Civic Hybrid,26722,Blue
9v9kgxwrgd,Accord Hybrid,34011,Red
tjk3rrcfve,Civic Hybrid,30874,White
fpx55na93t,Passport,42634,Beige
exk5r5sy42,Civic Hybrid,27747,Blue
j2spnrkvoj,CR-V Hybrid,40525,Red
793hk7kspt,HR-V,24741,White
r80ddx19f8,HR-V,31374,Blue
qal8tn594j,Accord Hybrid,33939,Blue
npcoqu7zrz,CR-V Hybrid,39561,Brown
49r2k5wwjt,HR-V,30697,White
r65atairw6,Accord Hybrid,32824,Silver
j803s91ykg,Pilot,46118,Beige
ctt1nfzjvf,Odyssey,43892,Blue
0nz5955zue,Civic,18043,Black
5cwx2p8728,CR-V Hybrid,33374,Green
lhl3b5yz77,Accord Hybrid,29815,Gray
h1i2xc9vmy,HR-V,24274,Brown
rt7ul1arps,CR-V,33415,Yellow
m2zfytbi4i,Passport,47693,Brown
z4lhmbnq8o,CR-V Hybrid,41737,Beige
hb9eg4pnt4,Accord,25549,Blue
z7i9wb6z6p,HR-V,31545,White
fentkxx6ot,Odyssey,47110,White
h07qa7y6k4,Accord,24239,Yellow
3rm2rmc8gx,HR-V,31973,Silver
o8m4jbpkqu,CR-V,30683,Red
aoz6d7dluh,Accord Hybrid,30082,Blue
kwg04ay1gw,Accord,34989,Beige
v2gu0n2vv0,Prologue,56104,Yellow
518kxp87nm,Civic,22957,Black
2qz7ob2co4,HR-V,25769,Yellow
rijnttu067,Passport,45196,Gray
snis6bzm3y,Civic,17773,Yellow
nn2w79p79s,Passport,47187,Blue
99k39d355i,Pilot,41242,Silver
9mjq7pb2cr,CR-V Hybrid,34835,White
qlpjcvj61y,CR-V,32397,Yellow
roi4oajtln,Passport,43365,Red
evvw2vehbu,Prologue,54695,Red
ukhdtjy0eh,Civic Hybrid,31757,Yellow
gzzlygnd7o,CR-V,39242,Gray
snlxjmtdyc,Accord Hybrid,29107,Gray
g7p4dcir6p,Passport,43956,Yellow
cr2o5d8imi,Accord,27025,White
lubwfh226p,Ridgeline,41098,Gray
pr5fwqbdtd,Accord Hybrid,35409,Beige
oxc1yo9mqt,Civic Hybrid,28401,Silver
lju7s893hi,Passport,44470,Green
mpd4gerkqg,Civic,16357,Beige
xhunq9u0vq,Ridgeline,47166,Silver
r6jck6h9z0,Passport,42312,Red
7emi5c6pda,Civic Hybrid,27794,Black
v72ssodr8q,Odyssey,43836,White
buge3d6w9i,Accord Hybrid,29909,Yellow
bsfyr2o33j,Odyssey,43302,Black
znzmbjiyv8,Accord,23381,Beige
bhkp9lhzxa,Odyssey,38013,Blue
tywmxe0imi,Passport,49719,Brown
xtb4kd2im1,Odyssey,41593,Green
e2z70205l2,Prologue,52625,Black
u6zxa9iyx3,HR-V,24821,Black
yzdf4uonks,CR-V,33877,White
zhw6f0mao5,Ridgeline,41882,Yellow
jwwsoxyxsq,Accord,27905,Green
vn3pj50p4a,Accord Hybrid,35345,Blue
5iiaolhfmt,Accord,23819,Yellow
5veuue5c02,Civic Hybrid,27197,Black
iqsr6szmxm,Accord Hybrid,28073,Yellow
xgf0blsj46,Ridgeline,47906,Gray
n8mzwijasn,HR-V,28592,Brown
5yrxx4elvx,Accord,30616,Black
gnwnbhu9oz,Accord Hybrid,32457,Yellow
g3pgk5uo7b,HR-V,28436,White
wdgaxq2ety,Civic,17695,Gray
kt3f9u5is3,Accord Hybrid,37815,Yellow
80afhvbqkd,Ridgeline,40574,Green
ph415lvj94,Civic Hybrid,25277,Yellow
787rucf56p,Passport,48530,Silver
ree8meg3ui,Prologue,49301,Silver
2qe81hp8v6,Accord,23958,Blue
wkxrr8aiei,Civic,21305,Gray
s5c5f17vhq,CR-V,33618,Green
ubyndvjiib,Prologue,56632,Gray
huhhohldbx,Pilot,48096,Silver
xg71b4yb22,CR-V,39745,Red
steekn3e20,HR-V,27958,Brown
beqaqeom16,Ridgeline,39612,Blue
euq5wq6ibs,Prologue,50642,Black
3o4717hh0y,HR-V,30478,Brown
eqwq3hv1kb,CR-V Hybrid,39257,Beige
mvrseu8ft3,Prologue,54344,Red
bevl8eprrc,Odyssey,45319,Beige
giknml0iw3,CR-V Hybrid,41641,Yellow
n117uhy6yj,HR-V,24971,Green
typit9uhix,Civic,21124,Blue
9o4lyjpfmq,CR-V,38371,White
w0lonnqn3s,Civic,27829,Blue
alwvmtqtsh,Odyssey,37744,Beige
if4hwqdtek,Civic Hybrid,29622,Blue
kvo885e4yx,Accord,34172,Gray
50thz5pyl5,Ridgeline,42097,Red
fmwl6mnqqt,Odyssey,43988,White
6nejnzf6x5,Pilot,40531,Yellow
t0v2ny7sk3,CR-V Hybrid,39128,Green
suvyhk2yve,Passport,43835,Red
bzj2ko3iil,Ridgeline,42597,Gray
4259iqbnhc,CR-V,37321,White
g2rny3728d,Ridgeline,43976,Red
nzfqzrbtoc,Ridgeline,39739,White
m3zzxyyb0n,Accord Hybrid,35434,Black
i1ty4xqi1d,Ridgeline,41996,Yellow
ss2jwg6x0b,HR-V,28750,Blue
wtacdb62m6,CR-V Hybrid,38462,Green
8ht1dfcy8y,CR-V Hybrid,37952,Green
5gpsvjw4no,Prologue,57586,Beige
cn60urqtql,Accord Hybrid,32979,Beige
4te393701z,HR-V,28776,Red
xixaxstbog,Civic Hybrid,30217,Gray
sq03en6xxc,Accord Hybrid,34370,Brown
dup7z9gvbz,Odyssey,38969,Black
rxe0g2btz7,CR-V,37525,Gray
pmkt5sae2i,Accord Hybrid,29923,Yellow
f0f1cs7oei,Odyssey,47182,Gray
jm721q22hq,Passport,40489,Red
w4skjr3v31,Civic Hybrid,28253,Beige
1eunk5g3ke,HR-V,30755,Beige
z8h9fhplix,Accord Hybrid,37391,White
9roiya8m69,Civic,27175,Blue
4yguh0f3qt,Pilot,45381,Blue
wcyprhipl1,Prologue,49679,Red
0flcfzawhq,Prologue,53342,Brown
6rdz8u3r0t,Accord Hybrid,31860,Beige
p8ru3xcvny,Accord Hybrid,33162,Black
jzppo8k67i,Passport,47493,Brown
ox4lobkbh9,CR-V,30698,Green
zdvoq3p21u,Civic Hybrid,26861,Silver
9umgtnrxc7,CR-V Hybrid,37349,Green
47showw323,Pilot,40634,Yellow
pjf3y11bbo,Odyssey,44924,Silver
t3k2po4p21,Accord Hybrid,28712,Black
kmdvqmhkel,CR-V,32363,Red
mh67b5easg,Accord Hybrid,31774,White
n7sihlplaf,CR-V,38686,Gray
b888fa7rp1,Civic,21966,Silver
e3zlf1uoa6,CR-V Hybrid,33562,Blue
9gxqhtzcd2,Accord Hybrid,34324,Brown
h6k5jyg97q,CR-V,32835,Black
d58z5l9o5u,Ridgeline,39702,Beige
8f1naajlyz,Ridgeline,47089,Yellow
u9rqtz70o6,HR-V,25682,Brown
xxayr7eezx,HR-V,31075,Gray
q6gt323fc7,Pilot,42618,Beige
53x30bzvd9,Accord,34044,Silver
hcwuu4quzk,Civic Hybrid,28196,Gray
akww5eynly,Civic Hybrid,26575,Blue
j9kshbzanm,Civic Hybrid,25988,Silver
pjdyh222r5,Odyssey,37629,White
om36ftjemp,Civic Hybrid,30143,Yellow
qj0zd499ev,Ridgeline,47111,Red
928eaner3z,Odyssey,44320,Blue
rjjy3jv893,Odyssey,42098,White
e5jqxs14ki,Accord,33067,Yellow
t6nsv10eix,Prologue,54349,Brown
fy0noro6xi,Accord,25014,Silver
rswgz5io6z,Accord,29822,Gray
2xruuv52f6,Ridgeline,43606,Yellow
3k1igrfjph,Pilot,38368,Black
3h6miwgn2l,Pilot,44865,Silver
j5ocv2qrbr,Ridgeline,39652,Yellow
12ugr01uyh,Civic Hybrid,25212,White
lclx8kj0cs,CR-V Hybrid,40739,Yellow
v51ewvqpm3,Passport,46604,Gray
8mgaxo12d2,Civic Hybrid,26573,Yellow
7z994y0nac,Prologue,57898,Green
ols93aqf4y,CR-V Hybrid,36820,White
m30h5ng8lo,Passport,42272,Silver
6sxx3aui2t,Accord Hybrid,31953,Silver
lq2uebbucm,Ridgeline,43871,Red
7hqpf05rqm,Passport,45905,Silver
4rpuegzb3n,CR-V Hybrid,39992,Blue
9vxpy6aa9d,Ridgeline,42808,Gray
qw855tevy1,Odyssey,45392,Red
umzyfyegbx,CR-V,30285,Silver
9sesbcsugg,CR-V,33493,Blue
9pc5rau8eg,CR-V,29317,Green
ft1ncs6akp,Passport,40281,Brown
j7k591xfjx,Civic,26451,White
9zj5rp6inz,Accord Hybrid,29038,Brown
8ydpzv71tm,CR-V,30007,Beige
wkj7h4ftnf,Passport,47865,Yellow
7n7ddrtto4,Civic,24005,Brown
dy23cklywf,Accord,25968,White
hx0gjt3icn,CR-V Hybrid,34502,White
jg3j8bqyu0,Accord,34241,Silver
okdmrgwvar,Prologue,50490,White
nu1ia7x5zk,Civic Hybrid,30610,Green
m6kukkkslk,Pilot,40898,Yellow
byvy6jdou3,CR-V,31754,Yellow
o9n0b38kg2,Passport,41351,Red
embqtnemrq,Civic Hybrid,29648,White
0qgsu6qptp,Accord Hybrid,29940,Brown
e38vj9rrhn,CR-V Hybrid,36936,Yellow
9lot83am6s,Accord,29915,Brown
q5dtk36v84,Passport,45637,Brown
ztt8o6cowf,Odyssey,46768,Brown
2vje2a03pv,HR-V,29968,Gray
82bblv5z98,CR-V Hybrid,37635,Yellow
w3k8jynvyk,Accord Hybrid,28719,Silver
f1jf43sw1u,CR-V Hybrid,38225,Beige
wj6pff4wue,Ridgeline,40729,Red
vlpi0f9w0r,Ridgeline,47800,Brown
3j9ianxp7g,Odyssey,46399,Green
dwcaojklex,Civic,18559,Black
6w3971f03i,Passport,44079,Blue
6thgopzokk,Civic Hybrid,25449,Silver
opeoyd8fpc,HR-V,25835,Red
qywy58wnzq,Accord Hybrid,33445,Silver
oray2eexwu,Civic,19739,Brown
tln136ezze,Prologue,56244,Silver
h7h44bo9e4,Ridgeline,40454,White
e93w6o05pj,Accord Hybrid,33229,Gray
3efyxeesvt,CR-V Hybrid,41221,Green
gnjeico4tg,CR-V,36038,Green
m4j0jgu7iz,Odyssey,41610,Beige
riysaxfu6y,CR-V Hybrid,38877,White
wvk7rbnaj9,Odyssey,35355,Beige
w8gsnkhagv,HR-V,29221,Gray
9pvtycewjd,CR-V,29150,Silver
qsbm24sxvh,Civic,26369,Blue
f54t2dvu8g,Pilot,39736,Green
n0qw0ip5iq,Civic Hybrid,26670,Green
imt0x3mcrz,Accord,28322,Blue
gxir6pj483,Ridgeline,43573,Beige
zrqwy2igby,Pilot,43032,Red
4qmy10ggd0,Odyssey,36043,Blue
8lrfy58wa9,CR-V,34728,Brown
huolk0xlii,Ridgeline,43838,White
5d64e231ln,Pilot,43412,Red
e6sc8ptdxy,Civic Hybrid,29325,Silver
o921251dcm,Pilot,51820,Silver
jkemg4ks8i,Accord,33056,Blue
f1e4dbnuzy,CR-V,37596,White
e5e6zxcmic,HR-V,24769,Blue
l1vfaaejyr,Civic Hybrid,30093,Brown
qt3um2g2dv,Civic,22750,Red
c6uab9njgx,CR-V,34044,Brown
pn39tqna18,Odyssey,47022,Blue
bqd7pngn3g,Pilot,44892,Black
n9iavttcqx,Civic Hybrid,28065,Silver
jcncosgezi,Accord,34207,Blue
qj6idb3zt9,Accord Hybrid,32478,Beige
81avqcu1vu,CR-V Hybrid,39051,White
szo8rbu4wa,Accord,29279,Red
xmzlngcbub,Prologue,48100,Blue
y8e5vbw3mr,HR-V,30261,Beige
snsrul5423,Accord,33753,Black
xv2vrgojzr,Pilot,44075,Red
mwp4emwyix,Accord Hybrid,32484,Black
a0ts6aklzu,Prologue,53519,Brown
jd7ps30p8t,HR-V,25483,White
bc6qzfpzkz,CR-V,29498,Blue
fvb4q2tdfo,Pilot,39540,Green
pidogd3ct4,Ridgeline,40530,Green
tbby4u4wjv,Accord,22813,Beige
mn47e3vmun,Pilot,50471,Blue
6h2u0jjjtu,Prologue,49972,Black
l4k7zbpiyb,Odyssey,45802,Black
0x6xejeftv,Civic,15432,Beige
7rqsdxoehk,Ridgeline,41513,Gray
j2odclx1ht,Civic Hybrid,26630,Gray
skzrl647st,Accord,24909,Red
0dirxero31,Civic,26092,Green
h0oyr3rush,CR-V,30038,Black
zyeu1zfyui,Civic,19897,Gray
vt96qxsqjy,Passport,42500,Gray
reuc5l1t5d,Accord,23946,Gray
9ndr6aw0iz,Prologue,54471,Silver
yt5k7zp3jl,CR-V Hybrid,34929,Silver
3oy2k75ukp,Civic,26049,Silver
3a6yckky6a,Odyssey,44994,Blue
065gpnd9xd,Pilot,44831,Yellow
lq97xzcwzk,Civic Hybrid,25184,Yellow
skhyqk7xhc,Odyssey,37290,Silver
3fqwmpcm6y,CR-V,32908,Yellow
rccla07mv9,CR-V Hybrid,32947,Beige
obyniw8o3h,Civic,26886,Green
zxe38xr3kf,Civic,18608,Brown
2k95mzfzi7,CR-V,28599,Blue
goj4tttfku,Accord,24323,Gray
2ffhw3j5ih,Prologue,48861,White
50r9p8s561,Accord,29564,Brown
shodsjqsia,HR-V,24771,Yellow
toqjzkpd44,HR-V,25226,Gray
mxhr36q2qa,Pilot,50959,Beige
fm3cv0ko22,Ridgeline,45719,Blue
rlp77s1nz9,Civic Hybrid,28698,Gray
j03jy5ideh,CR-V Hybrid,34640,Beige
9t5ab0see3,Civic Hybrid,29347,Black
xahemrrsdh,Accord,31217,Green
bxupe74rjb,Pilot,38429,Brown
kmktgitye3,Accord,26839,Beige
dqh35lgra1,Accord Hybrid,31307,Red
gor42i3lfg,Civic,17485,Silver
a3mrkpy5n0,Passport,46161,Green
x5opzjsxjz,CR-V Hybrid,35153,Silver
whcgm8xm4u,Ridgeline,41427,Green
ao2unjmipx,Passport,47319,Gray
2km0knrhqz,Civic,20760,Red
2jw6tc5mh6,Ridgeline,44210,Red
eb61kugmcy,HR-V,30287,White
3vwkpl3u54,HR-V,24224,Brown
41lfiug9oj,Ridgeline,41779,Black
qcxzv2831f,Ridgeline,45589,Brown
3b3c51thmv,CR-V,28028,Yellow
zxlauxyrxo,Accord,28195,Green
mhuso19mwi,Ridgeline,46751,Beige
of5cjyrlko,Accord Hybrid,31229,Beige
wuo70qnnhg,Pilot,48294,Beige
q766klaudg,CR-V Hybrid,40323,Gray
6l21txi3l8,HR-V,27601,Gray
49nf0azfpz,CR-V Hybrid,40191,Beige
gu9y1tdp9s,Odyssey,42026,White
7h3kdjsqbm,Odyssey,38791,Red
p62xyuejha,Odyssey,47899,Black
3uxs2qlc7u,Passport,45017,Red
rbqjgfuayz,HR-V,28443,Red
2txdvalmx3,Pilot,46164,Blue
7masexeina,Odyssey,39196,Brown
ht5ou76me4,CR-V,34987,Silver
zk8jfav9a1,CR-V Hybrid,33116,Green
t67t1e99op,CR-V Hybrid,40477,Red
kcv48e0jdr,Prologue,49079,Yellow
cqribnxa08,Prologue,57766,Black
i3f20oent9,CR-V Hybrid,38149,Gray
zfqha00u8b,Accord Hybrid,35406,White
jkxtvpd5bc,Ridgeline,40286,Blue
t1f49g82xv,Accord Hybrid,32548,Yellow
etlx3y864d,HR-V,28256,Red
m8ob9kfw64,Accord,24664,Silver
iwbureokq8,Prologue,57914,Yellow
eunign3kyc,Pilot,43718,Black
wf4axq78ss,HR-V,29314,Black
2uivygnikt,Accord,34647,Green
da8zvjjnjb,Ridgeline,46322,Silver
4lcqmi594b,Civic Hybrid,26414,Beige
sxdrxqb6sa,Pilot,46721,Beige
9mczr07pbv,HR-V,25581,Green
qulqj5t6n0,Ridgeline,47835,Black
ay2iiz9b4c,Ridgeline,43850,White
039csvkj9i,Odyssey,35411,Silver
w5v4x7z7xh,Accord,23726,Black
huv175c528,Civic Hybrid,26648,Red
il21bxqgzt,CR-V Hybrid,41056,Red
qrr1sjcg1v,Accord,23523,Brown
acxu9mknvq,Accord Hybrid,36779,Beige
y1iyj5f9qd,Passport,47412,Beige
ad29xeezit,Odyssey,35182,Yellow
w54x3dkbt0,Pilot,42072,Red
69fk9d3krf,CR-V Hybrid,39997,Silver
bokr9jwmbj,Accord Hybrid,35452,Black
vv1m30jbog,Pilot,41411,Brown
wnw3nii0va,CR-V,31229,Red
fqkbfiehko,Accord Hybrid,36691,Green
rflk2a9sog,Prologue,57293,Yellow
3sbhtnxnik,HR-V,29593,Silver
5x4zn9ir50,Ridgeline,43906,White
yv0tz87v6t,Civic,20987,Green
paay2cumnl,Odyssey,46357,Black
hzhas1i75j,Odyssey,43541,Yellow
hlxgw4pouj,Pilot,51425,Red
0cleg8f6mh,Accord Hybrid,37637,White
ewzs1trql5,Passport,46740,Black
f1vtdbuj5i,Passport,49549,Yellow
xe0ec5bhz1,CR-V,37740,Yellow
cem509i8rc,Accord Hybrid,30652,Yellow
8ugmywutya,Pilot,39351,Gray
9j0n5y3hyn,HR-V,27119,Beige
kf0cma3aul,HR-V,24774,Black
4nvtsa98jb,Prologue,57828,Red
dgxwjq4510,Odyssey,45646,Green
7be6xgpwbz,Accord Hybrid,31924,Red
r1qmin4rf6,Pilot,49823,White
um9m7bpxck,Civic,27891,Blue
et53obx6ri,CR-V,36688,Yellow
0grpt8z5f5,HR-V,26090,Silver
vq4khdh154,CR-V Hybrid,37768,White
shtjuhscrk,Civic Hybrid,30709,Beige
phtadlqa69,Accord Hybrid,29789,Brown
zaf42ogokt,Prologue,53756,Red
b98m8ra5ob,HR-V,31488,Black
3u0en2wmj9,Accord,34742,Red
bkzarctjiz,Passport,40977,Blue
5b9qhijhsk,Prologue,49262,Yellow
appq1rlseb,Prologue,51291,Silver
b3c5vu4lfu,Passport,41549,Yellow
8ymilnoxpe,Accord,27097,Silver
4nvwiu7gsf,Ridgeline,39019,Yellow
5zdfuqsf3w,CR-V Hybrid,36386,Brown
i9j7l1lu27,Pilot,47405,Yellow
odfmiq0317,HR-V,31958,Green
zpa4ubfumt,Accord Hybrid,34746,Gray
0d2d4abm7c,Ridgeline,47011,Black
ur1egomwyz,Odyssey,47932,Yellow
idd2jm5tca,Ridgeline,38867,Gray
guib8cmbii,Civic Hybrid,29417,Red
36bt9sgdup,CR-V,36662,Gray
qvhphjfp6e,Accord Hybrid,32363,White
njrtvw0y1p,CR-V,36907,Blue
zgj91lyw2c,Odyssey,39718,Green
jr016q87qr,CR-V Hybrid,36889,Yellow
479eg57yyx,Civic,27827,Blue
j4qdhs8mss,Odyssey,43596,Red
y2bo0f41zb,Prologue,55419,Black
8xhq8muge7,Passport,43649,White
09w7ed2dy0,Civic,20374,Green
u7ipbyngaa,Civic,15173,White
md8k4b7729,Odyssey,46700,Brown
n8vx3nr1rg,CR-V Hybrid,37965,Brown
knn9eknbq0,CR-V,39311,Gray
10ddg7j09k,Ridgeline,39881,Brown
xcou6pqz5w,Pilot,46856,Brown
wy98xo3qtg,Pilot,42235,Red
rj8z0g8yt0,Passport,45404,Blue
o6qoqzo2hu,Civic,23273,Blue
rme9w6atl7,Civic,26104,Green
jq69u7oxvt,Odyssey,43368,Red
68m0jk9k68,Civic Hybrid,28462,Beige
cx6yz21i5c,Odyssey,46961,Beige
f09pbhquqe,Prologue,51872,Yellow
qdj25p38o6,Odyssey,45081,Beige
5ue25sszc6,CR-V,39334,Blue
mr7yn19dm2,Prologue,51783,White
8765g8u8pd,Prologue,51410,Red
moj8bnjigb,Civic,26434,Blue
834p184v9q,Odyssey,35614,Black
3xs109ostn,Prologue,54271,Black
uys3w1qogf,HR-V,31595,Beige
epuptj3gfj,CR-V Hybrid,41059,Green
2q14vt8ion,Prologue,55369,White
tzj09tyjjp,Accord Hybrid,29297,Black
m2p61hmvsv,Ridgeline,38439,Beige
x766cohmi6,Odyssey,36096,Blue
hoql49fajf,CR-V Hybrid,40463,Beige
ikk2de3uus,Ridgeline,41112,Brown
mhg85ahzyh,Accord,26133,Red
6k5nrp559j,Accord Hybrid,32638,Gray
4cjvlhzndb,Accord Hybrid,33560,Beige
ttueh6n393,Pilot,38684,Silver
ufuwdw4lfr,CR-V Hybrid,35085,White
1kxsvchiuq,CR-V Hybrid,35093,Blue
d83xi9yvhb,Pilot,44882,Beige
tkqg3cdwwq,Odyssey,36590,Black
gyf0kswkr0,Accord,22292,Gray
genjs4ggkh,Odyssey,40894,Red
3egcfrkas3,Civic Hybrid,25919,Black
k1ef91rf0i,Odyssey,48000,White
16125kcr3p,CR-V,34490,Silver
qcbm6gdok2,Accord,30606,Beige
r5vi3tt8k5,Pilot,46474,Red
rhxoy0xqwl,CR-V Hybrid,35589,White
q8o3r3dcau,Prologue,56475,Red
jlcy8563us,Accord Hybrid,36155,Green
9datqjg98s,HR-V,24920,Brown
niuqy5dbvi,Passport,48270,White
e6d8yf6cfj,Accord,32737,Brown
d6m8o24p5s,HR-V,25944,Blue
693f5o2uzo,Accord Hybrid,29152,Silver
ckr5hd2uo3,Civic Hybrid,27608,Beige
vlwu77r4jm,Pilot,46069,Black
ebl4xqg1lz,Accord Hybrid,35880,Green
cm30p6n2so,HR-V,24614,White
fscqtpzwd3,Ridgeline,40292,Yellow
w1uggqkihn,Accord Hybrid,37350,Red
2re24ac7qt,Civic,25971,Yellow
yds88q63tm,Civic,23336,White
7qkal42sac,CR-V,34132,Blue
bvh6s148w7,Ridgeline,47499,White
1hd4i1wyu8,Prologue,57449,Blue
ciymnuz4v5,Prologue,57846,Black
ct1yf25a4i,HR-V,30788,Gray
dthe8wt99i,CR-V,33745,Brown
bcw9it77sm,Accord Hybrid,37508,Black
44brderow8,Passport,45897,Green
tdh2vlfiam,CR-V Hybrid,40326,Blue
43tj5s0krm,Odyssey,47127,Silver
zxrxmdo19l,Accord,24325,Silver
w59buh2ldn,Accord,31364,Silver
mdeiyvrefq,Ridgeline,43803,Blue
fhofy5peiq,Passport,45974,Beige
elo9a6sbwz,Civic,23495,Brown
8zss9cmgl3,HR-V,24047,Black
as1wwktkhm,Ridgeline,39973,Silver
q703wz4fsj,Accord,27008,Yellow
9xjsyjyy63,Accord Hybrid,29787,Gray
lp57bais13,Accord Hybrid,28067,White
lzfkud2rtw,Prologue,57723,Gray
xrc9repzbg,Accord,32255,Green
u501oeskqg,Accord Hybrid,36131,Beige
o7dhlofwi5,Prologue,52300,Beige
cg68zwqy8k,Odyssey,44245,Blue
tcqrmpr7yn,Accord Hybrid,28879,Blue
qbeoflxmy3,HR-V,28881,Red
1y4dlnnpac,Accord,24535,Red
vj84v9h7yx,Passport,47364,Red
3htf1b7nrp,Accord Hybrid,36192,Green
a20rp1o6my,Passport,46214,Yellow
hw9oinpanp,Accord Hybrid,34489,Brown
r03k5xdo13,Accord,24774,Beige
7yj94mykaf,CR-V Hybrid,41257,Green
d7qrp96v8q,Prologue,52376,Red
5tikixu9ua,CR-V Hybrid,38355,Green
c5li5qqyuz,Odyssey,47473,Blue
rx0tsuf79o,CR-V,31065,Black
ipmyb21hj0,Pilot,50183,Black
svhfv9gkzx,HR-V,30209,Yellow
v63dt5ab61,Odyssey,36161,White
o65z5qhyre,Civic Hybrid,27056,Red
84naly1n7i,Ridgeline,47082,Blue
u3es3yj87l,Accord,28397,Red
0vx0wok9w0,Civic,26234,Blue
uvsdftfz36,Passport,44373,Brown
gvfbj471yb,Accord,28553,White
2dcf1k6y47,HR-V,28788,Blue
jur6fxojdx,Civic Hybrid,27277,Green
r1xwpy2ien,Civic,19584,Black
j6f9ryo88l,Accord Hybrid,35122,Blue
f5m4s66659,Prologue,57722,Black
7ezn9d0uvl,Odyssey,47165,Yellow
msudgea2ld,HR-V,24284,Blue
grxqty95qq,CR-V,36836,Green
dk90mzymbv,HR-V,24024,Red
vydwibprlo,Accord Hybrid,29375,White
vme3aj839d,Pilot,40076,Gray
lgzobbnbcu,Pilot,48661,Black
c93cxjcgwp,Ridgeline,40148,Green
6hyhch35se,Passport,40065,Beige
tznmfmpgn2,Accord,23241,Yellow
jk0ygyyrl3,CR-V,39020,Brown
cvzn719f3d,Accord Hybrid,33284,White
h2gaaj5rjj,Civic Hybrid,26354,Brown
0cqquam4gq,Passport,45955,Gray
bwin2d853v,CR-V,33338,Blue
7qjc48bnns,Civic,16891,Silver
f3zqa6sd26,Civic Hybrid,28732,Black
8izi1cvzyv,Civic,21442,Blue
hyq61oudhk,Accord,25027,Blue
52trndl53a,HR-V,25280,Blue
vxubnjt2ua,Ridgeline,44896,White
4v7ecbi6e8,HR-V,25693,Brown
bdmksb7w0o,Prologue,56343,Brown
a5y5zyjwkt,Civic,23924,Blue
wrvc14r4d5,Ridgeline,46267,Black
9seoqsc5ff,Accord,28687,Black
klkt8y64qz,Civic Hybrid,30050,Beige
eugyoey0uk,Pilot,50726,Blue
4nsvcvd24w,CR-V Hybrid,37380,Green
5ci6qjimme,Passport,47848,Black
6w4fhemtel,Pilot,42880,Brown
tf2h70v64q,Odyssey,47002,Black
vvf03llamp,Odyssey,47237,Blue
aoerk2rqk9,Ridgeline,44137,Gray
kkwiu902tu,Accord,26068,Blue
cfb6r4wzx1,HR-V,24955,Gray
2hmfkj7j75,Civic,27066,Beige
hhetfb9ljf,Ridgeline,41943,Green
5loliw9691,Prologue,51832,Black
e4syw780k0,Civic,22854,Beige
9anhyp3zcz,Prologue,56480,Black
hv8mnm28gy,Passport,43104,Brown
rukr888h1r,Odyssey,39143,Brown
f1s8i67ogr,Passport,44573,Beige
ey7q6fohrj,Prologue,50160,White
nql6hphp9p,Civic,19755,Silver
c2obycr4iu,CR-V Hybrid,37443,Silver
xzoyqgnmso,Pilot,49407,Brown
f3knh0pj25,HR-V,29043,Gray
qlau33fuge,CR-V,34143,Blue
3vuyg1cjan,Pilot,42253,Green
bp6zangmx7,Odyssey,40798,Beige
9wo1guxw17,CR-V Hybrid,38070,Yellow
r241aeetan,Prologue,49660,Brown
to6ppldd22,Ridgeline,41515,Gray
qw9xj9m93q,Passport,40571,Blue
spbkpdmqf4,CR-V,30213,Red
mmo3i0qtce,Passport,43875,Yellow
eat4v0ds5o,Accord Hybrid,32743,Green
rmtzimgbwp,Prologue,55899,Green
ns8edav1kc,Civic Hybrid,26998,Beige
rhhvrl5kuv,Accord,31412,Red
spoups83qx,Odyssey,43225,Gray
3kwuscrqql,HR-V,26601,Black
g2qu49rkox,Pilot,40551,Beige
y7vndgtap0,HR-V,28733,Yellow
u23xl0bq5s,CR-V Hybrid,33130,White
x5iag1mwpv,Prologue,48492,Brown
lh6zeeilc5,Civic,21349,Red
9aprj3vz2t,Odyssey,41571,Blue
71drj7ap5i,Accord Hybrid,30611,Red
r09egk9xh1,Passport,42901,Blue
q0nxogjx46,Accord Hybrid,37042,White
epk26bzfse,HR-V,26974,Yellow
k2q08oheyb,Prologue,50153,Black
a1vea1wnj6,Odyssey,35810,White
z2ip3d4q44,CR-V Hybrid,40751,Black
jmon8zh4nr,Civic,19303,Gray
tqkfema1f4,Accord,29703,Blue
i79vfh6c9w,HR-V,24754,Red
hofr45no52,Civic Hybrid,31289,Yellow
dzhxzguo8h,Passport,44611,Yellow
sgns5inyaq,Passport,44209,Blue
6wsptr8uyj,CR-V,36086,Beige
5e94dremz6,CR-V Hybrid,37356,White
iyddxc4387,Odyssey,35686,Yellow
pu98s2obtf,Passport,42966,Silver
7n9crj2xoe,Civic,21133,Yellow
906ziqz3y4,HR-V,27174,Blue
f5du21tet9,CR-V Hybrid,41700,Silver
juhqh1u1mu,Ridgeline,39899,White
tkeh0qcnbc,CR-V,30873,Blue
izfwiqbtpo,Civic,20300,Yellow
br5blkvd3x,Pilot,40516,Gray
yigmiz7tif,Prologue,50284,Yellow
zm5gvfgjcs,Pilot,45198,Yellow
z1b53ifdir,Ridgeline,42933,Beige
wc4nab8vc3,Prologue,55172,Gray
8zvy7hedel,Accord,23760,Brown
xytv0unv8m,HR-V,29725,Yellow
doulec1qa4,Accord Hybrid,32545,White
zsou9u2cdz,Pilot,49606,Silver
fsonbqh1uc,Accord Hybrid,29082,Red
jnjbik2huk,Accord,33124,Black
k6sdh5et8i,HR-V,26148,Green
bfy2xn6zam,CR-V Hybrid,38330,Brown
qk39d060c1,Accord,28916,White
fwjcli6335,Prologue,49214,Yellow
1iuk1f3wr1,HR-V,26320,Yellow
3o2uqxtodp,Pilot,47015,Silver
lg4bw3u551,Accord Hybrid,30449,Red
pxvr76lfyn,Pilot,45259,Yellow
8us75circi,Civic,16677,Black
hrwwbcmg9o,Civic Hybrid,26861,Black
8aeo4jvx2b,Pilot,46096,Green
vgim0hm56v,Odyssey,35386,Blue
ks5tjoqniq,Odyssey,45257,Yellow
72dj029cy1,Pilot,45829,Blue
ifoaul1cga,Ridgeline,39283,Blue
9crksmnpqh,Ridgeline,41002,Green
qhyjrax190,Accord Hybrid,30644,Beige
s8n78lnklv,Odyssey,41999,White
dfdnhybhy1,CR-V Hybrid,35003,Beige
izxokkmnxp,Prologue,52332,Black
i50us9dgd8,Accord Hybrid,37150,Brown
vazg4iqqbg,Accord Hybrid,34758,Silver
txuwd6ajbv,Civic,23674,Brown
eq098qmgsb,CR-V,34145,White
8wi9s976r3,Civic Hybrid,29270,Red
ril888ghzp,CR-V,30764,Green
nrwhrzpjgp,Accord,32431,Black
wf90alnbi8,CR-V,31113,Red
927s4ffvhq,Pilot,46671,Silver
g3phpsw6is,Odyssey,43491,Beige
shn5irapt9,Accord Hybrid,30328,Beige
17rfx73tzd,HR-V,27020,Gray
uydv6igkru,Odyssey,42300,Gray
l682q7nwll,Accord,34277,White
xl5egqg729,Prologue,55568,White
10aeyud8ng,Civic Hybrid,26462,Silver
gr02ntbiwa,Prologue,48117,Beige
s9r8at7i4i,Pilot,43511,Green
lnugq4o8le,Prologue,50285,Green
9v6cugsr2p,Accord,31412,White
zzv7nguz2v,Accord,23154,Yellow
uzs2sm7sfl,Accord Hybrid,36843,Blue
4d4rmvzife,HR-V,30056,Red
h4gwfhj68h,Accord Hybrid,31760,Yellow
uvfsz1pal5,Accord,23037,Black
2c9aetz4vv,Civic,18862,Black
wfwinfokfx,Accord,27427,Gray
ry2lpfj189,CR-V Hybrid,38630,Black
5wygymt8jd,Odyssey,36171,Brown
lp24de1evt,Accord Hybrid,32134,Black
gx6asghx2a,Accord Hybrid,30896,Blue
80g3s6hpnu,Civic,23026,Brown
gp0k26o0uz,Pilot,50187,Black
t352ndrsm3,Accord,28119,Brown
y942gunpu9,Civic Hybrid,27870,Beige
9oa5k3gqhq,CR-V,29291,Blue
imne2mvmr1,Civic Hybrid,26179,Red
snb0j1y3f6,CR-V Hybrid,33477,Beige
ft30fwnmdv,Accord,22479,Silver
rf8iaghbcp,Civic,20768,Blue
hgmnnx5jw5,Accord,31864,Blue
u3btbayr4n,CR-V Hybrid,37784,Brown
fys9l2po1s,HR-V,26184,Yellow
4d0dg5vrm3,Prologue,49418,Red
xoxnqqsstu,Accord Hybrid,34869,Silver
zw5v33gggu,Pilot,38707,Black
s95j5gffmy,Odyssey,37429,Beige
bq3dwuxeo8,CR-V Hybrid,33180,Black
y8v9jb5m13,Prologue,51987,White
85779vbsog,Accord,25476,Beige
b5ciffefmy,Accord,24585,Beige
c3n6zpiiqm,Civic,17872,Blue
vfnx1c4jj6,Odyssey,45682,Brown
0zeuymckdn,Accord Hybrid,28428,Gray
fs9i60un8v,Passport,42493,Yellow
ema0iv05bq,CR-V Hybrid,38894,Yellow
l1uvbp53pv,Civic Hybrid,25873,Beige
snelezsrzo,Civic Hybrid,30490,Black
ktyc73i9ek,CR-V Hybrid,32493,Blue
a29bcqjwau,Passport,43426,Blue
27d1ompdv9,Accord,23577,Blue
z8v5yvxsh0,Passport,45746,Silver
iqh6af0ewj,Passport,40476,Gray
bm2roa7jo2,HR-V,25084,White
5g5490kwq7,Civic Hybrid,26517,Beige
voys6i62rn,HR-V,27311,Beige
19dbhrl0tz,Ridgeline,47095,Blue
vdh9jmk7hz,Accord Hybrid,30639,Beige
yqag5qhm9u,Accord,27477,Gray
zep1a2phz5,Pilot,38309,Silver
6zkyz2bima,Pilot,38783,Silver
h8jpd7o3qc,Accord Hybrid,31402,Red
34z3mcwn9g,Passport,47746,Yellow
2qhkxmohnt,Passport,41266,White
b7qra8i43z,Ridgeline,46714,Black
2w8gd9fgr9,Civic,21816,Black
mfjv8h1mkb,Prologue,53390,White
j638wg0xs4,Ridgeline,46798,Yellow
mg4oti4bkv,CR-V Hybrid,33837,Brown
q7nr5nzgw8,Prologue,51883,Brown
bry77todjj,HR-V,29969,White
slfunnjpvj,Passport,49808,Silver
s7f2s4usk6,Civic,15498,Brown
oi3hedg03g,Odyssey,46685,White
xk4057ow7a,Passport,49095,White
mj3gpnnv3w,Passport,41619,Black
lblvgmiz24,Civic Hybrid,27299,Silver
ys9gal4buu,Odyssey,36186,White
q60fmudanc,Ridgeline,46265,Red
yzeb9dfjao,Passport,40337,Brown
2aza4e2qr5,Civic,26916,Black
jze11au7oj,Odyssey,39069,Beige
mcqflmzhvs,Pilot,40419,Silver
vrgyknl0gu,Ridgeline,46280,Brown
7kaltfd8kb,Ridgeline,38169,White
cftygp6trw,Accord,34091,Silver
v1o5d3ltij,Passport,48475,White
jvw4qpcddi,Accord Hybrid,36014,Red
p3jlm6k9jk,Civic,21731,Black
vfbbssvq4u,CR-V Hybrid,35367,Green
a767co7zi3,Civic,21412,Green
joo4pqdxsw,Odyssey,39021,Yellow
9xfbcme45g,Odyssey,36692,Brown
ksbmc6417w,Passport,46833,Blue
1wq0ndokne,Ridgeline,43383,Brown
yibabkfquf,Ridgeline,43712,Red
68kixuzw0f,CR-V,35634,Beige
ewjzbrrnpg,Odyssey,42462,Blue
88fy2eav69,Prologue,48825,Beige
2sajgbaa7r,Accord,29052,Brown
ct9nk2hxb7,Civic Hybrid,31932,Brown
l7dzk89hax,Civic,24636,White
2dh02mf40w,HR-V,27194,Black
z1uxdtcitm,CR-V,30781,Gray
q3yreq749h,Pilot,44290,Black
jd76m7njkk,Civic Hybrid,28379,Green
c41vj1okuc,Prologue,49326,Yellow
aockidlji4,Prologue,50521,White
q5r4zg25n5,CR-V,29589,Blue
f19ekub92k,Civic Hybrid,28016,White
0w0r2xwr5o,CR-V,32066,White
qkoi3axhn8,CR-V Hybrid,37571,Black
cogyd1d8s4,Ridgeline,41910,Beige
py5uu69d7t,HR-V,24440,Silver
h4q6v8euru,Odyssey,39862,Beige
40sam651v0,Prologue,48900,Yellow
z1az1mqpde,HR-V,30946,Yellow
6wwbyec6gg,Passport,43027,Brown
aq7rifui6p,Pilot,39367,Gray
pjuc3je3dx,Civic Hybrid,29707,Yellow
sqa7gn8thx,Ridgeline,39865,Beige
dv77u5wizb,CR-V Hybrid,40058,Yellow
5nl9ypr6u3,Odyssey,45214,Black
9q7i79zq09,Passport,43572,Brown
po7coti5vy,HR-V,30246,Beige
pqwbe6a6fp,CR-V,32369,Green
58ngb2mmrk,Prologue,52642,Yellow
ehlnmwk7xp,CR-V Hybrid,41789,Silver
t36t95ddce,Prologue,51390,Blue
9zrq6omyz2,Passport,42976,Brown
d46ihwawl0,Civic,26086,Red
ws8v9lkae5,Civic,19055,Brown
ubyr8i4qmc,Pilot,43921,White
ti1gxloh4y,Ridgeline,41690,Red
q5p3ljzr3d,Odyssey,43005,Brown
l6apzzfnsr,Pilot,44631,Black
z5kdx4p4nc,Civic Hybrid,29359,Blue
u4wlga7wqe,CR-V Hybrid,39917,Gray
kqhqnhbmym,Civic,23636,Beige
n6676q3wvz,CR-V,35081,Red
rksdn82azb,Civic,16894,Yellow
ly1cofhzsb,Civic Hybrid,28656,Blue
48431535yu,Prologue,54297,Gray
hbgnbpb0d7,CR-V,36577,Red
yjn8m2pm1m,Ridgeline,41155,White
caxbvp9ulw,CR-V,31599,Red
uaokx77mfw,Odyssey,43827,Beige
h9b5cywquz,Pilot,51992,Silver
wmqorhuryk,Accord,34228,Black
fdqxzeichj,Accord,26815,Red
6tmjl153x7,Civic,21909,Yellow
09v0xrkbr1,Civic Hybrid,29678,Yellow
mgsh5idj5t,Ridgeline,39688,Red
9mf4mhr5ck,Prologue,57623,Silver
5jgzcgigib,Passport,42208,Gray
9si6wscfva,Accord,28340,White
xmdtkjg1ev,Accord,22669,Yellow
6w1gsncw1c,Accord Hybrid,34900,White
u4in46gpsd,CR-V,31244,Blue
sjeusm2ukj,Prologue,52117,Gray
ugcm85a10n,Odyssey,39834,White
tp2sqgfi73,Accord Hybrid,33358,Black
yi6a3d7myw,Civic Hybrid,27531,White
6rho1i7s5h,Pilot,45825,Green
8xz7vfri2x,CR-V,31161,Brown
0hjlg5ptxg,Passport,46089,Blue
xmtn4j8llx,Civic,17599,Blue
1gjb6vm42q,Civic,23392,Beige
4wvh0lyhlp,Pilot,45794,Yellow
z4uwm320be,Ridgeline,46732,Silver
j1kkpglueh,Accord,31040,Green
xzmgqra53s,Civic,15810,Green
rwabljfbrr,Odyssey,46529,Gray
sv7ikw7oi1,Pilot,48580,Green
egwqhrhjps,Accord Hybrid,32068,Silver
5ms97p5eam,Civic,15675,Silver
8t6av2xgt2,Ridgeline,45516,Beige
65s9220el6,Odyssey,45779,White
nvw5b3pxf7,Civic,26978,Blue
es5uxzttvg,Prologue,49546,Blue
jrbmla7g6v,Odyssey,36273,Green
kj2rxc2l8u,Passport,48586,Red
43hh5fjj0i,Civic Hybrid,27903,Beige
i96pbgdpsc,Accord,33282,Blue
jy6nt6tay6,Civic Hybrid,25697,Black
b68lu85fl4,Odyssey,42973,Beige
e14a7n7snr,Odyssey,35796,Silver
ka3ylqu9xr,Accord,24734,Blue
psskzvpya0,Accord,27179,Blue
2acirbc5yz,Odyssey,39112,Gray
952zfo1ojg,Ridgeline,38920,Green
4ckbp7mpfz,Odyssey,43436,Black
lfkl1erc3f,Civic,24398,Green
u123qp4ya1,Accord,24321,Yellow
9hh2y18nfo,Passport,46704,Silver
k4scmcj4sh,Pilot,39134,Gray
i37rba5q3e,Passport,43498,Brown
esln2wx9a7,Prologue,55338,Blue
7gfc1d9fv3,Civic,27244,Yellow
no9f7pn31i,CR-V Hybrid,32623,Gray
5z94ld2ee6,Prologue,56716,White
ry7lgcrjkr,CR-V,35129,White
ybz1wu2wp6,Ridgeline,42456,Silver
uihrfll1yw,Accord,23692,Blue
m5dm5k61m4,CR-V,32760,White
wztiux7af1,Odyssey,43516,Brown
ce14to0ghp,CR-V,28895,Gray
rezwo2ygwa,Civic,16034,Yellow
glzjdf7zzg,Civic,18387,Brown
3fc9gvo4y4,CR-V,32579,Green
aeyv2p1vek,Odyssey,46450,Gray
qitvpar4sk,Prologue,56933,Beige
o8tnaxcazn,Accord,27243,Black
61gfzi57c4,Accord,30300,Green
k51gycrj3g,CR-V Hybrid,40576,Blue
625jzrb6qs,HR-V,25886,Gray
48djeq6vta,Accord Hybrid,33508,Beige
ukku3p2ic1,Civic Hybrid,29731,Gray
cx3nky3a7d,Civic Hybrid,25746,Black
4zdhjxzszk,Accord Hybrid,36371,Green
q9atsqdkrb,CR-V,35975,Yellow
7sot23aopf,Accord Hybrid,35993,Black
y56e7vdk61,CR-V,32780,Blue
y8ljb8z7du,Accord Hybrid,37174,White
5w8wp4xp3d,Accord Hybrid,34262,White
sqol86ee7i,Odyssey,35498,White
p2cvvl3ttc,Prologue,53335,Red
3v8atr3rmi,Prologue,57575,Green
3q4qlcqo74,Civic,22920,Silver
nde62gna3z,Accord Hybrid,28659,White
l7ktuyt5dd,Odyssey,42605,Yellow
fibc2fwcyx,CR-V Hybrid,39608,Brown
9vpyifdas1,CR-V,38441,Blue
n17leswq6j,CR-V Hybrid,32636,Blue
22d8yz40hc,Passport,49538,Gray
sp9ro5v1jc,Accord,27838,Yellow
lv99eqqp45,CR-V Hybrid,35665,Brown
l8auema826,Civic Hybrid,25584,White
4essnuzzsg,CR-V Hybrid,36053,Beige
mogrx6hoys,Civic,15418,Green
fwlm1exycd,Ridgeline,39665,Blue
926sjpnpvx,Odyssey,36353,Red
kpcqwf89ko,Civic,27648,Gray
movq5aluj4,Ridgeline,39359,Blue
41f9n5mnte,CR-V Hybrid,38662,Black
t7pqlt0056,Pilot,41504,Blue
tknoa0z2aq,CR-V Hybrid,34144,Gray
a2c8rno6h8,Odyssey,46179,Beige
hlfendodih,CR-V,30758,Silver
cay0cbqdt5,Pilot,44989,Silver
436wzvlrlo,HR-V,31114,White
5bhhiw7f55,Odyssey,42231,White
5e2cr6s2dq,Civic,24334,Black
8kssevxcoj,HR-V,28389,Green
1zdb5vg4ai,Accord Hybrid,31071,Beige
xom7j8v4lb,HR-V,27850,Gray
zte6flagid,Civic,27218,Red
mel0q81uo4,CR-V Hybrid,34294,Black
gmgeo64m4k,Civic,19733,Blue
360w670eio,Accord,23976,Beige
sc3kbb0wui,HR-V,31552,Blue
osag202q8a,Pilot,39684,Gray
zodjsf1scw,Civic,16101,Black
z8ltguqskt,Pilot,43055,Yellow
oyrgzd7i5k,CR-V,29134,Blue
admy5rdt34,HR-V,29637,Blue
e37q4e7yd0,Prologue,57226,Beige
r3xgrdygzw,Civic,27436,Black
hjge738g3o,CR-V Hybrid,40346,White
rf6jznymh2,CR-V,36571,Red
nm9p4pfzmb,CR-V Hybrid,40433,Green
2lutpufie1,Ridgeline,39116,Yellow
41as19qgb0,HR-V,24414,Yellow
u5tjsbb019,CR-V Hybrid,36316,Yellow
yiv3p1lrng,Passport,43107,Brown
tjbesykff8,Prologue,51095,Silver
jkfn2l2wwt,Prologue,54415,Brown
q2aa3gf57z,Civic Hybrid,30367,Black
paoymwtlqv,Civic,24627,Green
j1tm72sm2x,Odyssey,39605,White
j0sxe3xf20,Passport,49349,Black
5j0uzoye1y,HR-V,29928,Yellow
2igrwfmuec,Accord,33348,Blue
lpke9rx4fz,Passport,42067,Beige
klbmf86b04,Pilot,43012,Red
8dul5ozpqf,Prologue,57336,Yellow
tzo2031vty,CR-V,39475,Yellow
57vroe7y92,Odyssey,39251,Blue
palcp7xhv4,Passport,43784,Red
xcq3a1bckf,Accord,24312,Beige
b3zquf2fzq,Prologue,54765,Gray
hcvo23s3l9,Pilot,51923,Black
4ohk387aof,Passport,41779,White
74bebrenar,Accord,30387,Black
u5xf7liyt9,CR-V Hybrid,41872,Red
43uw2d2wu6,Ridgeline,46414,Black
iv3nim01oq,Passport,42816,Brown
nio41hrpzj,Passport,44298,Gray
7c3s0eec2x,CR-V Hybrid,33908,Beige
0158be2v2p,CR-V Hybrid,36301,Beige
zv9r1zc8xo,Accord Hybrid,35151,Red
sm3ozterce,Odyssey,38502,Beige
6rim4csv58,CR-V,36752,Gray
y8ba2lzext,Ridgeline,41374,Black
18dptmn1j3,Accord,29657,Brown
g9ebvdbeqm,CR-V,39267,Green
eabk3hxz5w,Civic Hybrid,26344,Green
r6p1iy54om,CR-V Hybrid,36257,Black
6gi8w80i91,Civic Hybrid,27163,Black
sfzkhvgy0b,Accord Hybrid,36898,Gray
l0058f17ew,Civic,27169,Yellow
mecmq0nvfe,Civic Hybrid,30060,Gray
nuw6h3vjuo,Pilot,39474,Green
2ub7babi7l,Ridgeline,46245,Beige
ty8eg1vdwy,HR-V,28484,Yellow
rlbi03m2w6,Civic,19895,Silver
18ec78uj3v,Accord Hybrid,31431,Beige
8r0u6sycwl,HR-V,25425,Yellow
eu1a8bp33v,Odyssey,40566,Red
5u28vrszli,Accord,31662,Blue
tq3y9p173r,Accord Hybrid,31411,Yellow
7j7t18bo6a,CR-V Hybrid,32291,Blue
ij89w4uuh2,CR-V,37250,Brown
7wslos6umm,CR-V,32258,Black
ob35acpup4,CR-V Hybrid,36067,Yellow
rmvg0mds9j,Accord,31099,Beige
joln4tadd6,CR-V,35992,Silver
gg3q13861b,CR-V Hybrid,34110,Black
sohbwpfa61,Accord,25824,Brown
qi0c220yss,Civic,19024,Green
tiwgxkpzj4,Pilot,44221,Gray
7wjlbq7fs2,Ridgeline,45120,Green
n2pg6iztyt,Ridgeline,44368,Yellow
zds00u3gbw,Civic Hybrid,30698,Brown
lzdfpro6pv,Ridgeline,46862,Gray
9sxapyhytg,HR-V,28456,Red
f4itrkl85d,Accord,26306,Yellow
lyxgh4b61x,Accord Hybrid,36562,Silver
dn5t4trg90,HR-V,29122,White
4ka4grxi8n,CR-V Hybrid,36323,Gray
s4aoyn9000,HR-V,25566,Silver
0bfpca0n8t,Civic Hybrid,29821,Brown
pr6exi32dc,Accord,32576,White
mxi4a6mfla,Accord Hybrid,32240,Black
pqj02d7gjz,Civic,21674,Red
g6thl0lmwe,Pilot,41666,White
itoafeyfbp,Passport,47132,Yellow
aoorjlzlf6,Accord,26350,Black
lrxrsn9cr8,Accord,26092,Green
xyes25y6iw,HR-V,25298,Gray
kty4npsyjm,Ridgeline,39651,Blue
r4ezv1vblu,Accord,33884,Green
sumpy9fu8z,Prologue,56289,Blue
i1h0cpq9h0,Odyssey,37332,Red
xhtozcpzqb,CR-V Hybrid,33433,Brown
j1zi5wegh0,CR-V,31832,Red
l3nos7m3fs,Civic,19468,Green
hepmgn8x1o,CR-V,31813,White
z23p0qgne9,Civic Hybrid,28836,Beige
2r3im48wb1,Odyssey,43662,Black
ehup9kt4ue,Accord,27434,Silver
p6lwe6b23o,HR-V,24127,Blue
ah0ci2v5ri,Accord Hybrid,34936,Blue
3393zq7szk,Pilot,44514,Silver
8xgphl0ywt,Civic,24882,Blue
n4pxzpsznh,Civic,17789,Gray
l1yj6u9gh8,Civic,26006,Brown
zd72bgnmka,Civic Hybrid,31175,Yellow
8mn44whuk8,Accord Hybrid,28057,White
cw584dht2d,CR-V Hybrid,41306,Red
app7qonpzq,Civic Hybrid,31187,Silver
6gpr0nn5m1,CR-V Hybrid,39022,White
2s6hcgip95,Accord Hybrid,35053,Black
p0fy3ao0l6,Odyssey,40802,Red
bzmxx60qwv,Odyssey,36394,Brown
g9c27m00xm,CR-V,38281,Yellow
uc9y7prapr,Civic,24906,Brown
l5bfn6v6ms,Accord Hybrid,36086,White
hk07v7a0j4,Pilot,45950,White
mfxxpty5vl,Civic,17384,Beige
2qb6dvlgd2,Civic Hybrid,31923,Beige
w9ibqw4qg7,Civic,27903,Green
80fkft4gw0,Odyssey,37723,Green
1gdl4sctqm,HR-V,28091,Yellow
sbxfx93xza,Passport,45683,Brown
9ehqrctx0x,Pilot,38770,Silver
naquzmzllc,CR-V Hybrid,37321,Black
37buli0xno,Odyssey,43374,Blue
jm7j97bk7y,Odyssey,44438,Silver
9cd4hg0eiu,CR-V Hybrid,38531,Black
cybv6t7ndn,Ridgeline,46049,Gray
ae1w0053r9,Prologue,51805,Red
g7jikd2qlp,HR-V,26578,Green
y517chaxel,Prologue,48914,Silver
9graq1cgvn,Civic,26377,Gray
536wh74akm,Accord,33683,Black
uxp1pqnr2v,Passport,49505,White
yx36qpwgaj,Civic,23189,White
y3ni0an5hl,Odyssey,37687,Beige
26ni9qpmn6,CR-V Hybrid,41465,Black
vyvscq6mw0,Accord,24521,Green
vhxgr5k522,Civic Hybrid,30997,Red
so7m4xm7vc,Odyssey,43681,Red
3zobvmdvg3,Ridgeline,46446,Green
mcssof7yvd,Pilot,42902,Beige
55lc3vac9p,Ridgeline,43730,White
y7gcpnewax,HR-V,31646,Brown
rqm530vx1m,Ridgeline,47690,Blue
8stkj3sk7z,Ridgeline,40582,Silver
oilalbuh8j,Odyssey,41452,Red
05dhfpehga,Accord,22797,Red
nj7cmpd4yj,Prologue,51541,Blue
wenuma5dlv,Ridgeline,41832,Yellow
rycs2c9vdx,HR-V,28012,Green
li7gunk12i,Accord Hybrid,31690,Black
vj4ax4rakg,Civic,18775,Silver
vuus53afoc,Ridgeline,43570,Gray
8onhh4r035,HR-V,31407,Brown
imu3lbv19k,HR-V,30451,Brown
dzrr4bovgt,CR-V Hybrid,34506,White
7j9k7lh7ne,Odyssey,39948,Beige
bcrv4x7jxl,Ridgeline,42682,Yellow
t3fqa18fy9,Passport,49537,White
njiscmjzc6,Pilot,49632,Green
byvgfhdxh9,Odyssey,41338,Gray
wu3lloq4vs,Passport,49845,Yellow
sc98700847,Accord,27849,Yellow
b188zzym8x,Ridgeline,47845,Yellow
8qvfypiu9p,Odyssey,45414,Black
qoeayn5qh9,Accord,27198,White
yeuqd0ankr,Passport,42848,Green
oriqq37yah,Accord,30973,Silver
fb17hkw2ie,Civic,20472,Silver
x4u2t4dxxt,Odyssey,40657,Silver
s3y4m2obak,Pilot,45532,Red
0iq9nvdjdw,Accord Hybrid,28739,White
8qpvywzfp0,Accord,26605,Yellow
oxvel7f0dp,Pilot,49466,Green
kb7ijrrlk8,Accord,30063,White
uvs1sypgh8,Civic,20882,Red
weaf0kk7ea,HR-V,25416,Brown
1wr23a2pvx,Prologue,53531,Black
zac2smu86e,Accord,29576,Blue
46wj4rt5nv,Passport,44591,Gray
s7ravgdeum,Ridgeline,47886,Brown
58sw0ui4u1,HR-V,31463,Beige
7l5fhh3lri,Ridgeline,46531,Silver
s4f0efmbxy,HR-V,24020,Red
kr4mp81b53,CR-V,33677,Green
ftndc7kl43,Pilot,44627,White
4re39yew2p,Civic Hybrid,28855,Gray
gnykvrmjcv,Prologue,57433,Beige
7h91e6tikn,CR-V,33799,Brown
ej1xya3xib,HR-V,27433,Red
o6qf4akh7v,HR-V,28673,Brown
8qfrprm38p,CR-V Hybrid,32188,Yellow
8qtyklpiqs,Civic Hybrid,27595,Black
wgf68n620o,CR-V,32844,Beige
gmqeg0qiwi,Pilot,51247,Yellow
05hrzmjblh,Civic Hybrid,29218,Silver
ggtpq07dpx,HR-V,27984,Green
n3w251xmum,CR-V Hybrid,40095,White
vi2cd700z7,Odyssey,46902,Green
odxwjsoifo,Civic,22725,Gray
d9nmc6finx,CR-V Hybrid,37625,White
d0xkz9h9r9,Prologue,56084,Silver
un4airfrkv,CR-V Hybrid,34107,Gray
spmyg5ctb9,Civic Hybrid,31890,Gray
qdtwfjpxjc,Civic Hybrid,26523,Brown
kz1m4aemrm,Accord,30548,Red
vguf1wp2l2,Ridgeline,42229,Blue
ftqw4rpesq,Passport,47384,Green
pbl96xaj1a,CR-V Hybrid,34365,Beige
edotyj572q,Ridgeline,39505,Green
4ki8goibej,Pilot,38092,Blue
e86612z52c,Ridgeline,43586,Green
xcrprc1g3j,Pilot,48657,Red
kkk9zbge7g,Passport,44599,Beige
exebpdus41,Passport,45773,Yellow
or09mq2xus,Accord Hybrid,32008,Black
l0ip1vtfdi,CR-V Hybrid,40117,Blue
xicyh7q9is,CR-V Hybrid,34784,Blue
009y9dyv9s,CR-V Hybrid,37039,Blue
vk971f2svv,Passport,44317,Brown
lt1wzayu8x,Odyssey,35892,Red
okk8vbqj1g,Accord Hybrid,36730,Green
8wg3gdksfi,CR-V Hybrid,38385,Green
mbt3zjoo21,Pilot,46687,Beige
1phw8r224d,Odyssey,44199,Black
r1gw1qk5fu,CR-V Hybrid,39360,Black
p0x3mn06kd,CR-V Hybrid,38079,Black
em3pyn5st2,Accord Hybrid,32845,Black
ntjdi53i6a,Accord,26568,Gray
3458blgol8,HR-V,27444,Red
8r1ifwh3nx,Civic,20312,White
gbb2jxw7me,CR-V Hybrid,36822,Red
oqko91r2sv,Odyssey,44200,Yellow
1iddpkiw9d,Passport,42840,Silver
1da922a8gs,Passport,47769,Blue
6z1f4zyohs,Odyssey,40887,Silver
d65l56wqfr,CR-V Hybrid,40266,Gray
fiskgfq4y1,Odyssey,35552,Brown
8v2hbmf46v,Civic Hybrid,31445,Silver
ulgrd288cd,Ridgeline,45710,Yellow
pz00xsye9y,Passport,44243,Green
3j7co9odyd,CR-V Hybrid,39761,White
hhswt8u8vr,Passport,40407,Gray
x41ez6qkdx,HR-V,31360,White
tzhxbsoa0d,Prologue,54612,Silver
8o15qgkrnq,Civic Hybrid,26454,Yellow
cj8vdvrt02,HR-V,28002,Gray
v58z59ykre,Accord Hybrid,35966,Red
ip7f01r7k3,Ridgeline,46842,Green
2x77gsiq3r,Accord,23128,Blue
g73rk7gune,Accord Hybrid,34170,Yellow
cwu0ud24py,Passport,40245,Gray
7uyiutai50,CR-V Hybrid,38827,White
2t2gm20vo2,CR-V Hybrid,33003,Black
npguptbcdp,Civic,21109,Blue
bbxy0o5nvt,Ridgeline,39057,Silver
hjnlh0kvgg,HR-V,28575,Brown
vp5p2vzb7k,Prologue,50343,Green
8t1xjm3v96,Prologue,52713,Green
9ncbeja9ti,Pilot,43735,Brown
kg1xbia99x,Accord Hybrid,32701,Red
a5hdhy4163,Civic Hybrid,31226,Yellow
2fwefbvdfl,Prologue,57208,Silver
hu2fkz2sv8,Ridgeline,42588,Yellow
tq32u2uraf,Civic Hybrid,31366,White
30jpbd1ab9,Odyssey,39499,Yellow
16km41l853,HR-V,30649,White
n2fh9bjh87,Accord,23681,Beige
952niig2lu,Accord Hybrid,33168,White
dhvypll7c4,Passport,41603,Brown
jrdm1rzb5e,CR-V Hybrid,39786,Beige
99hsjn23zh,CR-V,31407,Beige
9rxz9f4xtg,CR-V,34718,Blue
db43wcaljv,Passport,40089,Red
3dp08l7df0,CR-V Hybrid,35946,Black
xwtyxxvwjg,Civic Hybrid,30128,White
whq1dj5kbt,Civic Hybrid,26731,Beige
owza5x6r4d,Civic Hybrid,25969,Black
gvvvnyd5kt,Odyssey,41613,Brown
6gps2eddsl,Accord,34903,Green
z0xs91aspp,Odyssey,40360,Black
y5ht3odkog,Civic,18290,White
otwyru3xrv,Odyssey,45213,Yellow
0shpfcytt0,Accord,24419,Black
7qm7fzct99,Civic Hybrid,27388,Silver
6icgidrqek,Civic,15230,Blue
onym75igpa,Civic Hybrid,28204,Beige
97mwx2f6tr,Passport,43004,Red
7mc80xojx8,CR-V,30017,Yellow
10yeayp4fk,Accord Hybrid,33191,Black
of0jngu3oy,CR-V Hybrid,33051,Silver
88jqc78nt8,HR-V,30319,Yellow
o8nc2xxjau,Accord,30046,Beige
d2cqz74vi6,Prologue,56234,Gray
sislgnnjd1,Prologue,57958,Beige
a98w9lwq0x,Odyssey,42303,Brown
hvvghapr1h,Pilot,40843,Yellow
kx4p5ky7tg,Ridgeline,44699,Green
creoaiihi7,HR-V,29754,Brown
rmu9hqpnd8,Odyssey,43759,Yellow
8rr46rd2fu,CR-V,29046,Green
lyzu2rx2l1,Accord,30134,Gray
vn75cwmx0s,Civic Hybrid,27809,Brown
qwpc0ivjag,Prologue,57218,Black
arp1xgftbs,Accord Hybrid,36180,Yellow
vcoqiumoak,Civic Hybrid,31914,Brown
bz5u6i78wj,Civic,21545,Red
iqizg08u3s,Ridgeline,45450,Green
bnilq22ldv,Civic,18598,Black
lqymqddaep,Pilot,42757,Blue
5z05errw9y,Prologue,54831,Blue
ovjcpl0ixs,Odyssey,40815,Red
nub7i76sbu,Civic,24154,Green
8vz307xbl7,Passport,42529,Gray
99ym3mxzy9,Prologue,48404,Yellow
la2yg51yzn,Pilot,40282,Silver
tmv8xoupw7,Pilot,42103,Gray
uwki8zinrm,Prologue,56798,Silver
yvcy9dd5ku,CR-V,30137,Silver
nuvrqny4hk,Civic,17310,Blue
521ubjhti1,Pilot,41795,Gray
7924w4phow,HR-V,27895,Beige
f4d5lf4ya5,Civic,23890,Red
1k88g56pyq,HR-V,26390,Gray
93je74onm6,CR-V,39796,Blue
kqyooirqsg,CR-V,35503,Yellow
9qgnifyokg,Accord,29279,Red
n4ylr4c4rf,Passport,42849,Yellow
y28zb7xr5x,Accord,25468,Brown
71uh70gzz5,Passport,49903,Brown
dx4m4rs82c,CR-V,36470,Beige
p0huz19ur8,HR-V,29646,Black
7xuvb1dufb,CR-V,29601,Gray
xwzvwsh8vm,CR-V,37572,Red
1spsokbfd5,Civic Hybrid,25657,Gray
5iax8abjtr,Civic,24205,White
mi1wku11bo,Passport,42200,Silver
dvpxuzcwdg,Odyssey,41482,Beige
xpb2wc0241,Civic Hybrid,27709,Red
3nssm4r49l,Passport,47418,Beige
uaswcc57o7,Accord,29610,White
i0stlsthha,HR-V,28872,White
3ux3ywprf1,Odyssey,43033,Red
jra93sv5na,CR-V,36212,Green
f2ubvlkyb9,Civic,17934,White
fajsp6zt5c,Accord,30433,Green
9nijl3evwf,Ridgeline,38510,White
f38py6e2ub,CR-V,37773,White
2k1dq4lax1,Prologue,57119,Brown
3v28fcvq6h,HR-V,26979,White
yx6pqecxgl,Passport,48171,Blue
6pe6zb01gk,Passport,44651,Gray
924k538ovp,Civic Hybrid,29471,Black
bu7m5n9pdy,Passport,43337,Silver
g00atfpsuy,Prologue,57881,Blue
ccsrmq9jt0,Pilot,39810,White
9baij8etpo,CR-V Hybrid,32242,Yellow
7eeia4rryd,CR-V Hybrid,36711,Brown
4li8ruqo4w,Pilot,51806,Beige
4s26c76zsy,Pilot,42718,White
12azuygr6h,HR-V,30965,Blue
x6kpj4ielh,Civic Hybrid,25403,Green
qgbdy6kcfh,Odyssey,47342,Red
ex22evxw5s,Prologue,53850,Red
sgdhcj783t,CR-V,36218,Brown
7chuevl1no,Civic Hybrid,26385,Gray
v7m5ap04dc,HR-V,24618,Black
pnx06ubist,CR-V,31873,Brown
3q7vpmepn3,Pilot,50285,Black
hy0tqf11qk,Prologue,53494,Blue
111v4o6eup,Accord,30851,Beige
dx9kbqzbns,Civic Hybrid,27573,Silver
nvaiiiuzdg,Pilot,38768,Beige
ejso9y5soh,Civic Hybrid,25538,Red
p6zfhyaxo6,Civic Hybrid,27559,Blue
iawvwyrace,Odyssey,38431,Gray
79vxtzasac,Accord,34562,Red
3djq5v8vpi,Accord,31199,Brown
w7u3ditl8t,Accord Hybrid,31055,Yellow
a5nxvyj71c,CR-V Hybrid,36893,Blue
p91433brun,CR-V,36366,Red
k1ijp79vcf,CR-V,32467,Green
wskb5ydk81,Civic,24709,Brown
c0971duob4,Accord,24015,Beige
68q2g6kzh8,Odyssey,35327,Gray
uzes4uuss3,HR-V,26563,Silver
zf4udhqqmu,Accord Hybrid,32104,Silver
bfpj6vr5qm,Accord,24406,Green
lammvpy8xs,Odyssey,41305,Red
z4dccadvcd,CR-V,28376,Beige
9k7y8veyx2,HR-V,30021,Brown
bog1kjo3gs,HR-V,28189,Black
05givwzxeg,Accord,30177,Black
jpjp174exv,Passport,49914,Blue
71g9lfd83k,CR-V,33548,Brown
4ken1k9epg,Accord,29698,Silver
00oh9g8lyn,CR-V Hybrid,34683,Beige
9nq3oszbue,CR-V,33835,Red
63xfs0dz3n,Pilot,47214,Beige
49cxmbrl6m,Accord Hybrid,29635,Silver
63zhzsdbq6,Accord Hybrid,28187,Brown
qn4gdufrmg,CR-V,28090,Beige
bx6scgxsy1,Civic Hybrid,30198,Gray
h3b3tot7vp,CR-V Hybrid,34946,Yellow
tm6bh8lxq9,HR-V,29333,Red
9cish13hal,CR-V Hybrid,40083,Blue
t4yv22i7r7,Civic Hybrid,27477,White
wqp5ckmxnl,Accord,23124,Beige
adehmx95kz,HR-V,26002,Beige
t3e17i8p1c,Ridgeline,45144,Brown
3ds8pu7x1q,Passport,40734,White
qws6fxph6d,Accord,25891,Beige
1298mirff1,Pilot,42686,Gray
drikb8gpex,Odyssey,39170,Gray
winlk0jl4l,Prologue,57897,Black
pbojvmdim6,Civic,22253,Yellow
mq115t384i,CR-V Hybrid,34638,Yellow
6o7zrbvuef,CR-V,39681,Red
ig9c7rwpeg,Passport,44333,Beige
guot5a2mrf,HR-V,29493,Gray
ualxii3hm3,Civic Hybrid,28309,Silver
amh82g1lu3,Passport,49422,Yellow
zxf6k63c7g,Passport,46047,Silver
zsow51ppgr,Pilot,50573,Green
pf000btclj,HR-V,30059,Gray
ondcwopggk,HR-V,30441,Brown
pqqer1a4u3,Prologue,56069,Yellow
6quw24h684,Passport,40430,Brown
0togzwc536,Accord Hybrid,28079,Gray
aymgxws6sq,CR-V Hybrid,38276,Gray
3vu5v6nubt,Pilot,49780,Brown
66kszcwery,Ridgeline,38676,Yellow
59hehkl00f,HR-V,24579,Gray
7biouuklp7,Odyssey,42714,Brown
6rp31oeqc5,Pilot,46496,Gray
etfsep81pz,Accord Hybrid,31427,Green
o3wmfbquvp,Civic Hybrid,26158,Brown
7ecf71owze,Civic Hybrid,27380,Green
p2zveicoxj,Civic,23152,Yellow
0cvlbz45u9,HR-V,30139,Brown
kljun1ww6f,Prologue,52643,White
yeq655cqng,Passport,45360,White
1td2dymf42,Prologue,49130,Beige
f45yjwcm2f,CR-V Hybrid,41387,Green
sdc86p2ku7,Prologue,49306,Beige
kabim8yr3c,CR-V Hybrid,41991,Gray
5ejfl5yan3,Pilot,44373,Brown
8vz05xhwob,Odyssey,40166,Brown
asmfafp7ix,Accord Hybrid,29565,Black
318dmduzpe,CR-V,28137,Blue
vgz5l61h6q,CR-V Hybrid,32365,White
vlh757o1z3,Accord,25540,Green
z9g9mly82m,Odyssey,45335,Red
c378yl8ocw,Civic,25651,Gray
rlswj5htus,Odyssey,35708,Silver
nmptyl0a78,Odyssey,45732,Blue
hm3mxm93vc,Passport,42937,White
y2lyqyxauf,Odyssey,35054,White
7spigpfxw6,Passport,40072,Brown
tzllyeacal,Accord Hybrid,33161,Blue
6o6ntyk7v7,Civic Hybrid,29867,Silver
278d5tr7zu,Accord Hybrid,31447,Beige
as5ygfiy8j,CR-V,33892,Black
7tyq7vdus1,Prologue,53687,Yellow
435qpflz14,Civic,24156,Red
ujmwsnj56e,Ridgeline,41532,White
vulz66nyy3,Ridgeline,42151,Green
malpvf7sjj,Civic Hybrid,26759,Red
o3zurgnapm,Civic,23665,Blue
i3fvnifpnv,HR-V,24847,Blue
sal3cxzvuz,Odyssey,38930,Green
uet8pt4ycq,HR-V,27471,Gray
cdmg9ns3sg,Civic,17065,Silver
w05g64lcfe,HR-V,28083,Blue
k4385a8ekv,Accord,27192,Black
3wd2nlgnu3,Civic,22023,Yellow
e19p3u4fvw,CR-V Hybrid,36337,Black
scgyl2aw9o,Pilot,40881,Gray
v3t3vm8wwi,Odyssey,47301,Black
22ou6f0cq7,Prologue,54742,Blue
7h4oo29xz1,Accord Hybrid,36969,Yellow
ksbtetaabl,Accord Hybrid,35371,Gray
4a6t9kv8mq,Ridgeline,39766,Green
1al2485cro,Ridgeline,39217,Black
3iqoj7pkx5,CR-V Hybrid,41540,Brown
0unwbpmhxe,Civic,16101,Brown
vfdmorkjdm,Civic Hybrid,28869,Red
v7kg3tl974,Accord,34064,Red
msd29e3pbx,Accord,25073,White
n1cxzul4tv,Prologue,54819,Gray
ofv44iz3v2,Accord Hybrid,37946,Blue
l36o9y4low,Odyssey,37364,Silver
izgzwo85xu,Prologue,56743,Black
vsf67b2peq,Prologue,52553,Blue
6ol4fln445,CR-V Hybrid,35468,Yellow
jsxi9856wj,Pilot,48167,Green
b31acogtk2,HR-V,30525,White
fwr0rnr47v,Civic Hybrid,29512,Silver
sbk1vfgdkk,Ridgeline,46288,Blue
r72wzvwhjf,CR-V,33632,Silver
aaoh8x4xpr,CR-V,28154,Brown
iooi42ojnr,HR-V,29864,Yellow
2jpluqjdkn,Ridgeline,42927,Gray
bcs541tv51,Pilot,50145,Green
d5pi5j5xdg,Ridgeline,40527,Red
numjvpqjms,Prologue,51898,Silver
bz2uavvndj,Ridgeline,38209,Black
7be4xsjd4q,Passport,42255,Beige
8484v9o5sb,Prologue,53624,Red
n1iqn9raz7,CR-V Hybrid,37249,Gray
yk0n0sv2ka,Accord Hybrid,32082,Silver
qfhdngay8k,Passport,45258,Silver
qd23kh02g4,Prologue,53283,Blue
p4a7n9t8go,Civic,23156,Black
zimz6ywuu8,CR-V,29171,Black
q11hvkq3n9,Pilot,38031,Brown
u026mu32ze,Accord Hybrid,37851,Gray
ti9cfgeipn,Passport,48505,White
5u4fpvytf1,Civic,26922,Brown
pa8e58z8sp,Civic Hybrid,26875,Red
4j0sili214,Prologue,52068,Silver
3lns4qj7n4,CR-V,35108,White
7lu6rreptb,Civic,16453,Yellow
s9ewgt1t63,Odyssey,46777,Gray
edjsg2cmwi,Prologue,51222,Gray
oz9q4cr8ar,Accord,30324,Beige
qwlq0ld4du,Civic,22432,Gray
whunw9ibpd,Pilot,38446,Gray
yomrfg4fqg,Odyssey,42036,Red
0ppnzvsm8c,Civic Hybrid,28693,Blue
txb4z37oqo,CR-V Hybrid,40771,Blue
2j4jdjkojb,CR-V Hybrid,41300,Brown
qxirms05fd,Accord,31944,Yellow
hmqky9rc88,Civic,23844,Green
yefvvmk9jk,Odyssey,38384,Yellow
fzx97hz5xr,HR-V,26055,Silver
43reo7t1lz,Prologue,50364,Green
1l56cao4iu,Ridgeline,47239,Green
e07kvnlbr3,Pilot,49424,Silver
i7iqbm394e,Civic,26164,Yellow
3w0km3duho,Civic,18365,Silver
gzbsme1w0x,CR-V,36750,Red
756ukml8rv,Pilot,49717,Beige
twstztu5du,Accord Hybrid,34529,Yellow
0nbgmnck23,Pilot,48734,Beige
p6dwn927zk,Passport,46078,Yellow
tt5eqnz8d6,HR-V,30018,White
bvu7q9xdkt,Ridgeline,40902,Yellow
llc7w0sj5w,CR-V Hybrid,40670,Blue
kenrkkqbrc,CR-V,30040,Beige
dqsury564j,Passport,43553,Blue
ycefnjqjve,Passport,40077,Brown
x5e3jrc072,Civic,24045,Yellow
at9sarrabz,Civic,15057,Green
r9tczao29e,Accord Hybrid,31851,Blue
a7su203uzo,Pilot,44528,White
8ghifxcuhq,Accord Hybrid,35093,Brown
cgg2vxiphx,Ridgeline,39558,Black
tnflw80oiy,Accord,34048,Yellow
9a090xxc3p,Odyssey,39094,Beige
zfgpvn2gal,Odyssey,41502,Beige
fr8n74wkul,Accord Hybrid,37087,White
29wol76c3p,Civic,18749,Blue
2r6e7940ye,Civic Hybrid,31265,Green
pmzqpnrtpc,Odyssey,41398,Black
ac8zudl9ef,Accord Hybrid,34724,Black
ys7y5hz9se,Prologue,48950,Brown
nclnww7cde,Accord,32551,Red
oze95tmzt5,CR-V,36012,Blue
bgi1u6wvzs,HR-V,24825,Red
rpf0vcl5ch,Civic Hybrid,27550,Silver
alw81bd9ek,Passport,49307,Blue
j3fhm1jo4n,Accord Hybrid,29062,Beige
2ejb81d7gn,Civic Hybrid,28114,Red
c8e0hpbs7i,Ridgeline,38175,Gray
krlob5h9lt,Pilot,38770,Red
z8x0yxzsef,Civic Hybrid,25993,Green
ph7peesvuz,Accord Hybrid,34393,White
psmtc0ggi8,Civic,27458,Black
gbd4kcn0xf,CR-V Hybrid,36102,Green
edmt6abjbi,CR-V Hybrid,32545,Green
smnfbekbbo,Civic Hybrid,29155,Silver
34lkknmxvi,Accord Hybrid,30948,Gray
660h7yjonx,CR-V Hybrid,33950,Brown
xbcdhze4py,HR-V,29789,Yellow
kacokvgk28,Prologue,54509,Blue
tdcrudr5ws,Civic Hybrid,27507,Gray
55fcgpemjb,Civic,25553,Gray
ttq7x60y0q,CR-V Hybrid,40831,Silver
w7e5po7eva,HR-V,28518,White
xdy6sqiswn,Passport,40060,Black
agkhjqoz5l,HR-V,29246,Blue
tkee2yb3a2,Pilot,39109,Silver
tme4jvuco6,CR-V,30797,Brown
qsoyckf4vt,Accord,30224,Black
csp98bc6ss,Odyssey,38828,Brown
bfcmb8mg67,Accord,26349,Beige
frcv5jt7t4,Accord,32691,Silver
e023ifu60w,Odyssey,47777,Red
fcywr4jvao,Civic Hybrid,26449,Brown
pvukcudq54,CR-V,33082,Black
w5trvj4398,Civic,26746,Blue
adjigvv1vq,CR-V Hybrid,37822,Black
zd0xanu8ym,Odyssey,38812,Silver
scf8m7m7q0,CR-V Hybrid,36102,Black
4jz26ok5bg,Odyssey,46453,Silver
9h4mf85dhq,Civic,17209,Brown
ryasqctbsy,Civic Hybrid,28436,Beige
kqwbkowunk,Civic Hybrid,25100,Yellow
68rdl8yrn9,Prologue,54621,Yellow
ut06blsfo7,Prologue,50526,White
j3op5whnpj,Ridgeline,42898,Red
7sujljgs4o,Passport,47542,Silver
oki43onvac,Civic,22244,White
6utwrditih,Civic Hybrid,30932,Brown
0edj7zhmfo,Civic Hybrid,29872,Yellow
h02odel7co,Prologue,55678,Black
ezjob1bv2f,Civic,21653,Green
vk56d7jxur,Civic Hybrid,28220,Black
t5o026c1sg,Accord Hybrid,32308,Brown
0vb8cq5yag,Prologue,56687,Red
d44c1u9mz6,Ridgeline,44636,Green
hsur2lwkkn,Odyssey,44312,Red
1ukg7ss1l7,Accord Hybrid,33933,Black
1kpc4mo1vc,Civic Hybrid,27171,Yellow
775cgre8f3,CR-V Hybrid,38798,Brown
tfyn9ftb8h,Pilot,47133,Black
s520qjcruh,Odyssey,36539,Red
z5urhc0pw8,Odyssey,39103,White
m7jklpcswy,Pilot,50642,Black
3rcd8v7dz0,Civic,26989,Blue
98wwcjr24s,Prologue,51620,Silver
0f5zuf6jbt,HR-V,25570,Yellow
vwkkbnu4u0,Accord Hybrid,33686,Gray
z8djth2308,Pilot,44078,Black
2sb45ppcbf,Passport,43345,Black
zg99a7em9i,Accord Hybrid,35059,Green
21344ddcj6,Accord Hybrid,29927,Red
wxcampr310,CR-V Hybrid,37576,Black
ccf5z3c3u9,Accord,31308,Black
7p0x2agaqn,CR-V,32694,Gray
3tbquw73nf,Odyssey,39447,Green
url247ffas,CR-V,32641,Gray
boqsjcfpk2,CR-V Hybrid,35211,Red
3ecp29hll2,Civic,18866,Yellow
i5te4961x5,Passport,48959,Black
cl70j0bsdv,CR-V Hybrid,39880,Blue
jikz29v7p3,HR-V,26754,Gray
7ahayo2y3x,Accord,31344,Red
ndjeiidma5,Ridgeline,42770,Blue
icqk86q0nq,Passport,45003,Beige
cfxa1r9vca,Passport,49941,Black
egzowdlguc,Pilot,47154,White
msc1rpuffm,Civic,19753,Blue
nzbu9jmmfn,HR-V,24040,Brown
6o45rsn3rz,Accord Hybrid,30348,Silver
34jnc50b56,Passport,40361,Black
l496sc8n5k,Civic,15674,Beige
jn7ivu7v6e,Passport,47452,Beige
y3q7od1vqd,Civic Hybrid,25521,White
ywhuvasj86,Odyssey,42084,Beige
l5dczqi8ey,Accord Hybrid,36400,Blue
6zypy04ij5,Odyssey,46953,Beige
bqri2nita8,CR-V Hybrid,37169,Beige
xzu3a5xphv,Ridgeline,41261,Gray
7riuk2jlry,HR-V,26455,Yellow
jlsxpvnapu,HR-V,25789,Black
zo1ybt4wbc,CR-V,29741,Brown
tpezjk0etp,Accord Hybrid,29792,White
vsu5ofjtyh,Prologue,51754,Brown
tstoud3xh7,Pilot,42077,Blue
6rc6ewotd3,Ridgeline,45810,Red
5lxxqfqesi,CR-V Hybrid,36890,Beige
extki6v2db,HR-V,25830,Beige
qh5232m7l4,Odyssey,44817,Blue
ru5flw5ugy,HR-V,26139,Blue
y4q8b2z8vp,Civic,24389,Gray
zggb6h54ry,Passport,43315,Blue
jma4hx7m8s,Odyssey,47800,Black
ao8r3wy02h,HR-V,28836,Blue
6m2m0zct6q,HR-V,28818,Red
q6sjonuwto,CR-V Hybrid,35287,Gray
y7umihy9dg,Accord Hybrid,37061,Blue
4pn4efw23y,CR-V,38512,Gray
q3rt3ntp0z,Accord,29244,Brown
sr1zr8p1nl,HR-V,27078,Brown
qjz0avwqa8,Accord,22074,Yellow
rb1p9kc8o8,Civic,25734,Red
w15ztqegww,Civic,18238,Yellow
4phjil7oo0,Odyssey,39782,White
cy67kpgve6,Civic,22492,Beige
x0fyklk17e,Civic,17989,Beige
e1yytwad3x,Passport,47611,Blue
asgfpewngu,CR-V Hybrid,36699,Yellow
odf5gzznsb,Accord,32638,Blue
9mc63bwyhd,Accord,30687,Silver
1nhnjpov8i,Passport,40147,Gray
r69iox79t0,Prologue,57581,Gray
9357lt0zbk,Pilot,50164,Gray
4cfrdhv6uh,Civic,16937,Blue
vqr5idzh8m,Civic,22452,White
56lyrcrbs8,CR-V,31285,Gray
wy7jqazbkp,HR-V,31919,Yellow
bf2rob70i0,Pilot,46850,Gray
8jao4q2b4i,Civic,20326,Red
yq11mgga80,Pilot,48610,Blue
l864qpbhdp,Odyssey,42839,Green
fnu2juusw3,Civic,26304,Brown
jlp6830g5o,Ridgeline,43305,Brown
s4w7n9tj7n,Passport,47034,Beige
l6x9qkylwf,Passport,41620,Yellow
ld3iiviijn,Civic,19465,Yellow
4yyox8pgcg,Passport,43465,Gray
i7l0j1490y,Ridgeline,46574,Yellow
c4s2x47h01,Civic,24282,Red
rnl6hahagc,Accord,26037,White
jno8uxpman,Accord,32743,Beige
9qbi93kiui,CR-V Hybrid,36314,White
a46x6mah6b,Accord,34753,Yellow
odzej4pptw,CR-V,38782,White
zs4t0gx3hi,Civic Hybrid,27917,Green
hlf27jhgl8,CR-V,35388,Red
bdohn2hxca,HR-V,28610,Beige
g7xgokrrdz,CR-V Hybrid,33249,Yellow
2uun9100cp,Civic,18318,Green
imy8q6kmyd,Civic,27353,Silver
74lxuz7zg6,Civic,21170,Blue
zk9k8253hy,Ridgeline,38461,Green
j0dxhkcvdr,Accord Hybrid,30043,Black
3ka9se3pw3,Civic Hybrid,25118,Silver
i53d4ndj3d,CR-V,33491,Brown
4o8nf68t7z,Odyssey,44871,Beige
az9hix4yd9,Accord Hybrid,31035,Red
e772gqem4t,HR-V,28906,Green
ve72uuakzq,Accord,22431,Gray
axl3hkr34x,Ridgeline,40795,Yellow
lvwz5v0jks,Civic Hybrid,25315,Yellow
oab7ummipn,Accord Hybrid,37162,White
93l17lhdxv,Ridgeline,47092,Green
0yadl88b5g,Odyssey,45508,Beige
me9s6kz280,Civic,15583,White
fn2su33f5l,Accord Hybrid,34583,Green
4yp6apo6zx,Ridgeline,43267,Brown
r45e015chl,Civic Hybrid,25790,Green
mjvtie91dw,Civic,15686,Gray
4pc9t9yf0c,Passport,46886,Gray
9m9he7bk95,Pilot,45447,Red
mxgp8lfpe0,Prologue,53039,Beige
3jhig8nmph,Passport,48394,White
wjb1wwluqw,Prologue,52950,White
1qdt0bkrxo,Pilot,48318,Yellow
c7yh8fhebf,Accord,32349,Blue
p2x7agldwf,Prologue,57407,White
lsuyxuwhfl,Ridgeline,38835,Brown
03r0knbdq1,Ridgeline,40929,Brown
yckxqv0sy7,Prologue,55816,Green
h39hjduoc7,Passport,49057,Silver
egdcpqrx92,CR-V,32669,Green
apfsqoajyo,HR-V,25533,White
paxrivccy8,CR-V,34346,Beige
415xsay6ib,Odyssey,44303,Yellow
jpdc4l9kjl,Accord Hybrid,28520,Blue
e61szunxrr,CR-V Hybrid,37464,Blue
eecrwrwjen,Pilot,43333,Red
1w1l4vwuet,Odyssey,36816,Red
doablxqhwp,Pilot,48026,Black
wvrgbv6xst,Civic Hybrid,31007,Beige
tqinx8r4ov,CR-V,34083,Red
z2vpvdym6t,CR-V Hybrid,35606,Green
4eukuc8t6i,Civic Hybrid,25832,Silver
rdcwrz3lpg,Accord Hybrid,28114,Blue
3aiscrwad7,CR-V,31357,Gray
2qf5vj0ulq,Civic,19555,Brown
6vf6inw01x,Civic,25811,White
4egpozrxll,Civic Hybrid,30999,Red
jp0dwctqiv,Pilot,39561,Brown
5x74ndtvc6,Civic Hybrid,26459,Beige
fmkp0ifd4x,HR-V,31148,Red
es1ou10w8t,Ridgeline,42613,Beige
si7f00cym1,Civic,26347,Blue
uksm6ysv1b,CR-V Hybrid,33689,Silver
67277f9uw7,Accord,30266,Black
x5pdv7jasu,Prologue,53189,Gray
vxgft4sy39,Passport,40161,Yellow
fx83cup5tj,CR-V Hybrid,36871,White
t2cyng4jt7,CR-V,32608,Silver
4qu26bw4x1,Prologue,50035,Beige
ljad1m4tpu,Prologue,51103,Green
ue5umy1qo9,Odyssey,41617,Green
1zw4dxltqc,CR-V,34993,Yellow
rvoiaqhvew,Passport,41531,Silver
vrnkr70o6c,Odyssey,42547,Beige
fgn36cxmmh,CR-V Hybrid,39659,Yellow
23xiumof52,HR-V,30310,Yellow
n829kumrqf,CR-V,39819,Gray
to4csmg685,Prologue,53078,Green
z536uit25q,Civic,24724,White
h73ie781vs,Passport,42499,Red
yq87fvelzn,Civic Hybrid,29064,Blue
hfitby3hoq,Accord,22156,Green
22himmuha3,HR-V,24950,Black
vatv0mnfcv,CR-V,34887,White
90k1fu9qep,Accord Hybrid,28303,Green
6yp4eds3yu,Accord,28055,White
5d0w7e5g1p,Civic,24966,Brown
nk0pta57hh,Accord Hybrid,29541,Yellow
58z7p8t44s,Accord,25505,Yellow
6elw6o9x9q,Prologue,54722,Beige
wmoarilqe4,Prologue,54988,Blue
uwf1qpub1i,Accord Hybrid,34849,Brown
c11cnariqt,Accord,34984,Black
6gg5oniqfv,Passport,42880,Green
t0a0piwjgc,HR-V,25994,Brown
0j51ho31bj,HR-V,26876,White
unpoktrr5s,CR-V Hybrid,35676,Beige
y4g2xdtjle,Ridgeline,40548,Red
bz6cofl7ho,Accord Hybrid,30956,White
99lv97q3zd,CR-V,33296,Black
etirgd0lhi,Ridgeline,39045,Green
s15kto7pgw,Accord Hybrid,32085,Green
tg4fg88jz9,Accord Hybrid,34407,Blue
4f5087zvnz,Passport,42150,Red
0vdf2oetrb,CR-V,29260,Black
c3e5u31hlj,CR-V,34919,Green
dhajiv2vot,Pilot,40567,Gray
ayw7kv5m5f,Civic Hybrid,27098,Green
jvi70tvby8,Accord Hybrid,35404,Blue
1663n5m7fv,CR-V Hybrid,32569,Beige
sszox6lgmu,Civic Hybrid,29371,Yellow
amdknwae2a,Pilot,43373,Silver
m7xg2syu7p,Accord Hybrid,28051,Red
45q1ej9usf,Passport,47777,Gray
3sysmscxl9,Civic Hybrid,27827,Silver
d911voy67k,Civic,22280,Silver
1gx26m9lge,Prologue,54760,White
jyhfkgmfrw,CR-V,35377,Black
uf0rhaihbu,Ridgeline,39187,White
za5hyw59gn,Accord,32571,Blue
7jr8wok1dz,Ridgeline,44571,Brown
akx22asskg,Pilot,45168,Brown
i0lu1283co,Accord,28014,Black
ptu1u7cus8,Odyssey,44353,Silver
e3jt95h6bf,Accord Hybrid,30295,White
1xre0ctr4b,Prologue,52450,Blue
d300pdkpts,Civic Hybrid,31358,Beige
rlun4a8x2k,Ridgeline,41920,Beige
nkjzwuxrg8,CR-V Hybrid,37412,Blue
qx1adwi3td,Ridgeline,39831,Gray
ctj69n7sx2,Civic,25055,Gray
vvfxpb054u,Ridgeline,43660,Gray
nx7v4o5zrz,Civic,17353,White
2fssi4ax01,CR-V,28058,Beige
oqb1w92l1m,Ridgeline,45904,Red
xmienagu8f,Pilot,39166,Blue
5d072xxj6m,HR-V,29232,Yellow
us0w4s56h4,Pilot,42451,Green
5a31syd077,Civic,18241,Brown
tyeco1tcoe,Civic Hybrid,27005,Beige
hl98s2nli5,Accord,26838,Gray
iqrnfqh1ue,Accord Hybrid,32598,White
uwkmu6ow30,Civic Hybrid,30158,Brown
5y5ygk6v0q,Civic,15537,Gray
nu1xo225ty,Ridgeline,47791,Yellow
2hdl3jhs4q,Civic Hybrid,30293,Brown
5hsxh47ved,CR-V Hybrid,36707,Green
d50y41godm,Passport,45655,Black
k6pfmfpo9z,Accord Hybrid,33926,Silver
drwjf4qptq,Prologue,51753,Yellow
pshwgbv1um,CR-V,38843,Beige
q01qye8w7u,Ridgeline,38069,Blue
fhte9rc8xg,Civic Hybrid,29441,Beige
rvly22v5qw,HR-V,27076,Yellow
cabynsol78,Odyssey,40240,Red
uuoinlhsi0,CR-V,28646,Beige
bn76r7kfni,Prologue,48373,Brown
otwdh2rgkq,Pilot,39086,Red
nk8r5w1ksb,Ridgeline,41400,Black
owkfuwnt7h,Civic,18916,Beige
zg7g8bzson,HR-V,28873,Beige
syoqqe8qz8,HR-V,25986,Green
6mf9cpzeed,Passport,44413,Black
p8ldmx10gw,Pilot,51446,White
dz7f806vg7,Prologue,51966,Blue
hcqlod3chl,Ridgeline,40941,Green
oip476c75d,Ridgeline,46776,Red
w8qvnuhvxc,Ridgeline,47410,Gray
zg85ta3llz,CR-V Hybrid,39489,Blue
l22qbjawtx,Pilot,47446,Blue
hfidwj9ut1,Civic Hybrid,25473,Silver
ixohm4q1il,CR-V Hybrid,37066,Red
2bbxc4n7pg,CR-V Hybrid,33316,White
ddhvr6lp4k,CR-V Hybrid,38137,Red
ywvp22fv7i,Odyssey,43115,Gray
93mp2r4rsv,Prologue,55574,Beige
fx2od73bif,Civic,26297,Black
jqrr780bhp,CR-V Hybrid,36684,Yellow
v64ihjotlj,Civic Hybrid,25221,Gray
xm1cj455t0,Passport,42886,Gray
wxfki822om,Accord Hybrid,30295,Yellow
jae68d2dab,Odyssey,47716,Yellow
kssdmltmwp,Accord Hybrid,31267,Brown
cub01jsk03,HR-V,24421,Silver
p16eywrryw,Civic,23957,Black
p9whoy22p6,Passport,44903,Yellow
23t6dmiam4,CR-V,36983,White
eo762qf97n,Passport,40662,Gray
2btftguz6s,CR-V,35144,Silver
5bbgufl2rs,CR-V Hybrid,34643,White
de0rwz2iei,Ridgeline,46459,White
kwonjzzm02,Accord Hybrid,31379,Yellow
aviqzsnw2b,CR-V,35894,Red
huq45z5ld7,Pilot,44659,Red
bplpntihjq,Accord Hybrid,35996,Red
u2r69wn7ke,Ridgeline,44376,Blue
oz5prd0ldv,Odyssey,37168,Red
j2trceragn,CR-V Hybrid,32288,Gray
0pwlcrg1b6,Accord,28537,Gray
6fupp6zizp,Accord,31513,Beige
20pru8a2l6,Ridgeline,38995,Blue
3kqu05k543,HR-V,25670,Brown
1194g2kpr5,Prologue,55996,Beige
1195vuq002,Accord Hybrid,33522,Brown
d6px9q1zla,Civic,16805,Beige
hc8hqwunb5,HR-V,30644,White
pjgoxdrp7c,Ridgeline,47036,Yellow
aw8pg0qtmi,Ridgeline,40305,Blue
0fl8euxtdc,Passport,40662,Red
wtttnt9ipi,Ridgeline,45109,Green
1fdqlm93qw,Odyssey,45187,Green
efzc0lamy0,CR-V,29079,Gray
eqxncbi0ho,Ridgeline,45211,Red
0ekf11i2mj,Accord,31569,Silver
tfxcm045sr,Ridgeline,43068,Brown
51kz1n4fcu,Pilot,43980,Green
lnjp17izzn,Accord,32435,Brown
2d56en7dbb,Prologue,57293,Black
shf48bzl5v,Pilot,43112,White
z4k0z918fm,Ridgeline,40880,Yellow
67cspf5sde,Pilot,49993,Gray
lanufju9cm,HR-V,29699,Brown
1kiroqzuvu,Civic,18336,Brown
d7myvbkz46,CR-V Hybrid,35124,Silver
l8xpoppp2f,HR-V,27280,Brown
nvp9cjtuh8,CR-V Hybrid,33099,White
j4zizu7vlb,CR-V Hybrid,40631,White
t3duaglv8j,Ridgeline,46571,Black
pjizkevlp6,Odyssey,39311,Beige
0wc0imp8c1,Accord Hybrid,37851,Gray
umfswpblt5,Prologue,48424,Yellow
j2ffql8ijo,HR-V,31672,Yellow
o2jfphhpii,CR-V,31874,Gray
ku5l31o1m0,CR-V Hybrid,35221,White
887duztiwn,Odyssey,41205,Blue
oh5vxcfflv,Prologue,52327,Green
3jnftzd2du,CR-V,33891,Brown
w0z4dq5hob,Pilot,41402,White
zv812msqxb,Civic Hybrid,30875,Beige
kbvlwht8gj,Civic,26734,Green
wxxrmx52t8,HR-V,27788,Red
tlpla61fah,HR-V,31210,Brown
9r5yzbytop,Civic Hybrid,25328,Gray
yadkakiit3,Ridgeline,46753,Brown
21nnkv5xfo,Accord Hybrid,36730,Blue
loq8ogw4ot,Passport,47028,Green
n2q6fvzuxz,Accord,22390,Brown
zr9wl2t3jy,Civic Hybrid,30057,Brown
692tpfhixj,Ridgeline,40380,Black
63t05izqnb,Prologue,53412,Red
b5irw40tlm,Civic Hybrid,27312,Red
x8i5actl87,Accord,30149,Blue
ufkj6t2o1f,Civic,18493,Gray
r7a2bjixhk,Ridgeline,46454,Green
kpnvgmqedw,Pilot,41066,Brown
e13dpu28hh,CR-V Hybrid,35773,White
d0hv4bdcvq,Accord Hybrid,37528,Green
enf9uyufql,Ridgeline,42530,Blue
1hyqbb3h7d,Civic,23353,White
k2gcck1iie,Civic,26376,Black
wbtqa0bua1,Civic Hybrid,28100,Black
caakgyvlxn,Ridgeline,42398,Beige
h6eskjdghr,CR-V Hybrid,40150,Red
nxq41jmtns,Ridgeline,42903,Red
ra1s51q65a,Civic Hybrid,27904,Brown
033b4r80kw,HR-V,28919,Red
ymcr5a0noh,Civic Hybrid,31875,Red
35osspo8g2,CR-V,39679,Beige
0x7vxju901,Ridgeline,39701,Blue
6phxxoswai,CR-V,35386,Blue
hpjd5cvn2d,Passport,42690,Brown
pba8gzfjzj,Accord Hybrid,29703,Beige
1lmejqnqw0,Ridgeline,38262,Beige
qbwkxiy4hi,Pilot,46521,Gray
gqn6lg61xv,Passport,46316,Red
ei5a1s87k7,Pilot,49084,Brown
5h2jo99j33,Passport,44888,Beige
cu3333col8,Civic,23082,Green
hgzjjnl5zy,Ridgeline,47280,White
0603ujm9ga,Accord,31598,Gray
bgbxyv9vge,CR-V,32334,Green
wnd95bnldw,HR-V,25300,Green
4mfh0idzkq,Civic,17867,Gray
o367c0e390,Pilot,45816,Brown
ocgvqeq0te,Prologue,57187,Green
rg2xs1tb63,Passport,49832,Gray
z4jygnnx3e,CR-V,34709,Yellow
e9nqowe5qc,Passport,46088,Beige
dozkhdmsjh,Odyssey,42149,Gray
6qj5440sc5,Passport,41915,Blue
j21qpzaplv,Accord Hybrid,35787,Red
35s7nuri2h,CR-V,38930,Blue
ayh16v43ao,CR-V Hybrid,35078,Yellow
am1of5rvmn,Odyssey,40609,Black
qpmpdx73ko,Accord Hybrid,28277,Beige
of7l1uh9rl,HR-V,24170,Beige
dy67tgxo7c,Pilot,45164,Green
pml0wrzk77,Ridgeline,43797,Red
3s20bfmibz,Odyssey,46358,Gray
g2z0mefcjx,Ridgeline,45951,Brown
oeik2t91m1,Passport,44109,Yellow
w1djjn2htr,Passport,43644,Green
0j7xlic2hv,Civic,19502,Green
6oksc01z1j,Accord,31989,Silver
s2akfb37rd,Pilot,38742,Gray
pukjjzlt3d,Prologue,56098,Blue
qc8l7gv7et,Pilot,44348,Black
trgzjspb19,Civic Hybrid,31688,Silver
x4o3qp5wts,CR-V Hybrid,35714,Yellow
3a09s9rmgt,Accord,27623,Green
pjucr39hit,Ridgeline,45599,White
795wtc6qau,Civic,19989,Yellow
a24ja4q5at,Civic Hybrid,28144,Yellow
p2ry995vth,Accord Hybrid,30649,Yellow
yzpqd5vslp,Civic,27951,Beige
7ghyjqi5gv,Pilot,41017,Red
bswy3x6w4g,HR-V,25702,Black
a5pnencv2h,CR-V,39751,Blue
fqp2nsstp3,Passport,44172,Brown
melouk0cnc,HR-V,30988,Yellow
5tkfls7bjw,Ridgeline,41520,Gray
bx69ia4f9i,CR-V,34334,Red
8pg01v5tb3,CR-V Hybrid,32438,White
ezvdlhr05g,CR-V Hybrid,39741,Yellow
rowmjps878,Civic,17065,Green
lxqqro9qt0,Pilot,48899,Beige
7dkgeatt0s,Ridgeline,42807,Blue
d072s4jfid,Pilot,42886,White
3o1nbk4vsj,CR-V,31973,Black
ifgf94sw5o,Prologue,50336,Gray
7ud5wh2cnz,Civic Hybrid,29982,Yellow
9sl436a6sg,Ridgeline,46627,Green
ky2ksq2oi7,CR-V Hybrid,33385,Blue
oxhj4bwub5,Accord,22407,Silver
naw4v56vnv,Civic Hybrid,28100,Silver
hm2opqff97,Ridgeline,42608,Brown
3qcts5c4id,HR-V,26179,Red
4o5leo1v5n,Odyssey,42071,White
53s79xjw7q,Passport,45400,White
v09a5an6x3,HR-V,24199,Blue
ddg4ctwlxi,Civic Hybrid,25991,Gray
7dbmk4kf5w,Prologue,53552,Silver
re29jhf3p2,Civic Hybrid,31119,Green
6f7i7kd3op,Pilot,50104,Silver
7hes7g4ah7,CR-V,34452,White
0su6sy0xzw,Civic,23929,Blue
z9cy2grkf4,Pilot,40980,Beige
s5heewkl2e,Passport,44615,Black
282lefzrqp,Civic Hybrid,27860,Yellow
av0e2koxvv,CR-V,28766,Red
5qrtg5wl3u,Civic,23041,Red
1fb2lvu0hk,Passport,45526,Blue
j90apqj6kz,Accord,27990,Black
u5m5tk8rzz,Civic Hybrid,25366,Green
9r4rdfuq40,CR-V Hybrid,37601,Black
hhful5pfxx,Ridgeline,45217,Green
zzkkovkkmy,Civic,19179,White
0kzl0g5m4z,Civic,16293,Green
lm4xxdmaa8,Accord Hybrid,35919,Silver
ktjhblnim4,Ridgeline,45495,Gray
ucpy73sft1,Civic Hybrid,29402,Yellow
p598lj1j4r,Civic Hybrid,30969,Green
fc84iln13f,Accord,24635,Red
0u3bpfsap7,Pilot,49281,Gray
pv9rwtv17j,Prologue,57113,Yellow
u88xo5lf9m,Accord,32296,Brown
ifx3qv33lm,Civic,18455,Red
6py2xyibzd,Odyssey,40093,Yellow
8uanncbzyn,Accord,24702,Black
no2fnlzeen,Pilot,41943,Silver
joby1vvu8g,Accord,31711,Brown
fim54t2vo4,Passport,44240,Gray
qkiizkcqw6,Odyssey,38692,Blue
kztnjel6j4,Civic,20158,Brown
jvrz419o73,Odyssey,45827,Black
a0ox2au68h,Accord Hybrid,34154,Brown
neqybonm2v,Civic Hybrid,31220,Gray
6fsbaz98ge,CR-V Hybrid,36006,Gray
1a0fu7y2ex,Accord,31609,Black
q0y2tao3wm,Accord,25796,Black
sle3rk8o5a,Civic,24028,Brown
p26qli2xsf,Passport,42911,White
d1gsyoljv1,Accord Hybrid,31370,Red
oqn3oa7clo,Civic,23152,Silver
78tirmotih,Ridgeline,38506,Green
htbg5cr5iu,Civic Hybrid,25189,Silver
4p8634fu3w,Accord Hybrid,32435,Yellow
fhdapwf7bx,Civic Hybrid,30012,Brown
i0i5xz9bik,Civic,23020,Green
5cpesi99ru,CR-V,35852,Green
k5wktgnqev,Passport,41338,Silver
wlr31dhig7,Accord,25564,Red
bxje92t4mu,Civic,26200,Red
4d9jydnwdr,Civic Hybrid,27291,Beige
db0lwj56co,Odyssey,39849,Yellow
5s8rc74cfa,Accord Hybrid,30738,Silver
2itkkxk9rj,Passport,42700,Gray
kngo286slp,CR-V Hybrid,37185,Brown
trlxqgb599,Accord Hybrid,34085,White
dyo54prfoh,Civic Hybrid,25131,Beige
h1k42b9yyo,CR-V,29413,Yellow
eef8vqsqox,Odyssey,42685,Beige
7933qjud1l,Civic Hybrid,25857,Gray
gt5bz3vgt3,CR-V,34139,Red
60xowaeevl,HR-V,31365,Silver
wj1lxawe6e,Prologue,54358,Silver
i0ik92nycx,Civic,20163,White
y1szu6vv6u,CR-V,36194,Gray
7nd2g0opuc,Prologue,55454,Beige
9xqtjwllwy,Pilot,45598,Brown
p62qki0abs,Civic Hybrid,30386,Green
3imc0t9s6c,HR-V,29413,Red
rokmv67wcj,Civic Hybrid,29949,Beige
56omsdjja1,HR-V,31498,Gray
226l0rqx1t,CR-V Hybrid,41738,Gray
o683om95bt,Accord Hybrid,32790,Green
523g08ui38,Pilot,46841,Red
c7b5guu6vx,HR-V,31510,Gray
iy3bay7ns8,Passport,42779,Beige
rrhbi363wz,CR-V,34729,Gray
w16d3v7hng,Ridgeline,47144,Yellow
0r1htnq9lf,HR-V,29360,Yellow
nf0kutuwtl,CR-V Hybrid,40307,Yellow
26yvwd6a5d,Accord Hybrid,33114,Brown
fdoe8uxxm3,Odyssey,43958,Yellow
0prvkpwkpa,Odyssey,35312,Green
9tlvcbtyjz,CR-V,28286,Yellow
3mgdp74l5k,CR-V,37910,Red
4wvgpj7n5w,Accord,25177,Yellow
9qb5bg9i8v,CR-V Hybrid,40696,Beige
jokiq39kpv,Civic,27543,Silver
ieg01mos8u,Passport,46026,Beige
4vitva34dv,CR-V,31995,Silver
pbon2jxguv,CR-V Hybrid,37976,Blue
1vg24ohvr4,Ridgeline,47504,Gray
q0n2q691f9,Civic Hybrid,29843,White
zb8gngdgjt,CR-V,39596,Silver
gcqrbcunt1,Passport,49474,Black
txt2ik0ayb,CR-V Hybrid,35572,White
0d44nky7kx,Accord,25175,Green
iewmm9a6e6,Prologue,54134,Yellow
o38h3ae9qk,CR-V,32747,Gray
1ylpny7wce,Passport,47741,Beige
yv2n5dprse,Passport,40362,Beige
5nd7zlnce9,CR-V Hybrid,32460,Gray
14m4ztkk8s,CR-V Hybrid,40670,White
at47lfw1bw,Accord,30127,White
vqpms7ytha,Passport,43542,Beige
iiu5lpxtd6,Accord,26605,Black
ero5220c8d,Passport,48063,Brown
bhuib4ysum,CR-V Hybrid,40549,Gray
pyl4u9lsl7,CR-V Hybrid,37679,Red
c71ldg89p9,Odyssey,45909,Gray
gyurpzxd85,Ridgeline,46546,Gray
8xtl8ft2vf,Ridgeline,41290,Silver
x1ykchnzwm,Accord Hybrid,36034,Red
vgqkt8fgvq,Pilot,40158,Brown
i4e790k1bu,Civic,20631,White
vwnpgcr1m7,Civic,18982,Green
uz1708y3na,Accord Hybrid,35800,Green
hlgyguty9j,Pilot,46977,Silver
2m08y9jzxu,Accord,30753,White
t8jgmjf910,CR-V,30262,Yellow
4rc6tk19tz,Accord,33323,Gray
o63t80yjuu,Ridgeline,44981,Yellow
m1y0icodmc,CR-V,34252,Yellow
6ta7aq238g,Passport,49897,Red
r6tx9fzw1f,Odyssey,45719,Brown
fwvqkc9vdw,Civic Hybrid,28945,Green
3n6658sf72,Ridgeline,47453,Black
mckdyd56yt,HR-V,26714,White
162gasyfmz,Civic,19668,Brown
qm99rylnky,Accord,26768,Silver
ujyp2qzkxy,Accord,26832,Blue
blyumvzahx,CR-V,29286,Black
byy8gkjjho,Passport,42293,Green
zxjeh1dyt5,Civic Hybrid,27589,Brown
x5ok7wwkqh,HR-V,26707,Green
5r3dw7x3rf,Passport,45159,Beige
t3tvjl5izo,Accord Hybrid,36016,Black
wc9sdimm0p,Accord,30789,Black
evs68jz5w6,HR-V,28982,Green
2e32jebett,Accord Hybrid,37515,Blue
3acpx7h1j4,Prologue,51592,Beige
y8cc0uajev,Ridgeline,39629,Red
7cqqsocpo2,Prologue,51177,White
314fzxgpo0,Accord Hybrid,28597,Red
82ka7e5cqm,Civic Hybrid,29048,Brown
dhtukg0nzm,Civic Hybrid,26802,Red
ynd9za5pav,CR-V Hybrid,38637,Yellow
xx22tgb9wy,HR-V,30940,White
a43n34ave3,Prologue,49280,Blue
sip63f2kco,Civic Hybrid,28251,Red
hu2esq6qs1,HR-V,29709,White
96tmn8mygp,Accord,26458,Brown
7x4201ir5p,Accord,24699,Silver
ibkh0js0r7,Passport,42262,Beige
au7ykg5wgv,HR-V,31351,Green
k041f024ss,Passport,45077,Brown
iodsbja9mn,Prologue,53393,Red
l0eo20kg3f,Ridgeline,46891,Gray
g3bgxssqc9,CR-V,38802,Beige
j1xog0i9g1,HR-V,31082,White
ngvy758svu,Accord Hybrid,34169,Yellow
gkqecg0o62,Civic,25988,Brown
yiird95zwi,Odyssey,38689,Silver
ydm18uew4e,Accord Hybrid,35824,Beige
0m6teuecd4,Odyssey,38538,Black
xo8pvdqo45,CR-V Hybrid,41105,Gray
gd4r0y0bh3,Accord Hybrid,33273,Green
mz5f8wo4h3,Accord Hybrid,35090,Black
kuq127fum9,Ridgeline,42892,Beige
bwuon927qn,Accord,26159,White
n26t6c7aij,Accord,22271,Yellow
3b42gqhi62,Accord Hybrid,37866,Gray
f4xw6ladkt,Accord,25097,Yellow
1f1zam89ik,HR-V,25443,Black
o9ot0znzh3,CR-V Hybrid,34838,Black
qt3g2l9cep,HR-V,30017,Beige
xd3jglvqe9,Civic Hybrid,29658,Blue
oqfepis9w0,CR-V,35661,Green
0zgu75kl8b,HR-V,29717,White
go30slcf5d,Civic Hybrid,27531,White
p7d4mq4mx0,Accord Hybrid,33177,Brown
rs0wtme75i,Odyssey,39948,Black
jhkwn804sh,Odyssey,39454,Blue
mz3sqf6z8h,Pilot,45719,Yellow
vl5jvwsm3p,Odyssey,42202,White
ih8mimz8pp,Accord,26814,Silver
8fvbkqgjlw,Ridgeline,42337,Green
1hx7amwa0q,Civic,23847,Gray
sdis2lcoj1,CR-V Hybrid,38443,Gray
ee2ek7wmje,Passport,43453,Green
zebnw15yla,Pilot,44129,White
1vt8rjrpwi,Passport,49826,Green
f53ey18nmt,Accord Hybrid,35938,Beige
q6xaoj6s80,Prologue,49137,Black
x4o6da71um,Civic Hybrid,25373,Brown
azrdzts3qp,HR-V,24526,Brown
c8o3e9s2io,Accord Hybrid,34160,Red
533uxttrfy,HR-V,29716,Beige
lokw3ozmkh,Prologue,49815,Silver
yms8pz3wss,Civic,25596,Black
x30l4r2lal,Ridgeline,46677,Blue
0dpzorsyut,Accord,33289,Gray
cidjwfuj5j,Passport,48900,White
mtg01z5c29,Civic,16586,Silver
6jw22b6ufn,Pilot,51924,Brown
v3gjn769zi,Odyssey,39736,Black
08cm9nlo9n,CR-V,35466,White
5utpawjtnr,Odyssey,41439,Yellow
9dgn5tvpr7,Civic,27885,Silver
9exzvryd9z,Accord,34541,Green
vf4ux97b3f,CR-V Hybrid,38157,Beige
53molqoo1p,Ridgeline,42174,Red
5x2gy9k4or,Pilot,41371,Green
jvsqets3oe,Passport,43678,Gray
8u7xqxv2te,CR-V,36908,Blue
5vt546uim9,HR-V,25547,Yellow
ibmjo2rpod,Ridgeline,43989,Silver
f1vyrrpeo3,Prologue,53696,Gray
htmdghw2cc,HR-V,29428,Blue
vc2sbw3u07,Ridgeline,41470,Silver
44lj0kldnk,Prologue,53903,Black
f1opgrc62i,Accord Hybrid,31091,Silver
wyy34ib8cp,CR-V Hybrid,37587,Silver
v53jwnoff6,Passport,40573,Black
58lhqsamcd,Civic Hybrid,31184,Yellow
aioci1dw6e,Ridgeline,43158,White
msd2fpt22p,Ridgeline,41705,Silver
5zyj3gafai,Civic Hybrid,26581,Brown
zxppbhu8h6,Passport,45880,Brown
cyxzs1qf8c,Prologue,49252,Beige
6wkig0q3qq,Pilot,44135,Blue
z5ljs9t4oe,Civic Hybrid,27015,Beige
k6ownl56xr,Ridgeline,43682,Red
wfu6nkb7b5,Civic,19793,Blue
r5y8hkime3,CR-V,29912,White
1ixzkbl06t,CR-V Hybrid,40944,Black
1dugwtenbl,Passport,41140,Blue
jx4lnz285f,Ridgeline,47236,Silver
ny6nv2i445,Pilot,47488,Gray
itb228t48n,Civic,22742,Black
prkka3f8py,Accord,24286,Beige
z2viokldsv,CR-V,35990,Gray
dwxekcpd8f,Civic Hybrid,25980,Gray
2v3v9901es,Odyssey,39741,Brown
78yj6wmhub,CR-V Hybrid,34266,Brown
z6n8chfo9f,Ridgeline,38466,Yellow
o4h5v5vpzy,HR-V,28958,Beige
x0yr8jvfsc,Accord,23626,Red
xqi4b1sw7k,Passport,47954,Black
z5s2rfd8zm,Accord Hybrid,28036,Gray
6mqq2n1mcn,HR-V,28133,Yellow
f1ko0ayfrk,Prologue,53377,Gray
s8jfhid7m5,Pilot,42282,Black
9rd87yvi0w,Accord Hybrid,35144,Beige
jx8nzl3s13,Prologue,48261,Beige
87bb1c4niq,Odyssey,37889,Blue
jbx574v1ci,Accord,34058,Beige
q2pfxltphr,Civic Hybrid,31312,Red
w842rzn6xm,CR-V,30425,Beige
pvdr4wok5f,CR-V Hybrid,33673,Beige
j5nfkew228,Ridgeline,38861,Red
da6rwnr2ua,CR-V Hybrid,40139,Red
tta5ct1koh,CR-V,31232,Brown
zxg36lfcu6,Prologue,55942,Gray
wlj8m5rulp,Odyssey,40700,Beige
bbilfzrbbv,Odyssey,40042,Brown
upjfk4m9a4,CR-V Hybrid,35004,Red
n678afaw62,Accord Hybrid,29422,Beige
imy8qrgclt,Accord Hybrid,35883,Red
2vpsfjsud3,Passport,41367,Red
d4bopebo95,Pilot,46495,Silver
l3zjc1q9nk,Ridgeline,43894,White
hl4dnupjkr,Odyssey,36067,Silver
vqlanszdug,Passport,41586,Beige
mpjwpyqr3k,CR-V Hybrid,36845,Green
gsid2aitun,Accord,22657,Beige
4s4r5uip2f,Ridgeline,47758,Silver
fxim60a5k2,Civic Hybrid,27911,Red
4uz21mx0im,Ridgeline,46612,White
wtvldtqtyl,Accord Hybrid,32127,Brown
l4ydy78xgr,Odyssey,46160,Green
tw2sk7ecdi,HR-V,25484,Blue
ytt7o5dn32,Passport,43205,Brown
uzc4ja5u4r,Ridgeline,44473,Beige
4022mrht91,HR-V,25711,Beige
8wuv6et3cn,CR-V Hybrid,39290,Silver
b46sacbqvt,CR-V,28721,Beige
naoxldhv0t,Odyssey,46403,Black
1r80gwa5zi,Accord,32878,Gray
4e5eyruhog,Passport,40631,Green
rri0zx1dao,Civic,26641,Green
07ugyn0avm,Pilot,39485,White
ktbyquptfb,Civic Hybrid,27773,Gray
o3xbpafw72,Accord,25860,Yellow
fzgp4nemlf,Passport,48317,Green
ggg6e0zqy2,Prologue,51735,Beige
rcbrj0xmlm,Pilot,45065,Black
pja7jpu8ut,Accord,29002,Red
ovczparrnl,HR-V,27087,Brown
j7yxo8zc8q,Accord Hybrid,32366,Red
4122x8jjya,Ridgeline,44367,Silver
0xzmk5f7ww,Accord Hybrid,35118,Brown
zg7v4ztk0h,Pilot,39422,Red
qq4b0m88de,Prologue,54771,Red
9xcnz96bfu,HR-V,29046,Yellow
2dmrug49m6,Odyssey,45397,Black
zd48nbwsw1,Odyssey,47601,Yellow
r4oyzdda50,Accord Hybrid,37170,Black
crzc17m0bl,Prologue,55464,Gray
nu55uithla,HR-V,24679,Blue
65fghp0u11,Civic,25781,Red
5rhdll8ded,Odyssey,43235,Black
i4bd1r8hyx,Prologue,49856,Silver
rsuixf179v,Odyssey,44123,Blue
kpbiuc273d,Civic,21160,Yellow
it48dz5fn4,Ridgeline,42280,Gray
490jqssk4v,HR-V,28506,Blue
4tg0vnf3c8,CR-V Hybrid,38400,Brown
yni3onu0jm,Accord Hybrid,28582,Black
noe6dipk3m,HR-V,24132,Red
74q1t3kbr6,Civic,17719,Beige
pd37tswzlx,Passport,44774,White
cpa4qghdro,Passport,44889,Beige
4z7r1z49lt,Passport,46977,Silver
d1du64yye7,HR-V,30418,Gray
6hholsvmyg,CR-V Hybrid,37493,Beige
jf78sjdmkz,CR-V,31213,Green
kc4sd4nv7n,Civic Hybrid,25237,Yellow
lm1btuiu3r,Prologue,55928,Beige
aydtdk1jgr,Ridgeline,44284,Silver
gvkn3ccpu1,HR-V,31476,Silver
f3x0h3ingt,Accord,27364,Beige
gzljzldxzo,Civic,27077,Red
w6vng94srt,CR-V Hybrid,33966,White
nw3ps5kcx9,Prologue,56154,Silver
ff2ts9zpic,Ridgeline,44957,Red
i6x1syscjz,CR-V Hybrid,39198,Green
p1fariubcr,HR-V,30154,Blue
r7v88i9j9w,Civic Hybrid,29363,Yellow
eqo6enefp8,CR-V,28196,Silver
0t8r4ev4x3,Odyssey,47195,White
3yx60swrtz,Passport,48819,White
0p3gnkzxc9,CR-V,29544,Blue
dwe2dv70zp,Prologue,56148,White
sul7uskgfl,Civic,27794,Yellow
39i1rsxrkd,Ridgeline,39038,Black
x6zfef2cuj,Passport,45010,Brown
ovjspitjtg,Prologue,57542,Red
vwawcsbjrt,Accord,25018,Silver
3eujm36p9b,Civic,18578,Green
3as34wdckg,Accord,31032,Yellow
c6n4r4o44n,Odyssey,42374,Yellow
4v3rt3srj7,Accord Hybrid,36071,White
m6pleqlwkk,Pilot,45245,Yellow
wspnco84n0,Accord,27772,Beige
6s553asdch,CR-V,35275,Green
k9en3sb0te,Civic Hybrid,29497,Green
fof97dkgfo,Pilot,50563,Blue
kzv1p7h7uz,Odyssey,43095,Beige
1s2o47whb2,Odyssey,35407,Brown
122nuebuty,Ridgeline,38381,Green
buvmw9e5cm,Civic,25793,Beige
pef8zgn3jy,Ridgeline,38793,Gray
7cet461n9l,Pilot,43480,White
50h93sfzhb,Civic,19992,Brown
ci7f7pgtrf,Civic,27098,White
aft9wbupea,Odyssey,38938,Brown
yt5xfvy2hr,Accord Hybrid,37745,White
ge187vdiic,Accord Hybrid,28805,Blue
gdi1azi3b9,CR-V Hybrid,37000,Black
48utsoce4v,HR-V,29273,Black
lt0g7su8di,Odyssey,46923,Green
a2vb0jya2y,Prologue,51545,Brown
2jyx9pdt1v,Accord Hybrid,36174,Yellow
1fit37jkah,CR-V Hybrid,33217,Silver
dbjyprz6oq,Pilot,38963,White
wf8s84fofd,Civic,25538,Brown
bl5ihyxsyc,Accord Hybrid,31390,Gray
kqfpsywwbd,HR-V,29407,Beige
jitlrqlofz,Pilot,38113,Green
orkk7gvo15,CR-V Hybrid,33176,Beige
linkz0oy7s,HR-V,25984,Green
hl1k1w8sdi,CR-V,35566,Gray
20g1ymdkoe,CR-V,37853,Black
k1i9k407u3,HR-V,29268,Brown
a85nbrq9r1,Civic Hybrid,27833,Green
fbo0hvi4up,Prologue,54804,Red
nqpp772gst,CR-V Hybrid,38332,Gray
4amot80i89,CR-V,35244,Brown
odh7lvc049,CR-V,28757,Blue
q486ks1ozu,CR-V,30257,Brown
loango0i3y,Passport,45209,Beige
9a53707i2h,HR-V,30625,Gray
db8tb7ez57,CR-V,38761,Beige
4hu8e1lk7q,Odyssey,40720,Green
feo43e5wn4,Odyssey,44977,White
ew9ns8vypd,Prologue,49381,White
8mtg954814,Odyssey,35591,Gray
hbc352xquw,HR-V,29432,Yellow
td5981xd07,Pilot,50761,Blue
aqpvxf4m0s,Civic,21153,White
5b2p6d6kje,Prologue,53552,Red
ob8z3c60qo,Prologue,55499,Brown
bc0iijtmvf,Civic,15724,Yellow
xqlzmd0ytu,CR-V,39351,Green
zbhwe7xcuo,Civic Hybrid,29365,White
56t4sw27xg,Passport,41350,Blue
7l8wrtdpuy,HR-V,29287,Black
f8zm9hxgfl,Ridgeline,38644,Black
u4hevyhxza,CR-V Hybrid,37221,Black
6pnnflmxri,HR-V,24572,Yellow
hou6cg7v4k,Passport,46611,Black
giixngflm1,Accord Hybrid,29053,Silver
udgmltv6jr,Accord Hybrid,30584,Blue
t3relejwtn,CR-V,39564,Green
8es94naahr,Passport,42916,Silver
2fz8yn4bz3,Civic,25141,Yellow
xg1vdlg4fa,Passport,41743,Black
h8p5rbwu5t,Pilot,39712,Yellow
s9hgo980sd,Prologue,50470,Red
k6yxwbt58t,Ridgeline,39268,Blue
vfmwcmgotx,CR-V,37268,Blue
ukvgb82ylj,Ridgeline,45305,Red
kyijhek3iy,CR-V Hybrid,40717,Yellow
tux544d5uw,Civic,17060,Silver
gdo6nocquu,CR-V Hybrid,37053,Silver
xpk0y8g4z9,Ridgeline,40628,Red
r5330usnoi,CR-V Hybrid,36493,White
gun7snm0zi,Accord,23042,Green
bzaiiv2yvt,CR-V,33961,Black
4avosy82dl,CR-V Hybrid,40092,Gray
8pb8f9dp5r,Odyssey,44760,Brown
8t33jcv6b4,Ridgeline,41978,Beige
gm7cpsmt9g,Pilot,51280,Silver
79n5g7mbmi,Ridgeline,45194,Yellow
9mhuimsh16,CR-V Hybrid,39918,Blue
3en7m1mkmi,Passport,44599,Gray
uubdfymj6e,Odyssey,37333,Brown
62hw1xzrey,Civic,22589,White
3seuvy6523,CR-V Hybrid,41046,Gray
cub4buus41,Pilot,50690,Black
r2v2iwnfmb,CR-V Hybrid,37256,Silver
z369dis1nb,Passport,47997,Beige
kwfbi2yzyd,HR-V,27226,White
o7t0xf4zmc,Accord Hybrid,28870,Gray
cfu4z74v4l,Civic,23642,Yellow
842obsphi2,CR-V,37786,Gray
d5aaijx3hr,HR-V,30753,Yellow
ha9haiixcl,Civic,20026,Silver
ifyfb3b334,HR-V,30164,Brown
97ddpmpupk,Pilot,46817,Silver
0eex7xxm2o,HR-V,31709,Gray
2qo0tnqp7b,Civic,24381,Green
bsv8g669vb,Accord Hybrid,30373,Yellow
9iq976gfb2,Pilot,46454,Green
j2lhmpuff5,Civic,24780,Yellow
h2sh0f8kxf,CR-V Hybrid,33656,Brown
0dasj1w6x5,Passport,45246,Black
6mzffo48go,Civic Hybrid,30282,Silver
cfph5iudf7,Accord Hybrid,30267,Black
nx9n18he4h,CR-V Hybrid,39329,White
zsdgredwwh,Accord,25342,Silver
imn67eghwi,Civic Hybrid,30357,Beige
fb3jdaed7u,Passport,44774,Green
a98nf8lwcq,Ridgeline,47261,Green
jr7sw089ng,Prologue,57510,Red
66oyo2keyv,Civic,27402,Green
46eu3xvw7t,Civic Hybrid,25097,White
q7bg4angs5,Prologue,48827,White
csngcsc8qf,Accord Hybrid,31726,Gray
xvpc86fyh8,Prologue,49517,White
qqxwcxj9ov,Ridgeline,38962,Yellow
jx8y6c5r5y,Prologue,53711,Yellow
3244mn7lu7,Accord Hybrid,36211,Silver
ozsgoz60f9,Pilot,44769,Green
rmnc8edqfd,HR-V,27790,Black
gtlx7ad3b2,Odyssey,41087,Green
i4pashtx8n,Civic,20890,Silver
uht3ecmeem,Pilot,38379,Beige
3olhbqrb3y,Civic,24548,Yellow
vkp2xjjsm9,Odyssey,37734,Red
p3f6h6qeyq,Prologue,53685,Brown
bewcummq2v,Ridgeline,46779,Red
4xvkgm1edm,Prologue,57272,Black
2ffm9crxe1,HR-V,25450,Red
jm05iq3ex2,CR-V Hybrid,36579,Black
moqdpdgjyo,CR-V Hybrid,33506,Gray
jase1zuz54,Accord Hybrid,31452,Red
3tgcyemh53,HR-V,28902,Brown
bfknaeb93t,Civic,24378,Beige
4dx7b38k8w,Prologue,53548,Brown
iku85j1mg7,Prologue,57792,Brown
2ghmefc15w,Prologue,56865,Yellow
gvrn027q20,Passport,41818,Silver
kghbcbugeq,Civic,26800,Blue
86mig77atp,CR-V,29621,Brown
d5zifc8oxp,Civic Hybrid,27023,White
563smwfelv,Accord,24707,Black
2jxjwanzyg,Civic Hybrid,26849,Brown
cfvchr3bc5,HR-V,28473,Silver
x08s978zi3,CR-V Hybrid,41670,White
m208c4k02h,Accord Hybrid,32219,White
exazaqg9e9,CR-V,29713,White
bomzccczdj,Ridgeline,43614,White
201s5g8hph,CR-V,33629,Brown
7wqzzwfwt5,CR-V Hybrid,32973,White
71snxd6you,Accord,27987,Blue
7z73z3hsfj,Pilot,42819,Black
hn4cmxidw6,Pilot,40575,Black
ggbdk9wg7t,Ridgeline,45619,Green
ja3r10ovuh,Pilot,48687,Yellow
9tmevkame7,Passport,43065,White
fm0qsj3d93,HR-V,27868,White
ft99rgkoa6,Accord Hybrid,30789,Red
jz67ngwbmm,Odyssey,42638,Green
wy6imhowjw,Prologue,57072,Gray
hpzfbs58sf,Passport,46266,Yellow
yp2q4n1qoa,Accord Hybrid,36315,Black
m07blx2wgn,Passport,48577,Red
mu5z6lj3cl,Prologue,56188,Black
vvrkg31orr,Accord Hybrid,37091,Yellow
kzojbygeu1,Civic,26334,Black
4xvq3l1sfn,Passport,42455,Black
9h1ksf82qa,Civic Hybrid,26915,Yellow
h28i0887g5,HR-V,31219,Black
4un9v4g3w9,Ridgeline,46818,Green
0q4s3hk4n7,Accord,27172,Brown
gcepe9cnz7,Civic,18748,Gray
fjbz0gdgx1,CR-V,35458,Brown
ett0w8vrxp,Odyssey,44467,Yellow
9989yu7y7n,HR-V,27235,Blue
egvbz3t9u4,CR-V,38146,Blue
nojylagf0g,Pilot,45384,Yellow
hi37eekcrv,Ridgeline,40566,Blue
99p0wrveu7,Ridgeline,43510,Gray
8ha7ly6ft8,Passport,47181,Brown
g0kvs76jbh,HR-V,28220,Yellow
3rncbpjntr,Civic,21776,Silver
u8tm8idf0v,Odyssey,40799,Yellow
ol7xbkcgjb,Ridgeline,39037,Yellow
lw6etfqown,Passport,46018,Black
4dcxtk2mid,Accord,32348,Yellow
dptefq392l,Pilot,46537,Black
1tzlvfg9j8,Civic,25863,White
4yycimpg92,HR-V,30130,Gray
gcpm6qfbc6,HR-V,24775,Black
n7oe4tzzyn,Prologue,48850,Blue
ca8m0yt38s,Accord,25346,Brown
1rpwgsv6lt,Ridgeline,45236,White
auphpe8zw8,Passport,47115,Brown
3pzpce9gf0,Prologue,53683,Yellow
n0bow3g81k,CR-V Hybrid,35822,Gray
ys51z0taht,Passport,42065,Black
rcpzgekc06,CR-V,36487,Gray
sbtc5prsh8,Passport,46613,Blue
o2x08qi76z,Civic,26045,Gray
4vah3y6ypr,CR-V,34257,Red
593drndxgq,Passport,48134,Brown
nbs0gdvae9,Pilot,41252,Blue
7ovzsab60s,Odyssey,45373,Gray
cigxdo1ztd,Ridgeline,39590,Beige
1xqq8glowv,Accord Hybrid,34184,Blue
ck4ewle4xc,Accord Hybrid,34237,White
40v22dectu,Odyssey,40931,Red
p47flzuv33,Accord,33511,Blue
xtq9xx8zww,CR-V,38064,Green
uqp8ds1ldc,Ridgeline,39952,Beige
rr6h7mc2bv,Odyssey,40245,Green
qhd1bcbfq5,Civic,17337,Red
3idauw4vwm,Ridgeline,39884,Brown
kez1ngs7dq,HR-V,31849,Gray
m4isch5kmm,Pilot,50446,Green
z20qk3sn96,Ridgeline,46374,Beige
uoijc59vex,Ridgeline,47332,Silver
p9nuyi8moe,HR-V,30852,Red
ks1il0t58z,Passport,41426,White
6fp4w9usuo,Passport,48017,Green
zlj0w426mx,CR-V Hybrid,39543,Brown
3514cttu33,Ridgeline,46370,Green
d9j4qxzrn7,Prologue,50092,White
87f195gdcb,HR-V,28104,Beige
ezdqz47tr5,CR-V,33341,Brown
lxjraexo21,Accord Hybrid,33338,Silver
v0farjlkkp,Civic Hybrid,29330,Yellow
bzjxnutuad,Civic Hybrid,29244,Red
cq7m9pl4nk,Civic,19468,Gray
d5p89nl8ga,Accord,34150,Silver
uovaebtfbc,Odyssey,46578,Gray
cpjflvk2ph,Odyssey,42412,Gray
zyfy3rhlp4,Civic Hybrid,29612,Red
p74hzzjj7l,Prologue,57353,Beige
4sn9nvpea3,Odyssey,37299,Black
i6jasa37p5,Civic Hybrid,29937,Gray
klrcckjj4p,Passport,49544,Silver
x0yn4qqajj,Civic,15885,White
fhpn54rda5,Pilot,44972,Red
4wd7rjlnvg,Odyssey,36993,Silver
izncwwqi3q,Civic Hybrid,29148,Green
btsz7gslkk,Odyssey,37674,Silver
z6ox8q2x17,Pilot,46204,Yellow
5j8lcdup5g,Civic Hybrid,25270,Brown
5laa3yzp88,Pilot,47928,Silver
az77a0bsdv,HR-V,26284,Gray
594zsuvqw5,Odyssey,41162,Brown
27h2pze4lc,Civic Hybrid,31969,Yellow
8p9xc3y42m,CR-V Hybrid,33248,Beige
47h2muc44h,Odyssey,38825,Brown
asutzrily9,HR-V,26206,Gray
2kj73t9ybi,CR-V,34116,Brown
rq5pke3z2c,Odyssey,42370,White
xbj6ehlb4x,Civic,17469,Brown
vhn4inzdot,Odyssey,42497,Beige
m25zffihdg,Civic Hybrid,30770,Black
y5ylp0hgbc,HR-V,26696,Green
cctc7vbnkx,HR-V,27842,Black
jfg2zfp8r4,HR-V,27682,Brown
5ppz543kg4,Civic Hybrid,31259,Blue
v5m4fll8se,CR-V Hybrid,41769,Red
w2y8qmc8hi,Odyssey,44583,Blue
1oi7jbg337,Prologue,52088,White
5rt2acb9i2,Accord Hybrid,30935,Blue
v3bqpm7v5u,CR-V,34496,Beige
hm3xyg5vor,Passport,44190,Gray
qr62u6gp4n,Civic,16335,Red
bdbikekuy1,Passport,48661,White
xuvocgp6ze,CR-V Hybrid,34236,Red
uoizgi12bx,HR-V,29725,Silver
it6lmsea60,Pilot,39857,Silver
gxyfmt2g0l,Accord Hybrid,28290,Blue
jhrfddzpqf,Passport,41511,Yellow
05yfaldyhx,Accord,33318,Blue
x3l4hikfzg,Ridgeline,41401,Green
fplver0p8b,Pilot,40622,Red
935ao4y9mr,Civic,15942,Yellow
gdv7uotfg8,HR-V,29446,Beige
yioi6g8ix9,Ridgeline,44666,Beige
ew3225llus,HR-V,25577,Red
g25nfkq34f,CR-V Hybrid,41710,Red
mwgj3bkmlv,CR-V,30163,Red
xjfiigjtqt,CR-V,32131,Gray
y70rgunqtw,Civic,20129,Green
qu4b018k0k,Pilot,49651,Black
6itad9sfse,Prologue,51625,Gray
k6nx1auzyi,Ridgeline,38327,Blue
75s4ouo6pl,Prologue,52688,Brown
ciwxgwqitj,HR-V,29553,Silver
qprywrhpvb,Prologue,50602,Silver
ixsqpt9bl6,Prologue,57298,Beige
j36wjs08fb,Civic,20786,White
p7whezlxe3,Accord,22706,Silver
ka9zkamxy6,Ridgeline,47322,Brown
nhsuv36bdg,Civic,16693,Red
hpd9igs5ky,CR-V,38786,White
ef8msb0i5q,Civic,21941,Beige
85cdq5lcqe,Passport,46774,Silver
sus7luurd1,HR-V,28241,Blue
ndzyk3jxdy,Ridgeline,45902,White
qu18jdus6i,CR-V,30625,Brown
ziz8z6dnyv,Accord Hybrid,30192,Brown
o7fdnyg55u,CR-V,35872,White
8rq166j3d0,CR-V Hybrid,41244,Green
p9c7vb70mb,Prologue,55217,Brown
uc9guycgqk,Ridgeline,47454,Gray
5acpro0m1j,Passport,47688,Beige
hx56usg7ch,Accord,28410,Brown
abrdmfalpt,Accord Hybrid,29119,Red
5aymbsbwxl,HR-V,27016,Silver
oc0oe6s0ht,Civic,20852,Black
lt5baf66xk,Accord Hybrid,32367,Silver
okv5t6isa1,Odyssey,40011,Yellow
136jzimgte,CR-V Hybrid,32030,White
75s0nwevva,Civic,17790,Brown
ujwe9hnfdb,Prologue,52244,Black
eshcm6kh3j,Civic,19440,Brown
ath23jnozk,CR-V Hybrid,33102,Yellow
d99vzpbgxt,Accord,27827,Gray
vyj421hu3r,Civic Hybrid,30201,White
l6zz6zwv91,Accord,28978,Red
ygk97lklf7,Accord,29246,Gray
hnpqj5idog,CR-V Hybrid,40244,Green
l4kk1q9lz2,Prologue,50375,Beige
gowcn9y963,Ridgeline,44453,Brown
8phy4fyywm,CR-V,30182,Silver
uqyt1zpro1,CR-V,31946,Black
qsnz2tc42s,HR-V,25839,Brown
gz94tomife,HR-V,30908,Silver
2uoi7yhs4t,CR-V,38225,Brown
hz9v11nj38,Prologue,50409,Silver
9mmrsibdxy,Civic,19287,Gray
wdy07c1dwn,Accord,28253,Beige
1j0zc66y83,Passport,41114,Brown
k2mzmlv72m,Civic,25535,Brown
xdmg9o65qj,Odyssey,37033,Blue
33wcc1u7dk,HR-V,24872,Beige
fh99txvth0,Civic,24824,White
2n0j8mn1tb,HR-V,31671,Gray
pu4vy01yxz,Accord Hybrid,34833,Beige
rz9hvxgb1y,CR-V Hybrid,33232,Green
c32lcsxt1h,Civic Hybrid,31063,Green
k8bmc4xtj3,Accord,27063,Beige
7yqbyr255n,Ridgeline,43057,Beige
9zm5j1da8j,Civic Hybrid,26720,Silver
hmoaz054iq,Accord Hybrid,31110,Yellow
vsnebi9ob7,Accord,34687,Yellow
zt88g4saxj,CR-V Hybrid,40228,Red
8ahzseblrg,Odyssey,36266,Silver
xj3resi4fu,Pilot,43709,White
dbn8h06uu2,Pilot,42927,Silver
ssk6aat690,Civic,27922,Beige
7rfyofo07f,Pilot,39082,White
759b16p8nm,Odyssey,42847,Brown
u6p15czdct,Civic,26822,Silver
gbl1lrsoyh,Civic,17318,Yellow
6qfg11lvuu,Ridgeline,44743,Black
tkaemrktko,Ridgeline,40738,Black
cs0n9kgq1b,Civic,27829,Silver
15bv0bsmvw,CR-V Hybrid,41414,Gray
snekgqrq7m,Ridgeline,42977,Beige
5ugtcqyy1v,Odyssey,41111,Silver
267978wpmt,Odyssey,38894,White
iqagrxx48p,CR-V,37138,White
sifbrq1wix,Accord Hybrid,31033,Yellow
jlyq5exrtp,Ridgeline,45344,White
zl7cgvdv2b,Accord Hybrid,32687,Blue
qwng8q5xcs,HR-V,26637,Red
x0esxtxr4a,Passport,41488,Black
dqhcwyxs0r,Ridgeline,46047,Red
zweid6n6v2,Accord Hybrid,34381,Black
8r7glfdmf3,HR-V,31600,Black
ucabdq0qa4,Ridgeline,41103,Brown
3gzlqhmmyk,Civic,15830,Brown
42assccv6k,Prologue,48850,Yellow
qsx13iatye,Ridgeline,38178,Silver
553tu9jc39,Odyssey,45483,Green
157xn70ckm,Accord,31765,Beige
rhre72feev,CR-V,38216,Brown
l2qf7x0gtb,Pilot,40347,Blue
kcjtjhus4f,Prologue,53108,Gray
s3z5usekam,Accord,23194,Silver
iwob4ddrjb,CR-V Hybrid,34197,Red
0vhewkmv2j,CR-V,39502,Yellow
w67px80eig,HR-V,26632,Red
5e327e5jgl,Passport,44952,Yellow
55r4slvzf3,Odyssey,35434,Gray
m4vypviccm,CR-V,32638,Red
aho2coa50n,HR-V,24269,Blue
8uuokvcbev,Accord,24167,Red
krknkn9l28,Odyssey,44827,White
7n97w677xl,HR-V,26724,Beige
gv8ao2pcg1,Ridgeline,39057,Blue
4kf6oqlhxp,HR-V,28693,Yellow
64pi6mbzr6,HR-V,24141,Silver
0wnmks0bje,Accord Hybrid,31063,Brown
3uqtbaklid,Prologue,53779,Silver
bm73dqy8lf,Accord,34002,White
ftivjg79vc,Civic,21507,Beige
qkrwl1ebyh,Passport,46555,Silver
o7rtxl7nay,Prologue,49403,Green
6sk5sm2zog,Passport,44869,Brown
mwnocsrcfr,Passport,42606,Yellow
yvsmddn5pn,Accord,31472,Black
xcab45yqaz,Odyssey,46317,Gray
r4t0jzi4c4,CR-V Hybrid,40963,Black
p7cd7edwxi,Prologue,49544,Gray
k3nx9unxak,CR-V,30956,Green
65q4vhsi6y,Pilot,44842,Red
ihj8wxrmza,Accord,31090,White
ivm3d6d24k,CR-V,39199,Green
f7jca1lwqt,Ridgeline,47442,Red
z8amo6k353,Ridgeline,46605,Yellow
8bczyvx0bu,Odyssey,43944,Green
3xygaxqtof,Civic Hybrid,30194,Beige
b73yar5af7,HR-V,24902,Brown
9l6eysl03a,Civic Hybrid,29514,Silver
35tt19wjzx,Ridgeline,44815,Silver
aw1l8on3da,Passport,48191,Blue
9m2jqfhljz,CR-V Hybrid,39882,Blue
fnsz5gtty9,Accord Hybrid,31281,Blue
1gx0d5mhpo,Civic,15764,Red
ibqgkiguu6,Civic,21597,Red
iggo7mzn3d,Ridgeline,47824,Brown
5jvyp3aifg,Prologue,54721,Red
wgq123r7l1,Pilot,38830,Blue
8phu1hmksd,CR-V Hybrid,37105,Green
lm5c9y765m,CR-V Hybrid,40824,Brown
rj97inkpsu,CR-V Hybrid,33991,Silver
p9lyqiv8f4,CR-V Hybrid,40571,Beige
uenhtqqdea,Odyssey,44126,Green
sym5nldkgm,Ridgeline,42678,Yellow
ff3uwy6kaq,CR-V,32458,Gray
cig5c3gxud,Civic,18384,Beige
jfo799ufvq,Pilot,48179,Brown
uf77xtlqgb,CR-V,37927,Beige
tk1rz6qls1,Ridgeline,43502,Silver
xo7mjmkiek,CR-V,33054,Blue
u9q0w8w8pm,Odyssey,45653,Black
e28k14d990,Ridgeline,38083,White
ql9zrw21vu,CR-V,34080,Green
2m7qewe0ad,Odyssey,41217,Silver
qx6yu5vuih,Odyssey,46658,Gray
cvsdrurkta,Accord,23084,Yellow
7wigmx2iiy,Pilot,47172,White
4k70mjmqwd,Prologue,53406,Red
mgxase1h6x,Civic,18938,Red
78crv5eht2,CR-V,29623,Green
1wxpygp2sj,Accord Hybrid,36616,Red
xd1ge50jlv,Pilot,44139,White
qyz8frr2zl,Passport,43851,White
xmyzjhuk4x,CR-V Hybrid,41074,Yellow
pxrfxyefwc,Passport,43685,Red
sog6gw9wwu,HR-V,27156,Gray
5f3rt5kftf,Civic Hybrid,31665,Blue
jksirhk8pe,Ridgeline,47974,Gray
y7vxth9hmd,Pilot,51781,Yellow
nopf3mtg63,Civic,23846,Beige
5on1nuz8e9,Civic,16831,Yellow
ijk44uab48,CR-V Hybrid,35003,White
hf9jzozcqe,CR-V Hybrid,33203,Green
7jtwrmhucz,Pilot,46421,Brown
q8mezwgbnk,Civic,20456,White
isotrcrqkk,Accord Hybrid,30471,Brown
tjgaropfhi,CR-V Hybrid,36582,Gray
k5nq8ondld,Accord,26036,Red
fnxy47d4ml,Accord Hybrid,34602,Yellow
wxguh98lql,Civic,16924,Green
8lxum1efig,Ridgeline,40254,Silver
selncfwudi,Ridgeline,42379,Black
4qyxks1nvh,Accord Hybrid,36025,Gray
f43fz4i2st,Pilot,42613,White
1v1g7q9bxp,Passport,45217,Black
4enttkuc2s,Prologue,53523,Green
g9a1csr94l,Pilot,40285,Yellow
wvqnrpsdko,Prologue,51629,Brown
32vy1suujq,Civic Hybrid,30330,Black
90kqy7e1lz,CR-V Hybrid,33651,Yellow
9pmumtvt74,Odyssey,39273,White
sm4xx3759v,Ridgeline,45574,Green
ybtfsl51v6,Pilot,42141,Green
bzbw0c45dz,CR-V Hybrid,41909,Yellow
h9hdktzmtw,CR-V,35018,Red
e6m1x07r0s,Ridgeline,41175,Beige
hsgx7ly99k,CR-V Hybrid,32277,Black
ja6efank20,HR-V,29897,Red
ln8nbmpejs,CR-V Hybrid,34369,Beige
s4krd9y2ws,CR-V Hybrid,37559,Black
ofu5ggelvl,Civic,15775,Beige
yt3p6odu5k,Odyssey,44346,Red
2l9d28ogvb,Civic,23667,Silver
k4ryu8eh57,Prologue,51173,Gray
v74x193bqw,Pilot,38649,Blue
vh6wordpq3,Civic Hybrid,30263,Brown
diekpl3iej,Ridgeline,40038,Brown
4s0vf3q9j0,Civic Hybrid,31690,Black
zxeuuyjd2e,CR-V Hybrid,34797,White
v9r9soq4ne,Passport,44670,Gray
7ncy5dhdwq,Civic,17631,Green
jirptbvgov,CR-V,28624,Black
2yyyi4b7eh,Pilot,48946,Gray
9rk1u1jg1g,HR-V,31352,Red
tcj31gja3p,Ridgeline,44137,Red
rcdn6ben2j,HR-V,24340,White
e6elb7muz7,Prologue,48292,Blue
ufzi7h405o,Pilot,51986,Yellow
gtors1yffw,Civic Hybrid,31541,Black
jfrd5tgp6e,Civic Hybrid,26278,White
hd18h7ptlo,Civic,22088,Beige
g9qezidz6t,Accord Hybrid,32119,Gray
55abrs9art,Ridgeline,41745,Brown
xnorerzx4v,CR-V Hybrid,34934,Blue
6tkyx5wwzc,Pilot,47496,Gray
mra4tojfai,Civic Hybrid,29488,Red
yzrop1t4vl,Civic,16792,Gray
j57gzst1ut,Accord Hybrid,30715,Red
mgk7dj5h04,Odyssey,40432,Black
gxcsf9gkrr,Prologue,48799,Blue
8jby3a6xiq,Passport,43589,Red
uokummdins,Civic Hybrid,29479,Red
rq6kkm1u5k,Odyssey,36241,Silver
98j413xnsn,CR-V,29000,Gray
2btzi7cecu,Passport,45670,Black
21bg2rdz6c,Accord,29037,Brown
rrzs0igv4o,Civic,23210,Yellow
67ugutnwpx,CR-V,30595,Beige
2xqav6ymjo,Accord,26042,Brown
87h8f6r27t,Accord Hybrid,32524,Gray
b23o87bi8v,Passport,49710,Beige
j9yt8y7yko,Civic,19961,White
eams7yg3gi,Civic,26081,Gray
q7j2bmp252,CR-V Hybrid,33325,Yellow
offwhpskud,Accord Hybrid,30053,Yellow
kn6uwr9lq6,Pilot,38036,Red
i45x4e4lli,Passport,45454,Gray
ktwvks2y8t,HR-V,28491,Beige
ayysjw8vox,CR-V,33799,Black
389alm7cyv,Civic,16712,Silver
icazql62it,Civic,18647,Brown
7u0s5s1iph,CR-V,31190,Beige
0kffx3crjt,CR-V,28746,Yellow
hbh5gohloo,Pilot,48767,Beige
d385vc58i8,HR-V,30974,Silver
s8la697xzb,Odyssey,47343,Green
lojpt63n5r,Accord Hybrid,35356,White
4ivv5zy30g,Accord Hybrid,32339,Brown
f2f2rtgati,CR-V Hybrid,41920,Green
3tjakkz0di,CR-V,31589,Beige
496u3d775o,Pilot,47830,Yellow
1aenyxst51,Passport,41159,Gray
yb1iqzew71,Civic Hybrid,31729,Beige
2nek9vuuq7,Civic,24109,Silver
7nlmyks9ym,Ridgeline,45214,Red
7seoi2lf2r,CR-V,34441,Gray
0q0h5xcjuy,CR-V,28138,Red
6cu667qb91,Passport,47293,Blue
yhu0qdz9sx,Prologue,48462,Green
a5vrhxktv2,Pilot,41887,Gray
clfjhfnaht,HR-V,24808,White
ayhgacyh2r,Odyssey,39977,White
mahax00zxo,Civic,27925,White
4wsq95xra1,CR-V,34893,Beige
rxyr69ffph,Accord,28141,Gray
ak1oc4vnwi,HR-V,28420,Black
ftdr25nrdv,Pilot,44702,Blue
8yacuiuoj8,Ridgeline,45125,Yellow
2r3vpjovnq,CR-V,38777,Black
tmcwimrm7u,Odyssey,39996,Gray
v92905ntlj,Civic Hybrid,25125,Green
03vyqof94x,HR-V,30426,Blue
i0hagmlljj,Accord Hybrid,32508,White
vj9492htb7,Accord Hybrid,36660,White
9c8k62mkhk,Civic Hybrid,27362,Red
7xxjx2wi4z,CR-V Hybrid,39309,Gray
d7dhmc1ypj,HR-V,24413,Brown
9f4hb3wlvu,Prologue,49535,Blue
8889im0mhl,Pilot,44420,White
wz10o45txd,CR-V Hybrid,35035,Green
zjwad4sxlt,Ridgeline,44285,Yellow
m917uhcyi7,Passport,46181,Black
e21jftootf,Accord Hybrid,37357,White
kpfpi4imic,HR-V,28639,Beige
oc2fq82t7h,Prologue,48665,Black
qyybptvtlg,CR-V,38167,Silver
n5exks6uua,Odyssey,39144,Beige
untyfnn74l,CR-V Hybrid,41723,Green
ed8n49nj4n,Civic Hybrid,26036,Gray
8hkq1j17tq,Ridgeline,47370,Silver
l4avdpo1an,Prologue,48197,Black
uwxigh26ke,Accord,25633,Yellow
hfss1f7a70,Odyssey,40219,White
dd13dxhb8l,Ridgeline,39503,Beige
0m1f0u4sb1,Pilot,45999,Silver
8eplaaeiu3,HR-V,29096,Gray
gpvsvociqt,Accord,28593,Yellow
horjlvadew,Passport,47144,Green
0pgi9unl5s,CR-V,39457,Blue
dlijydk7e3,Ridgeline,39980,White
lb7yiju4qe,CR-V Hybrid,40424,Beige
3qmfaxresi,Prologue,48370,Gray
pgzz7mi17h,Civic,22683,Green
iai05h2dkp,Prologue,49467,Silver
4gtpbjcn9s,Civic Hybrid,29620,Silver
qirp0zqyhf,Accord Hybrid,31349,Black
hn3vswuoo1,CR-V Hybrid,38495,Green
y6fjbjl43q,Civic,23553,Green
gxie09xzeo,HR-V,30480,Blue
c8f8mfscv3,HR-V,24617,Green
a5jpupp61o,HR-V,27864,Blue
4qsdiwgi28,Accord Hybrid,28500,Red
q28glmtabj,CR-V Hybrid,38435,Green
18t82r9yea,CR-V,37097,Brown
i7bzxd9jht,Ridgeline,45879,White
fjdhvc77cq,CR-V,32245,Green
q3u5zqbqf1,Accord Hybrid,28560,Brown
s0cgk2vzm1,Civic Hybrid,27329,Red
kmcw77meiu,Accord Hybrid,33909,Red
m1gfozrhfc,Accord Hybrid,36675,Blue
uwcdumbr7s,CR-V,29045,Beige
9scbqxkct8,Ridgeline,45086,Brown
6q7h6imeua,Accord,23466,Red
dlq16h5gme,Ridgeline,40769,Silver
7w6mis6y97,Odyssey,39826,Black
28eqt3fn7a,Pilot,47937,Silver
9x7pdenvpx,Civic,25232,Red
zmkn11pmuf,Civic,19643,Green
d381v0vzzd,Prologue,52864,Beige
fljj4o4938,CR-V,39747,Green
odxorpfp62,Civic,21710,Beige
jk4d2o9b2f,Ridgeline,40692,Yellow
480ss3ry2v,Accord,34732,Gray
ijgkzt2fdn,CR-V Hybrid,40708,Green
hcvtdqaz8j,Prologue,53016,White
l29zpiioyl,Accord,32023,Green
b6447tjxoc,Passport,43455,Silver
7ql0dzt108,Odyssey,39658,Yellow
3ph4hdeyyh,Civic Hybrid,28431,Silver
hj4v0wfeet,Accord Hybrid,28060,Blue
zw1442c3ee,Civic Hybrid,29437,Black
zn2t6hzifq,Odyssey,47941,Gray
85hm04ohie,Civic Hybrid,27198,Brown
n2ie93y96v,CR-V,28686,Green
hy82186vej,CR-V Hybrid,34800,Green
yt2h520liz,Passport,45475,Black
9f7isofiq1,Ridgeline,46613,Beige
70fh9x97zm,CR-V Hybrid,33878,Black
v8x83i540r,CR-V Hybrid,40778,Gray
hvcy8quran,Odyssey,40007,Brown
w54fwl2get,Civic,22887,Silver
yk3uh2t74d,Civic Hybrid,26455,Beige
9gvhuroje2,Prologue,54639,Black
2rqrgb2qi2,Odyssey,39541,White
ysb2fje304,Passport,40418,Brown
o0f56qrdff,Passport,45157,Beige
20mvovqeek,Accord,22944,Yellow
gpaod2z030,CR-V,35293,Gray
4obrycfc99,Passport,48796,Black
sxlwb8jed0,CR-V Hybrid,33148,Red
mcnfbz13xz,Odyssey,46001,Silver
3i2kg6424x,Odyssey,40893,Green
zptqc9syq9,Pilot,41567,Green
8eoaovnq5o,Pilot,44812,Silver
j9qzf65nwb,Accord Hybrid,33679,Gray
ag111o51nl,HR-V,27191,Red
t0db2ozhzn,Accord Hybrid,31031,Yellow
0vyhdposws,Accord,33819,Gray
t7watlqqmv,Pilot,49980,White
yjuy3ykkje,Pilot,48665,Silver
9me1ay2eq2,Prologue,56963,Yellow
p1qa7vu0oa,Civic Hybrid,30290,Red
revlmci0rm,CR-V Hybrid,36725,Gray
riinbf0n63,Civic Hybrid,27916,Blue
gcu4ysovcc,Accord,27868,Red
58487pk1tp,CR-V Hybrid,36026,White
5ig46dectq,CR-V Hybrid,32640,White
quka58suvj,Odyssey,44598,Yellow
biwl15eurw,Odyssey,41061,Black
e93rjxznuy,Passport,48928,Gray
rvbkgdwhow,Passport,44808,Green
vo6sver1db,CR-V,34929,White
k09uexgjjz,HR-V,28157,Blue
m64rmymubt,Ridgeline,39155,White
y62kbn8i4d,Accord Hybrid,30870,Black
g7igaajxjr,Ridgeline,39740,Silver
1fglkd1wh1,Accord Hybrid,31238,Black
1mahbiekoq,HR-V,24520,Blue
xy59orzmn0,Accord Hybrid,28485,Black
809z3m8ib5,Civic,25002,Brown
d4h7lugumk,Ridgeline,40898,Silver
86xtf0vvr5,CR-V,33002,Beige
a0k0wdxd9j,CR-V,39478,Yellow
jpgua0aonc,Civic,23700,Beige
gx1w0kjt46,Odyssey,46779,Gray
p9zv19x6pg,Accord,31024,Green
22e8um7q0u,HR-V,24236,Blue
ptlzgqaumg,CR-V Hybrid,37872,White
farmcldhbm,CR-V,36749,Gray
mwm26wufi7,Accord Hybrid,32869,Silver
nyfa6m12h7,CR-V,32039,White
yiylmvnyu2,Ridgeline,38874,Gray
iu0x6iwauj,HR-V,24217,Brown
xlz12bju9x,Accord Hybrid,31480,Gray
9d1e4qqs14,Passport,46215,Blue
22geobn86k,Prologue,49021,Green
r3enugfywn,Pilot,45377,Silver
8hllaqx26j,Accord Hybrid,33357,Black
xyaod97f7q,CR-V,37101,Green
u5qgisjr0c,CR-V Hybrid,33421,Red
h7ed8sheqv,Civic,25727,Red
86ac8f97r3,CR-V,37893,White
n1tmtnx9s8,Pilot,51514,Yellow
iup8fnbhcg,CR-V Hybrid,32268,Black
7djbotbajh,Pilot,48868,White
t1fkj3ea7l,Ridgeline,42235,Silver
zqobrq6mjm,Accord Hybrid,36751,White
0xnsdlnayv,Odyssey,44229,Black
ci92hrfx4l,Odyssey,44931,Red
5wy6oqeoz6,CR-V Hybrid,38370,Blue
cj1ffkk7u7,Accord,32063,Yellow
yg32qxijff,Odyssey,39433,White
8eshykzuw7,Accord,26545,White
sd4hvcujgb,CR-V Hybrid,32652,Silver
7zezqfrnau,Accord,23314,Brown
979ccfhy9h,Prologue,57593,Brown
mvy8ax57cw,Pilot,50970,Blue
xk7zryn14q,Ridgeline,39189,Green
9tpzc92y6z,CR-V Hybrid,36858,Blue
ozo7ccjolz,Accord,28174,Black
ze1drig0qx,HR-V,29594,Red
i4ohr1leuh,HR-V,29391,Black
pe87o6cxde,Accord Hybrid,31054,Green
nhidcvoq9w,CR-V,33903,Blue
2hcyn93fxw,Accord,28099,White
1315rdd8dr,Accord,34913,Black
7b5b8wi5l7,Prologue,52715,Yellow
gc9kzzjwkj,Prologue,50583,Gray
e38i9ztigp,Prologue,49863,Red
s0cm6bo7l6,CR-V,36055,Green
0f7hexcq3n,Pilot,47473,Green
28iml1eo06,Accord,27087,Yellow
v6aovo9q8t,Accord,34494,Green
r9knlkdpg5,Pilot,44442,White
e5cdj00kvp,Civic Hybrid,30328,Silver
o9xbvsjluw,Accord Hybrid,35472,White
vcak575gsh,Odyssey,38965,Blue
2dhfltk08u,HR-V,31667,White
sqnmsmt0sc,Odyssey,38705,Black
8dvyg3uc8n,HR-V,31335,Gray
gfb35sa0sn,Accord Hybrid,28965,Brown
6sfkjv5mr6,Passport,41642,Gray
djqpoystzd,Ridgeline,47630,Brown
v39uzrvkkb,HR-V,28123,Gray
up20pjmyvs,CR-V Hybrid,37617,Beige
r3zqaqugha,Accord Hybrid,35889,Silver
2seuh92iub,HR-V,25590,Black
0m0chpdmuh,HR-V,31369,Gray
jea3ppztlg,Civic Hybrid,25232,Blue
w92djrtskz,Civic,20122,Blue
tzn41gx5v0,Civic Hybrid,28847,Silver
37waukiz4y,Pilot,45584,Yellow
1ce1j831of,Prologue,51963,Yellow
oepkfpzztb,Accord,28743,Gray
ek3wqiga0l,Ridgeline,46162,White
9kum5c53d4,Ridgeline,47751,Red
g1gi4fvqs2,Accord,34687,Gray
nbwchww8lj,CR-V,31444,Yellow
ofirxx2txq,CR-V Hybrid,41721,Gray
ym39bldlm4,Civic Hybrid,25178,Blue
8xzvmdbtis,Civic,16164,Green
xwmgq3qu43,HR-V,31859,Red
p4blne1jxz,Prologue,50309,Green
d8e1wt5icw,Civic Hybrid,28254,Black
2k5x9vjxh9,Ridgeline,38847,Green
0a0ujysj6x,Pilot,43653,White
lgaar8s7l2,Prologue,48912,Silver
i9mgn3xnkf,Prologue,57098,Gray
5bo9h1toui,Accord,34526,Blue
p4ewvw2vdz,Passport,48443,Beige
2jthurx4b1,Pilot,51669,Blue
8bc9x93qy6,Civic Hybrid,27765,Silver
b1o3u1j73s,Ridgeline,40264,Yellow
k6pv428m4t,HR-V,28275,Yellow
7g99pkka7n,Prologue,52254,Silver
0tke1fb50s,Passport,41192,Red
u9str80hwz,Pilot,40988,White
xssmhxaq9q,CR-V,39736,Black
cqhvpikgwd,CR-V Hybrid,38128,Red
n5uxsd4cbd,Passport,41655,Blue
fc4ll8571n,Odyssey,37638,Green
yxgla3n6we,Passport,49570,Brown
9vn8n6rrhw,Passport,45044,Black
ej08j8hnio,Civic,20314,Green
w805cvcyuv,HR-V,24530,Green
rhbsbe184a,Ridgeline,45435,Brown
oo3pti3om6,Ridgeline,42242,Silver
kcnnixhd2t,Accord Hybrid,28292,Yellow
7moit4l3s1,Passport,45497,Gray
hqppdez8x3,Odyssey,46875,Green
epwhadnbzd,Prologue,49650,Yellow
x7edd2xbnv,CR-V,37535,Brown
lkfgp7e5q5,Pilot,39538,Gray
extqnoelup,CR-V,30240,White
8yvzu1bmmk,Civic,16665,Yellow
rtgpiiwsw0,Odyssey,42090,Yellow
rejguorcc9,Odyssey,47628,Silver
sv0asyrbda,Pilot,47122,Green
sq9frizkwx,Pilot,44585,Brown
if6zndh975,Accord,23100,Yellow
kiw788r6jy,HR-V,30119,Yellow
7gmupaeyut,Accord Hybrid,35513,Brown
p8ndv3gtt1,Odyssey,47034,Blue
uui1yh0ckr,Civic Hybrid,28056,Gray
u8cf92i8l0,Ridgeline,39933,White
iqpsy15bf9,CR-V Hybrid,34251,Yellow
yxd14vx7ub,Civic Hybrid,31896,Blue
tyiwswclbv,Odyssey,44300,Brown
mq344ks0hm,HR-V,26176,Gray
fdznopem3z,HR-V,30064,Blue
qpellpbco3,Civic,22614,Red
oid0dhrmcq,Ridgeline,47734,White
p8igi1ye3r,Civic,26842,Black
b03eiyyr2u,Passport,43222,Yellow
4nhbwngrxf,Passport,46056,Yellow
ofr3myyyep,Civic,26829,White
qcx7lc3jei,CR-V Hybrid,41095,Yellow
3268l85mwm,Prologue,50279,Brown
0zks7hm1qg,Pilot,42928,Blue
6irzf17426,HR-V,24022,Green
dim2p7exqq,Pilot,45019,Blue
oovjt7slin,Accord Hybrid,31597,Yellow
bp2hy36gom,Passport,40319,Brown
8bd7tpzcsk,HR-V,31338,Black
aai1g54ib1,Prologue,50232,Gray
wvi54k4f5u,Ridgeline,45305,White
utfir2808u,Civic,24434,Blue
2001idi5of,Accord,22392,Blue
dlhb37c955,Accord,24585,Gray
ebuirjq85c,Odyssey,37601,White
qftb0nmlz0,HR-V,30794,Red
79oe2la8f7,Civic Hybrid,31476,White
mmwtwpcrj2,Odyssey,41627,Brown
8maml2lfgj,Accord,25848,Black
pkifc9ije4,Ridgeline,39230,Beige
bxezpakzvc,Odyssey,40720,Green
nlo476xnsh,Passport,45516,Green
srz3tp3o64,Civic Hybrid,31037,Yellow
7t7r1qxwqo,Accord Hybrid,29247,Black
em8gwx8j6m,Civic,20636,Beige
2mhop387ys,Passport,42105,Beige
u8kupb1x6f,Passport,40709,Green
q3m99vh726,CR-V Hybrid,34604,Yellow
9kg5zn0plk,Civic,26203,Silver
rusw6a5f6n,Pilot,49732,Green
5t01e8i5dx,Civic,22010,Blue
oxxnt2mghl,Civic Hybrid,26997,Blue
9ly1mf5a6e,Prologue,55362,Green
6gwv85aceh,CR-V Hybrid,37160,Yellow
x83q78ryv6,Pilot,49692,Red
7jxu0xyg8g,Odyssey,39801,White
snrj3dhxyp,Civic,15038,Black
zlya8d4122,Passport,44186,Blue
iflstw408v,CR-V Hybrid,38366,Brown
nb8x8ofnwv,CR-V Hybrid,37401,White
kasbj858y6,Odyssey,38466,Black
ud8r65ffyl,Passport,45399,Gray
szwco8vb4n,Pilot,38489,Yellow
4xozyp202g,Accord Hybrid,37252,Blue
lk7qe9baeu,Prologue,55236,Gray
87w7dh8683,Accord,31637,Beige
cdxtpu6k08,Ridgeline,38944,Gray
j3l3x2zopp,Ridgeline,43726,Beige
e7mxftbml3,CR-V Hybrid,41419,Beige
g5ddxskusc,Passport,48819,Black
6iq1dyjwq9,CR-V Hybrid,40042,Gray
q3depwlson,Prologue,55160,Red
64mi49nx5v,Odyssey,43417,White
q0x2ln8cav,Civic Hybrid,30095,Black
8w0mv8cmbt,Prologue,51458,Yellow
jwy89onki3,Civic Hybrid,30820,White
2zmziaupas,Accord,22581,Red
934faxxm4i,Civic Hybrid,31387,Black
a065b1rtn4,Passport,41068,Green
cytilbi271,HR-V,30331,Blue
ocw3thyt7s,Pilot,44263,Yellow
izbu9frokn,Prologue,54138,Black
lci05feu1e,Civic Hybrid,31385,Red
f6eeg4idi4,Odyssey,36121,Black
wbmch3rc2o,Ridgeline,43376,Brown
jkdlxopn52,Civic,21573,Gray
ic0kjhif27,CR-V Hybrid,34412,Green
76hgbznd3b,Ridgeline,46859,Blue
99felsyfc5,Prologue,55748,Beige
627dh3ds95,Civic Hybrid,29200,Blue
tl3im17uji,Accord Hybrid,35647,Black
27os4q4xkb,CR-V Hybrid,41593,Black
7g47gijg8v,HR-V,24751,Green
n1l3vuulqa,Accord Hybrid,30638,Brown
8a239rfkz3,Accord Hybrid,33277,Yellow
brsdpf8yos,Pilot,46613,Black
2gzegpv3e5,Odyssey,37440,Gray
lvdrphdtan,CR-V Hybrid,40631,Brown
oun69fvon4,CR-V,32984,Blue
b855fjwysk,Accord Hybrid,30986,Green
r6frvwa1bk,Accord Hybrid,37857,Yellow
9uf6ajqzt6,HR-V,30662,Silver
whb8szd7qy,Prologue,53161,Silver
0p2gob9qor,Pilot,48647,Yellow
tiuu6zpke9,Pilot,41713,Gray
4axea2h5g6,Prologue,51851,Brown
oluln9db6d,Ridgeline,47063,Silver
z35ksfs018,Passport,40416,Gray
mb28e72a9m,CR-V,34746,Gray
fcmd0du2ku,Odyssey,37302,Black
g5iq5v7tpw,Odyssey,43693,Beige
027jm0b3ou,Pilot,39147,Brown
2bfqk8745t,CR-V Hybrid,36362,Beige
64lr9wuu7a,Prologue,51288,Black
hlmeypn8wn,Odyssey,36230,Beige
6f42bni2xe,Ridgeline,44573,Gray
65j1x3ifsl,Prologue,49477,Brown
0otwgkfcrj,Civic,19782,Gray
2pea73l88o,Accord,26824,Blue
2ryns142w3,Odyssey,46102,Beige
fjbv4j6mqa,Accord,27197,Silver
4soet2ni0p,Accord Hybrid,32993,Black
0jagq5w0yb,CR-V Hybrid,35562,White
osv7iq2e2b,Ridgeline,39097,Yellow
zvkbh0wdra,Prologue,54188,Yellow
l1uvs1x64p,Civic Hybrid,31490,Green
q7iudzb3co,HR-V,26654,White
w0ot6vpp4f,Ridgeline,40572,Brown
inzo1o9xy9,Accord Hybrid,33427,Beige
1auv0pjufz,HR-V,25970,Green
lz4gptdqaw,Accord Hybrid,36922,Green
m8j6q8rf5z,CR-V Hybrid,33750,Silver
bcv7yofipd,Prologue,51470,Green
43y0vz5g5g,Ridgeline,46157,Green
nrefc951be,Pilot,44127,Blue
kaigti75qi,Passport,46988,White
zp9yaz8thv,Accord Hybrid,37411,White
dml5y7p23n,Accord,27338,Blue
3pufsghctj,HR-V,30172,Blue
eaenlh1ry8,Pilot,39273,Beige
xxalmec1ms,Accord Hybrid,34349,Yellow
kvxtt4ksi7,Passport,40039,White
qupl9u5yno,HR-V,28292,Gray
v9a2k6y445,Accord,24750,Red
8exsii3b6q,Passport,42550,Blue
9kqoaqjgtu,Passport,45559,Red
t81gefx821,Accord Hybrid,35109,Brown
w6x4n32x83,Prologue,54989,Green
9gvbs0dk49,CR-V Hybrid,36728,White
u9uf51if0c,Accord,32374,White
aun35tx90w,Passport,44435,Beige
07725pn9u3,Civic Hybrid,26261,Gray
efe0v6lmh4,Prologue,54425,Brown
7zev34a95c,Civic,17705,White
s2xm9q3c3d,Civic Hybrid,25097,Green
k3hro4lr1c,CR-V Hybrid,36613,Gray
xgwep5w1pa,Civic Hybrid,29872,White
jd42npmyrf,Accord,29016,Black
ianzd03xy9,HR-V,28291,Red
4hfhzb439n,Ridgeline,47300,White
a5ko0lu3za,Ridgeline,41145,Yellow
kvhbgkjunw,Civic Hybrid,29471,Blue
l64xuvwpkp,Civic,17566,Red
1c7c9o63i2,Pilot,38249,Silver
mkzekbo8zg,Ridgeline,47358,Silver
o5h0k2pomo,Civic,26938,Silver
1pn4auqd93,CR-V,33733,Yellow
acvo51ug6k,Civic Hybrid,26936,Gray
2jkyxn223z,Ridgeline,40445,Silver
2fd9cc0mfi,Passport,40161,Yellow
cy1bw8s1j6,CR-V,31550,Yellow
0i795np5vl,Pilot,47080,Silver
23c9h748la,CR-V Hybrid,40023,White
114b9fztif,CR-V Hybrid,36613,Green
a6bgi1en4c,Ridgeline,42334,Silver
lbu0ycdanb,Civic,26224,Yellow
0gr2m455vx,Ridgeline,39077,Beige
d6eac9spt0,Prologue,48090,Black
oemntoxdvq,Accord Hybrid,37983,Red
1w7ta7aax8,Civic Hybrid,26142,Silver
fx2824oq9n,Civic,23750,White
gi0e2onn8l,Passport,47981,Gray
dfpej9qqbi,Civic,26250,Silver
xknrhgf5sm,Ridgeline,45052,Red
8v5m5c14m7,Pilot,44179,White
9v7gxhisfm,HR-V,25687,Blue
104k9sbk2x,CR-V,35966,Black
sibxbwwdyx,Civic,15479,Beige
q0jxmxggtb,Accord Hybrid,33794,Blue
58am1vztov,Pilot,48808,Gray
alrmki65tk,HR-V,27867,Silver
1c97uym339,CR-V,36435,Black
1p80dfz2uv,Ridgeline,46159,White
x8b6sh6ij5,Civic,27052,Blue
xhvuru348i,Odyssey,35999,Gray
pinrlalf9r,Civic,16230,Beige
8bjenm1l3l,Ridgeline,45793,Yellow
5g6ki2ised,Accord Hybrid,36072,Red
p31wf8w7ub,Accord,24031,Red
ri5cyzl5za,Civic,26134,Red
0f4uz82wop,HR-V,27729,Silver
j33nj1c2nr,Ridgeline,42804,Yellow
3xeu13123p,Civic,25789,Green
ow5pttf110,Passport,42680,Yellow
uhqzgfec88,CR-V Hybrid,35754,Green
6i22phud9r,Civic,22258,Blue
nzh3q1yins,CR-V,28890,Green
kbwlcwyavd,Prologue,54307,Yellow
er9htfe3du,Civic,19674,Black
3maeq0j8vs,Passport,49650,Yellow
94vgb5n5ae,Prologue,55902,Brown
rkjxuepcnq,CR-V Hybrid,41431,White
ik7objdzly,Civic Hybrid,27831,Red
y7c5m6yqkn,Accord Hybrid,36577,Beige
a7dpyjjgur,Civic,24236,Black
tx8gmxtgsy,Odyssey,38368,Blue
llh1uerpzk,Ridgeline,46692,Gray
lhcl6782yz,CR-V Hybrid,39895,Gray
v3ymyo9h13,Accord,24433,Blue
8tr5idx5wd,CR-V,33090,Brown
onk1sltrug,CR-V,32175,Yellow
4vligvs25q,Odyssey,35891,Black
8rixq7pcku,HR-V,27630,White
yhcx8gn9w9,Odyssey,37540,Black
qbveb8socp,Civic,27087,Brown
7b9ixgikov,Accord,29907,Yellow
cvtwuv9w80,Civic,17772,White
p2hycenvme,Pilot,38635,Red
71gulcd8z0,Accord Hybrid,32260,Blue
qac5xnmfig,Prologue,57419,Blue
hmej0q0w0f,HR-V,26373,Black
c78sk2ecnw,HR-V,29806,Yellow
hs8z1d0evg,Accord Hybrid,34021,Green
wioxo9a7rf,Ridgeline,44652,Silver
tjft6fv5ve,Accord,23687,Brown
4r7lxh1lfg,Accord Hybrid,29354,Brown
wdv0g8a5ez,Civic,17914,Brown
jqmg7qypwl,Accord Hybrid,35215,Red
0dq4iqxm8a,Pilot,39769,Silver
c9afsfhbvq,CR-V Hybrid,32430,Yellow
sd00az1429,Civic,15981,Silver
9nkvku6r6z,Pilot,49244,Red
nzeg3bkj0p,Accord,25181,Black
8veh0cnh8y,Odyssey,46249,Black
w40mtnjodd,Passport,46755,Brown
lr78n1dg4t,Pilot,48776,White
p6w5h0lxns,Civic,26611,Red
zcwttamjgv,Passport,44115,Silver
crjscseo1i,Civic,18430,Red
j2074fxssj,HR-V,27980,Blue
es33jmoux2,HR-V,31249,Beige
e7z0ba9cd7,Passport,41551,Brown
suvckh1sby,HR-V,29912,Silver
amkj8vy054,Accord,26107,Yellow
2rgj0llfur,CR-V,38270,Green
o506b9npxx,Passport,43127,White
gzomvsb22j,Accord,34854,White
6xq6r7duk5,Accord,30103,Blue
8dw2i0l04e,Accord Hybrid,30978,Black
d6vx00stld,Prologue,54497,Red
aj506md6rw,HR-V,30317,White
j0dmso79vt,Passport,48982,Beige
b4c0yasxnj,Civic,26689,Beige
robk3520vb,Accord Hybrid,31533,Blue
dfca6s9o6n,Pilot,43302,Red
q62hg7591k,Civic,24362,Yellow
x62qhte5r9,Accord,22438,Black
f07x3xf87y,Accord,23163,Yellow
wenpoo1bva,Civic Hybrid,27445,Yellow
0nu6feif8q,HR-V,26199,Red
89qbf0dp7w,Odyssey,41394,Beige
55d6mfj1qo,Prologue,49656,Red
iv7i4d6hoy,Odyssey,40118,Blue
50d50yqpnz,Accord,28619,Brown
bta2ypqdf0,Accord Hybrid,29558,Silver
7j7cgl0rg1,CR-V,32823,Yellow
hkrktfsbzr,Prologue,49990,White
exqxapwqn7,Accord Hybrid,29654,Blue
js5e63lv8g,Civic Hybrid,26844,Red
e2c0qdnfiq,Odyssey,47267,Green
apqmgf0u9j,Pilot,43573,Blue
0k58is9zyl,Accord Hybrid,35576,Gray
yujg3qq0tu,HR-V,24943,Silver
uohpln6u25,CR-V,39605,Red
ut8gblloxu,Pilot,41041,Silver
2spgut9o5r,Prologue,56804,Yellow
9prvnxgktd,CR-V Hybrid,35021,Beige
g63u8v9gx6,CR-V,36970,Beige
ghfyll50q9,Passport,48477,White
mi09z43fqu,Pilot,46818,Green
e29cs9enpc,Passport,46301,Gray
zxjiisf7hb,Odyssey,40385,Yellow
y8kdwey7pb,Accord Hybrid,35698,Blue
qy5b86g3a5,Civic,18321,White
d2ynts7osa,Accord Hybrid,32167,Brown
ehma3iglx7,Pilot,41349,Black
p7erkn4hb5,CR-V,31635,Silver
sq3lt7jmxg,HR-V,29755,Brown
b10rd9ntr0,CR-V Hybrid,41726,Brown
dnllqix09z,Accord,27236,White
ezw8t5qy1r,Civic,27956,Yellow
nwgd3fqz3p,Odyssey,40141,Yellow
n5sv9mnenn,Accord,32754,Yellow
asrahgr9hj,HR-V,25324,Brown
mu1r5sioy8,Civic,18171,Yellow
sq8255lip1,Ridgeline,44176,Silver
2ndxxrx068,Passport,49840,Green
x6g248wgu5,Accord Hybrid,37330,Green
7qon1as8z8,Accord Hybrid,32231,Brown
b2rupxyar5,Passport,48545,Blue
r7qvahcfpu,Accord Hybrid,33080,Gray
mql8x81ix5,Prologue,48648,Green
jzbo2dmjax,Accord,33691,White
bz2pwixpym,CR-V,36179,White
pa0zk5zt18,Prologue,51911,Gray
gk0fxx15wt,Ridgeline,45827,Black
tiwzv2h1x0,Accord Hybrid,32419,Gray
75b1b4mr2f,Accord Hybrid,34966,Brown
zz6knflgkj,Accord,25337,Green
tlekf3fgeo,Passport,49800,Brown
sdy8pz1wx4,Civic,19616,Silver
oo22gc5ru4,Passport,46259,Green
xkpv1311pc,Passport,49027,Gray
dtdt15q6dk,HR-V,28138,Red
3jdt322zm3,Pilot,49993,Silver
57p1x69ar5,HR-V,26665,Brown
twcdus3a22,Prologue,55411,Green
hxr4fulul8,CR-V Hybrid,37981,Black
zgwpk4uqul,CR-V,34532,Silver
6bnv9tewu8,Ridgeline,43651,Silver
p6ypvr8u04,Civic,27646,Green
7nlajqz58w,HR-V,30211,Beige
4mqqheodo6,Ridgeline,47069,Black
r3hmuledi3,Odyssey,38681,Red
oe0fb90a2h,Prologue,48399,Blue
f27is6vfa2,Prologue,55373,Brown
ee6ywcqbob,Civic Hybrid,30958,White
ipuj0jz5ir,Pilot,48455,Green
yqgrmijbri,Pilot,47129,Gray
m2ddx095k1,Ridgeline,47006,Gray
8e0lhge5ux,Passport,41063,Silver
y7t5wxyu54,HR-V,26070,Blue
imfa15812k,CR-V Hybrid,35094,Green
rj8ssh57vy,Civic,17983,Yellow
0k5dlfxv0p,Accord Hybrid,28224,Brown
3ccqy0444a,Accord,31802,Brown
is30ys66hx,Passport,44581,Green
ijodfo8nad,Odyssey,40690,Yellow
49g8oeesv2,Civic,22810,White
u6qhggdf7p,Accord Hybrid,37304,White
7lejbl56w5,Accord,28738,Black
9422yxnt3t,Accord Hybrid,28276,Yellow
uywuoj831q,CR-V Hybrid,38210,Gray
uggcupayor,Civic,17224,Green
i8hj7zhl4l,Accord Hybrid,31020,Blue
f2gk7q81zh,Accord,25956,Brown
w2ywgjlyri,Prologue,56555,Black
8qiml6x3na,Accord,24110,Brown
d67iir0p6e,Odyssey,46158,Blue
dcii7pi0y4,Passport,43754,Silver
z7oak1tee4,CR-V,34937,Yellow
jonrnvlgbi,Civic Hybrid,28791,Brown
x7nclan3zy,Ridgeline,41069,Red
pzztus1m0v,HR-V,30957,Yellow
ucevwbefx1,Civic Hybrid,25785,Green
jp16pbovk8,Pilot,48088,Silver
d014gt6tj9,Ridgeline,45421,Gray
xdx1owltp9,Passport,48377,Black
zj5cl54mxg,Odyssey,40775,Black
d0x6a71bsk,Ridgeline,41496,Gray
kiexcpd7f1,CR-V Hybrid,37914,Black
2xhg07m0so,CR-V Hybrid,40949,Green
yhk86a4eb3,CR-V,36313,Black
seikime5ym,Accord Hybrid,31368,Gray
v5wdj8j3ol,Odyssey,43375,Brown
ya4ljwt8ix,Passport,47166,Gray
mczondkw5j,Civic,18290,Brown
q15cu721mq,Prologue,53252,Blue
qgpu5nkl1r,Odyssey,45186,Gray
159hk3nozr,HR-V,30898,Brown
myxaog1a9w,Accord Hybrid,34241,Red
dhhmicck4v,Prologue,48747,Blue
j92q0b2pkc,Accord,30583,Brown
2myi6w7o9e,Prologue,54231,White
774a9t2bqr,Civic Hybrid,30092,Blue
uu9rb2nqg9,HR-V,28483,Green
jg357xazr6,Accord,23750,Yellow
pshaskvg5i,Pilot,40631,Gray
9kmlg81kzp,Ridgeline,38281,Black
p1pozxpvtq,Accord Hybrid,36185,Yellow
btqj1hmllz,CR-V,39067,Green
u6qhhxxwfl,CR-V Hybrid,35503,Gray
k0u5pxp7ye,CR-V Hybrid,35342,Gray
p2l8qo4h6f,Odyssey,44013,Brown
9uztnqbdgn,Prologue,52793,Brown
csve2m2z4k,Civic,26069,Silver
ozl3bmx3v9,Civic,27505,Silver
jbsn77oqai,Civic,18527,Gray
ivcucj596g,HR-V,24943,Yellow
qw300qg08b,HR-V,28261,Brown
7sfnhrjdo6,Prologue,51435,Silver
pvce86j6lx,Civic,16046,Gray
gzdu0q6rny,Civic Hybrid,28167,Blue
40oblqsaoo,Pilot,51844,Beige
e1b2dzyd1q,Pilot,40883,Black
aqf46u92q8,CR-V Hybrid,37281,Brown
9lrdajefz9,Accord,32668,Black
ufrdz361ow,CR-V Hybrid,33323,Gray
p1oykrf47i,Ridgeline,47808,Gray
shpgb2yzom,Prologue,50692,Brown
fj0kvj7bd5,Pilot,42507,Silver
a2g8xlyqoh,Pilot,43154,White
q1g55fq0n2,Ridgeline,44498,White
cp0x3477da,Odyssey,36099,Silver
ec67fq0p61,Pilot,38174,Yellow
ckwzzxp1y1,Accord,32715,Silver
95a7bzr2n7,Civic Hybrid,31232,Beige
1279w7yah3,Pilot,39633,Gray
m9plxdqelh,Pilot,40903,Blue
8bg709g6l8,Prologue,55969,Green
eww1wjwsuz,Ridgeline,45719,Blue
b0wwltymi0,Prologue,56812,Gray
e3jnjzrijx,Odyssey,47561,Beige
dpg6xmhkv1,Accord,26287,Silver
6luhq2nszn,CR-V Hybrid,33224,Yellow
ndpo2m1onr,Ridgeline,44139,Yellow
tbfeko6m9h,CR-V,32679,Brown
2ds6rc70nh,Passport,43931,Brown
xc8ljg1oyw,CR-V Hybrid,39056,Yellow
g1iw1cw5c9,Civic,19704,Silver
aea32avfhy,Civic,15681,Yellow
hf6ic4cy20,HR-V,24404,Gray
4ovbeoh86b,Civic Hybrid,27182,Silver
fs0g1odjm5,Passport,48843,White
umhw1b0yep,Odyssey,43735,Yellow
1vn09hbsbq,Civic,15088,Blue
st2qq15td3,Accord Hybrid,30295,Beige
hzjh09va6q,Odyssey,40477,Green
1pig3j0yr4,Ridgeline,44906,Green
q5k6u6a69r,Civic Hybrid,29578,Yellow
ip2jn22qpr,Odyssey,47623,Silver
46lo3esvye,Pilot,45126,Gray
owwrj66924,Accord,24216,Blue
9dwu17dcu9,Passport,43687,Black
3wtydd5m2x,Accord Hybrid,36504,Yellow
ajnpvthqf9,Pilot,48880,Beige
s2y6cr9m8j,Pilot,44387,White
dkdxaiaw5j,CR-V,34828,Green
exserhfleb,Pilot,39378,Beige
ljc5di4yfh,Accord Hybrid,29092,Blue
gp4brg5sir,Accord,23129,Brown
iq4vcz6auz,CR-V Hybrid,34142,Silver
g4q22xqxg7,Odyssey,44779,Gray
644ycgfw4h,Civic,27004,Black
mzs67ee6x2,Accord Hybrid,35422,Brown
yg53zn2c96,Accord Hybrid,37057,Green
frp5sfhvul,Accord Hybrid,37477,Yellow
zv8slim8qg,Civic Hybrid,27063,Brown
6skx1m9ti5,Odyssey,45088,Blue
4ygx9x1n6h,Odyssey,38889,Brown
xeunglf15t,Prologue,51765,Gray
565z82wmir,Accord Hybrid,36685,Gray
xldcv1dp2s,Accord Hybrid,35976,Silver
avgr7z8isq,Accord Hybrid,31273,Silver
cr1eyh2zmf,Odyssey,35763,Gray
buvo6mkx5c,CR-V Hybrid,41578,Yellow
n2jcw67fml,Civic Hybrid,28849,Silver
uq5irawsgb,Accord,27353,White
e8y7lpa3b8,HR-V,28995,White
9ztkoyxzjv,CR-V,35797,Beige
2c4rrqixdd,HR-V,28808,Yellow
gslkjj7a5r,CR-V,31395,Gray
v2x9bwzuec,Pilot,46841,Black
26lkj6q75z,Pilot,38035,Gray
lab0mzjbzm,Ridgeline,47453,White
0tt3mffoze,Ridgeline,44737,Brown
rnkumcjenm,CR-V Hybrid,40953,Silver
jzsokytiyz,Accord Hybrid,28306,White
n0yoe9oq37,Odyssey,36767,Gray
54ij33eojv,Prologue,49137,Silver
nrk6e0pwtq,Accord,32383,Red
bv0l0rbbmi,Prologue,57910,Black
lxk4i9bfvn,Passport,44080,Silver
mj4zlcvk95,CR-V Hybrid,39510,Yellow
hcozi2a1w4,Passport,46763,Silver
v4kjl50pg3,Civic Hybrid,25359,Red
3bdvhok1fu,HR-V,27386,Beige
gmthghrux1,Civic Hybrid,26276,Black
rlpymm6t1e,Ridgeline,39440,Beige
oct6q6xj69,HR-V,28695,Green
5oh8r11zti,Accord,32233,Red
es2f845euh,Pilot,43731,Blue
t29b2ofdka,Civic,23624,Yellow
yohjhxavyd,Civic,21028,White
lxkuuz9lhl,Accord,32195,Gray
v8yejg3azy,Ridgeline,44078,Blue
0ew5ak25hq,Passport,43257,Beige
e5p3n0qw3p,Civic Hybrid,30162,Gray
6ztj93eti7,CR-V,37797,Silver
02anxbt93o,Pilot,45411,Red
wfvk0owh40,CR-V,33069,Blue
al5cj3bj3f,Prologue,53670,Yellow
qdf3foglc4,Pilot,48551,Brown
7n6d5di2vl,Odyssey,35285,Beige
d9xysgmx3a,Ridgeline,38063,White
6sil2ltqfe,Accord Hybrid,34776,Red
2noc6dpwob,CR-V Hybrid,36520,Gray
whnda4sng8,Accord,24734,Black
7vp72qq8vm,Accord Hybrid,33173,Gray
0ypss6lhhc,Passport,40706,Yellow
29jc47ouw9,Civic Hybrid,29070,Black
6fkg4lrlwg,Accord,31549,Black
2cqh1yrywy,Passport,47435,Yellow
74c990gevs,Accord Hybrid,29026,White
yk83i61srg,CR-V Hybrid,36651,Beige
ipti5497tk,Accord Hybrid,31930,Green
8fktf6knyj,Accord,32101,White
jnzniqbi3r,Civic,22791,White
vzir28lbtv,Accord Hybrid,37882,Brown
scb9pp8f7p,Civic,24362,Yellow
tsj6ef6qnb,CR-V,38416,Silver
5n1sin4xs0,Prologue,54176,White
tuinbo66k9,Odyssey,38101,Red
iokgnoqfnd,CR-V,30414,Brown
ij58cr2b5u,Ridgeline,43828,Green
jzl6oqsj9a,Passport,43593,Silver
ic7qvbnwgr,HR-V,27432,Red
lqoxkj4d02,CR-V,37644,Gray
cf6itszzfb,Civic,25971,Silver
7cfi8o3vl7,Ridgeline,44297,Gray
xqomzd5nim,Odyssey,36080,Brown
m319p43yt4,Civic,20691,Blue
uamyojg7w5,Prologue,54709,Green
e2ocu4u9pg,HR-V,25679,Green
f24ol4vqcg,Odyssey,37778,Blue
uyt59f23pl,Passport,48685,Brown
z89w0i8cxe,Prologue,56936,Blue
rvubnave43,Accord Hybrid,30088,Green
apqk4y3q4p,Accord,30974,Silver
eqtei4ihm5,CR-V Hybrid,39683,Yellow
wse1czjgkw,Civic Hybrid,31218,Silver
rzvunpjcc6,Odyssey,47579,Yellow
vzf6yq5t2a,Prologue,55617,Gray
xy9u5lil7q,Civic,16394,Brown
y2oi011uet,Passport,45913,Beige
zukm17y5dt,Accord,34094,Silver
p8ic6umq20,Odyssey,41518,Yellow
ij32qf3hwq,CR-V,35849,Beige
oo5wlg7jgi,Civic,24714,Blue
3yrprgcmok,CR-V Hybrid,38603,Gray
z71z44miq4,Civic,25993,Brown
u3d9xnapp6,Accord,33959,Beige
23a8rtyhrd,HR-V,24056,Red
1dd4vch1x2,Ridgeline,45763,Yellow
wb9mz7ykfz,Odyssey,47911,Red
hqa1dpxb75,Accord,30220,Red
v7f9vgajd6,HR-V,25256,White
18v55u149x,Civic,25977,Red
k7q06m3n4a,Odyssey,37169,Black
9rfmqgmwq0,Accord,34099,Green
630keicy22,HR-V,27100,Beige
kdwo9tgpd4,Passport,42220,Green
oez80iu2ny,Passport,45473,Red
gcbpae94cb,Ridgeline,38391,Black
gigfbrj2zf,CR-V Hybrid,39044,Red
x3bdbr5vfw,Odyssey,46187,Beige
h124z9knq9,Civic Hybrid,27193,Silver
a658n4jr6i,Passport,46293,Black
m3xsqvkz17,Ridgeline,47754,White
6tj1k5qfeh,CR-V Hybrid,34498,Yellow
tfexyb7r81,Passport,41765,White
hszgaprxlr,Odyssey,44167,Beige
o7yy869ouf,HR-V,31740,White
tnnfc5fvhm,CR-V Hybrid,32663,White
9fgp81if72,Ridgeline,47875,Blue
zqrv203pi6,Prologue,55443,Silver
3fjcrxykrv,HR-V,24135,Red
85vkpyc81v,CR-V,32334,White
nuyko8s666,HR-V,30149,Red
s98f95oml6,Civic Hybrid,30272,Red
0ptlec2q2n,Pilot,48565,Yellow
nx99bhzkzq,CR-V Hybrid,39332,Yellow
e0eg2d943e,Prologue,54058,Blue
mnxta090jm,CR-V,34447,Yellow
qrxbuj9tje,Passport,44827,White
vzwz889zwm,HR-V,30321,Black
8r7hn7nnlv,Civic Hybrid,31198,Gray
66cpxo584u,Prologue,56282,White
bgivdqc50o,Prologue,49149,Silver
0btp7mt26h,Pilot,40727,Black
zd7ehfupq8,Accord,31985,Yellow
yfa2ddxikr,Accord Hybrid,34450,Red
wwuy6e3cqr,Accord Hybrid,28934,Black
d47p97pi58,CR-V Hybrid,39647,Beige
pvl82rf6rl,Ridgeline,43185,Silver
q49jwmorv5,Ridgeline,40010,Blue
95btb9hyoh,Pilot,49173,Beige
q1940tw5ea,Ridgeline,38175,Green
qazqcw7q4p,Civic Hybrid,29332,Yellow
hf7mrlb6pn,Accord,27745,Blue
06w2pdasa6,CR-V Hybrid,36566,Silver
06veh3c351,Accord,22090,Yellow
l7rojeqer1,CR-V Hybrid,33434,Green
ecgru6btz0,HR-V,26506,Silver
a4du3pu7x7,CR-V Hybrid,36426,Beige
5c5wjrshke,Civic,27972,Green
mlxmdqq9z0,CR-V Hybrid,32628,Green
k5ajyl8qfm,CR-V Hybrid,32596,Blue
wemdkfgqy2,HR-V,27537,Red
7f205r2pcg,CR-V,28603,Green
5iassy4psh,Odyssey,39508,Yellow
pf9y996vu8,Pilot,43656,Green
2yrq1arjq3,CR-V Hybrid,41541,Green
yvhml88sf4,Civic,21500,Gray
dmu989pkw8,Passport,41774,Gray
tfpts0v8v4,Prologue,51813,Black
qhisnq51eo,CR-V,30112,Blue
jbl2h87lg1,CR-V,32029,Red
mn6553uo1c,Odyssey,38712,Yellow
04bylei898,Odyssey,43426,Green
kw09h6z7n1,Prologue,54716,Blue
u4155uhw0g,Accord Hybrid,28211,Red
v4pmamd89n,Civic Hybrid,26922,Silver
wammildjcy,Accord,29502,Gray
uqodigx8z6,Ridgeline,39936,Yellow
nkyfxp5y6z,CR-V,39824,Blue
dj8ew4xzlv,Civic Hybrid,30798,Black
5mbzz5byfl,Passport,46836,Beige
00f9gs0u75,Passport,40328,Brown
51vszmbj9s,Civic Hybrid,29870,Beige
h857qv0noj,HR-V,24287,Red
qdsmvv4mbj,Odyssey,41902,Silver
xg3t70e8ej,Prologue,53220,Blue
y2xcvbqhe6,Prologue,52939,Green
nf4e78bbkd,Passport,47050,Green
4ge7safggl,HR-V,25577,Blue
ytf6upmdar,Passport,48068,Beige
bxh0c03f5s,Civic Hybrid,30049,Silver
dqtvzslxa1,HR-V,26245,Yellow
x6v0qq9vj6,Civic,27884,Green
q9hvg6khbg,HR-V,31790,Silver
jjoiwcg99u,CR-V Hybrid,32713,Silver
e4xm6ajpma,CR-V,29248,Blue
015j3n1kme,Ridgeline,44081,Yellow
9cxkx1jy4t,Ridgeline,38197,Gray
dkytclbdai,Civic,22196,Silver
wrrbuuvwbr,Accord Hybrid,37518,White
eb48l6gtw1,Passport,43877,Green
vlmbv25oc4,Civic Hybrid,26457,White
pgbatuv67s,Accord Hybrid,32668,Yellow
ajxtzeqogk,Prologue,53067,White
amab40yvr7,Pilot,43791,Beige
x2vjczqztz,CR-V,29934,Yellow
6d7vpsoznn,CR-V Hybrid,36972,Beige
z6a5em5q2z,Civic,23886,Blue
7xohwf3nu2,Odyssey,40398,Red
h487hpxrbb,Pilot,50201,Blue
fm73o2tgre,Odyssey,39801,Beige
ibnchdjpzv,CR-V Hybrid,37139,Brown
7ponkxhr52,Accord Hybrid,35368,Yellow
qwmrxssvdw,Civic,25293,Yellow
3rxm2lzhc0,HR-V,31105,White
bg266ggonn,HR-V,26317,Red
9dybur3npk,Civic Hybrid,31787,Beige
eufz91jkp4,Accord,23263,White
thz5dzhdz3,HR-V,29504,Blue
js04bykqxv,Passport,43227,Gray
hr5glfupgj,Prologue,48602,Beige
18z34vhsdk,Accord,33215,Yellow
xolwvc3uki,Ridgeline,45644,Blue
vxefc1t976,Civic,20569,Yellow
d3vg6hj5ve,CR-V Hybrid,38386,Gray
v1qlfyuchw,CR-V Hybrid,35360,Red
fum2fk4el4,Ridgeline,46465,Green
m0dnelxdfq,Prologue,52274,White
jurdocsgx7,CR-V,39995,Silver
gwvqz6dzxu,Pilot,41507,White
pgs680o2b3,CR-V Hybrid,32682,Brown
k87ozhdhck,Pilot,46006,Black
1p99xp3oer,Civic Hybrid,28419,Beige
5s75xnrxq2,Civic Hybrid,29965,Green
rnq8u72bgm,HR-V,26981,Yellow
rhydw3vxia,Pilot,43210,Silver
mztziabp0b,CR-V Hybrid,36701,Gray
pvw6qhjwbx,Passport,49265,Gray
sjw7kslft4,Accord,32344,Silver
ummbeli1bt,CR-V Hybrid,33109,White
cd0ezw56y2,Civic,20149,White
ie43aq05fo,Accord,29698,White
zxnvudqrtv,Accord Hybrid,33150,White
x1fnwzpyb0,HR-V,26930,White
fli528t0s4,Odyssey,41393,Blue
v235alei7i,Accord,27932,Red
sc4uepmart,Civic,15320,Gray
028du3vii2,HR-V,28507,Gray
rnhg3mk1z7,Passport,41850,Brown
6zt1w0jq6o,Odyssey,45399,Yellow
iyy9sx0j5x,HR-V,29161,Blue
jeo9bk6nik,Odyssey,40937,Black
ma7r60lpju,Ridgeline,47426,Beige
x51s04mpqn,Civic,19890,Brown
mming61jw6,Odyssey,41245,Red
5e3ab0fyw8,CR-V Hybrid,35152,Beige
sdgokq9x56,CR-V Hybrid,33758,Red
4y77hmel0w,Pilot,38494,Beige
ugw7mylbbo,Pilot,48192,Blue
rjpt5rql8c,CR-V,31279,Silver
u8gh3na1dr,Civic,22225,Silver
elpdzg3aou,Accord,32990,White
mia4srpmq6,CR-V,37645,Beige
7hofj4yght,HR-V,29915,Beige
s8s4bnu7xj,Pilot,47232,Blue
bldlhcfkbz,Prologue,57153,Red
75avc49khs,CR-V Hybrid,34143,Brown
39b4dih4rj,Odyssey,45954,Beige
h1mdtulnet,CR-V,35308,Red
wjii1owbwb,Ridgeline,44994,Green
klh9s1g3t1,CR-V Hybrid,36851,Beige
3qcdafwec9,Prologue,55578,Red
71da0f6akb,CR-V,39112,Black
x8s8rgm85b,CR-V Hybrid,36588,Green
3glrtsbx2j,Ridgeline,42228,White
5vgex914uq,Pilot,46303,Green
2rcyz4slb7,Odyssey,40222,Blue
843388l8f5,HR-V,29006,Gray
p34euivh3z,HR-V,30330,Red
l29b6xfv98,Accord Hybrid,37301,Red
xym2fjr6or,Ridgeline,45252,Blue
u3jd70w5ya,Accord Hybrid,37704,White
0tlvboenm3,HR-V,24294,Brown
wrgt63942s,Accord Hybrid,32453,Beige
4tl9vttfee,Ridgeline,39529,Green
s4dp2wro1t,HR-V,29685,Blue
jy9hxs9xso,Accord,30015,Yellow
eqf226izoo,Accord Hybrid,37534,Yellow
k3fe9a2xxv,Odyssey,40915,Yellow
0c8dvqihos,Odyssey,37505,Blue
r5a4z9dzva,CR-V,30166,Green
ishzwdf2vh,CR-V,34799,Blue
7bzkzo49y2,Pilot,48478,Silver
1u812ia4h6,Odyssey,35789,Blue
wgha2bmanh,CR-V,38635,Brown
kjq7avmo0q,Passport,43625,Brown
l719ljmogo,Accord,29126,White
dago085shd,CR-V,29299,Silver
6ukvr2kmpf,Accord Hybrid,31158,Beige
bpekr1hsjm,Accord Hybrid,32746,Green
fb6w69lbf6,Pilot,39567,Blue
3yz23z2jlh,HR-V,28670,Beige
8ud419ng9i,Prologue,48294,Silver
a9fzkg0k7o,CR-V,30533,Black
8gf8fgp4k0,Odyssey,39354,Red
f24ux0jddd,Accord Hybrid,37110,White
49pc2t6z2z,Pilot,42911,Red
uvukouzuuw,Odyssey,47693,Blue
7e8rrmb64r,CR-V Hybrid,38186,Silver
bnuxq500jp,Accord,28510,White
ha798t4edy,HR-V,29341,Silver
vcrzoyuxzn,Pilot,44052,Yellow
3l6sujc9d4,HR-V,24361,Brown
ov6g2m4849,Accord Hybrid,33766,Black
2qe3nf4bsb,HR-V,31618,Blue
ab9vya2lql,Civic,25820,Black
5un99dazt9,Accord Hybrid,34279,Blue
u1wtgkdbnc,HR-V,26850,Green
3o1k82ohyg,Pilot,38875,Yellow
ldmn90ox5s,Odyssey,38981,White
h0czgv5hs8,Passport,49745,Silver
ze9a4mthwo,CR-V Hybrid,32437,Green
utffluj409,Civic,27587,Black
3snrf25y2d,Accord Hybrid,37017,Yellow
3nqujy0avz,Ridgeline,42530,Green
02vo4a0zc6,Ridgeline,43908,Green
s1b9dotblo,CR-V,31669,Yellow
0xwv2k0490,Ridgeline,40442,Yellow
u0kcz7s70z,Pilot,50403,White
mufev5wjoy,Ridgeline,47594,Black
lpzggm6wun,Civic Hybrid,31764,Beige
jlopi7jd79,Ridgeline,46467,Black
t25b2j7h4i,Pilot,40510,Blue
vvpmkrlwtt,Ridgeline,39511,Black
ssg0q1frvp,Pilot,46343,Gray
z02m53auwn,CR-V Hybrid,34828,Brown
6x253b2s8n,CR-V,39472,Gray
ladia2kntn,CR-V,30780,Black
esrrw1aiy4,Pilot,45155,White
x4v4ayfkoc,Passport,48339,Silver
491wunflen,Passport,41086,Black
1t4nig94ux,Prologue,57962,Green
tb5lcug5rd,Civic,27868,Beige
kp3i390wdr,Ridgeline,38291,Brown
74u65zwi7s,Accord Hybrid,29927,Yellow
45jw2msxzx,Odyssey,47215,Gray
bocc1mny7b,Accord,30289,Black
ll7so4upph,Passport,47706,Yellow
fdwq2aa2me,HR-V,29550,Blue
9wdnwxmz72,Civic,19103,Brown
pnt9a1qoj7,CR-V Hybrid,35524,Beige
ivn3qa84l8,Accord Hybrid,36875,Brown
xwaddohnqb,Pilot,47473,Yellow
m7z7i3iakx,Accord Hybrid,32301,Gray
b8v8ztwoe4,Passport,46232,Silver
gopjuh6ld6,Accord,23762,White
6ww3h347uc,Accord Hybrid,32702,Yellow
4phgg53wdk,Accord,28369,Beige
njfffrdd52,Accord,34773,Blue
wntzcpjedy,Pilot,44634,Beige
accysmundy,Prologue,50735,Silver
5l4vhnwpqp,Accord,29399,Silver
1guyk0ynh5,Accord Hybrid,35033,Black
85a84z19jv,Accord Hybrid,36374,Black
nk606wmnqy,HR-V,25295,Gray
1wstj51qk0,Passport,48393,Silver
kvzslu20mc,Civic Hybrid,25279,Beige
c4o924kjzs,Prologue,50159,Beige
hoh6v3arp8,CR-V Hybrid,39498,White
ar81p9z1bi,Accord,24656,White
acbu66j3gq,Civic,16108,Green
je189dysh0,Civic,20435,Red
yadcyrc7xy,CR-V,34395,Silver
f1l0zytto5,Pilot,42682,White
mghim96jyn,Civic,24375,Red
p4d8ofs69o,Pilot,40647,White
pu040d1g0d,Pilot,47754,Brown
zovxw7jtr4,Accord Hybrid,32824,Brown
1s4656aww9,Accord Hybrid,35329,Silver
hdu0y3xtos,Ridgeline,41670,Yellow
hdcfugkp5g,Civic Hybrid,28129,Blue
in93blceno,Passport,42448,Yellow
83r11b2cqf,Accord,28733,Yellow
ymdpxa5h71,Prologue,51057,Yellow
mjpiusyjlt,Civic,19175,Silver
0aptjoy51o,Odyssey,39655,Beige
8hs9rkbawi,Ridgeline,38260,White
zftgca7tpt,Odyssey,40385,Red
o2g2et1jmw,Civic,26115,Green
rncxrea0ho,CR-V Hybrid,40031,Gray
ir70hznu72,Ridgeline,45945,Red
ff0qa83zof,Odyssey,39647,White
0zqppzgk39,Civic,21244,Red
nkunios3rj,Civic,23078,Yellow
t2azms11py,Ridgeline,40718,Silver
26d3k33ox3,Accord Hybrid,28647,Red
b8vm6m0wuf,CR-V,38403,Gray
whabmbvaeh,CR-V,34680,Blue
69achf13yu,CR-V Hybrid,34306,Blue
i9u9ds2g6f,Accord,22183,Blue
rdwaoy0iid,Accord,24006,Black
f5pc4xlj0o,Civic Hybrid,26158,Red
cyt4plyuq4,Accord,32144,Beige
7p2ebinlh4,HR-V,31269,Silver
wr0tlfl0hr,Accord Hybrid,29980,Blue
sclz6xnn65,CR-V Hybrid,39963,Red
ydctachyll,HR-V,31574,Green
xtg376z0g3,Ridgeline,42063,Beige
s5nbxu5g8d,HR-V,31213,Brown
e9101nmmon,CR-V Hybrid,34060,Green
f1e1tb8vq9,CR-V,37282,Yellow
elswifsh9j,Ridgeline,39497,Red
un3krz2vwq,CR-V,39763,Blue
w51c8zn9y7,Ridgeline,42554,Blue
dc68csudig,Passport,48796,Blue
vdjd3wi4kl,Pilot,45297,Brown
qln8bqh2yl,Prologue,53877,White
r0ydi4f8iv,CR-V,30159,Black
9zv6t0xgwb,CR-V,38926,Silver
wbsfr1wvr6,Pilot,50812,Brown
slfl0vwr9o,CR-V Hybrid,38487,White
mm4jvlm2n8,Accord Hybrid,30480,Red
7obw8wt9fj,Pilot,47577,Beige
4gltha2l9k,HR-V,28617,Silver
q82z9t6dc2,Pilot,49580,Silver
s7myqo7nyu,Civic Hybrid,26584,Red
lpulg1jmsu,Odyssey,37369,Beige
xie91qfxnm,Pilot,44875,Red
18zrh9dlum,Civic Hybrid,25112,Black
b1tzaj1dai,Accord Hybrid,34541,Brown
bissggmtuo,Civic Hybrid,29833,Gray
a9azf3rzhn,Accord,30002,Black
oiw1cw2fzl,HR-V,27850,Beige
8i4ydy9fpw,Odyssey,44888,Beige
b8appauxek,Accord,28468,Blue
c43ndfucig,Odyssey,41311,Blue
2oubrfy11h,CR-V,34949,Blue
arw0l4i4vc,Accord,23690,White
h6p8mouxfj,Civic Hybrid,27494,Red
qisgh66l2l,Civic Hybrid,27439,Beige
f4huhkkra5,Pilot,48941,Red
pmacyij1hp,Accord Hybrid,37702,Gray
w1qo81bn9u,Passport,40331,Yellow
8yj229wwlt,Odyssey,37950,Blue
qdv1owo54v,Accord,26589,Red
8caii017ii,Ridgeline,40226,Green
6l9wg57ypi,Pilot,47953,Red
uqmps0vpi4,Civic Hybrid,25933,Green
1k86wc7lrj,HR-V,25309,Brown
dkc0qbxedo,Accord,23214,Brown
wfkp5rjd73,Prologue,57422,White
t9krj772k3,Ridgeline,44192,Red
jcw0zqwumh,Civic,22986,Brown
exwls9a6xu,Accord Hybrid,29702,Silver
ea82dybzss,Prologue,53404,Black
31zt3henye,Prologue,54642,Blue
lk1g9ufboo,Prologue,55671,Silver
ni09xtz3sj,Accord Hybrid,32641,White
he9u9a7as3,Odyssey,40056,Green
s8ncc9y9ga,Odyssey,39934,Gray
lmfqo9txn7,Civic,22939,Yellow
b0jkf060z3,HR-V,28818,Black
0z4vdn3ady,CR-V,36018,Yellow
y9d4lxtxlj,CR-V,34932,White
3twne4eecs,CR-V,32917,Black
83vo36frui,CR-V Hybrid,32716,Blue
86i7ou4sy5,Civic,22830,Green
cnabykqp0m,Odyssey,43807,Blue
kqq5movhpe,Accord Hybrid,31108,Brown
tl6v4uahzi,CR-V,33734,Gray
hvspngn20a,Civic Hybrid,25653,Blue
qai18of695,HR-V,25055,Silver
ivyqrigbxx,Prologue,56372,Silver
xwwczfkpyb,CR-V,35562,Black
ahsbrplyf2,Civic,27116,Beige
oswitcpqku,Civic,24255,Gray
06jlqrcyhd,CR-V,37001,Beige
fip42q7buo,Odyssey,36991,Blue
1ey5iac1qh,Civic,22317,Silver
i1vznhd5mn,Accord Hybrid,34307,Beige
80nlu49u62,Civic Hybrid,26908,Yellow
q7fdrvkvi4,CR-V,32666,White
8ol372o9r2,Passport,44330,Silver
pzyb4u8u4a,Accord Hybrid,34789,Black
9rrstar2ss,Pilot,46257,Yellow
xhhqd60xr8,Prologue,51288,Black
k14aq5g342,Civic,25121,Silver
ea6tym1awk,Pilot,49211,Green
uirbowma9k,Pilot,46717,White
iofew4w5fe,Odyssey,37094,Brown
31j0yno4ib,Ridgeline,39257,Green
i7i2eydnw7,HR-V,24224,Gray
1fbnjw4d79,Passport,42683,Black
ucy198swwn,CR-V,34745,Green
8qxse0j7ac,Passport,48176,Silver
f21ilvm63d,Civic,26726,Blue
atyu2aj6il,HR-V,26959,Beige
hrc4sof4x4,Pilot,43128,Red
kexxie0mta,Civic Hybrid,26438,Gray
iifaad1zia,HR-V,28401,Yellow
b0ojkz0c93,Pilot,49495,Green
c31nij8e7o,HR-V,25091,Gray
wwo69iaq08,Prologue,51220,Gray
tznx2ssyw0,Civic,24635,White
yyvv1j6eek,Passport,43885,Red
vrhj8crcv6,Odyssey,44837,Blue
r6uotim3jv,CR-V,33548,Red
286x26c4c3,HR-V,29154,Yellow
1doi14et3b,CR-V Hybrid,37622,Brown
qpaboigqts,Pilot,46844,White
w12szozdwk,Civic,15934,Green
8v2mgx2hf0,Accord Hybrid,33730,Black
ofzrzzjlfx,Accord Hybrid,37312,White
ugu6u6a7s3,Prologue,50643,Brown
1d3mci7c6o,Ridgeline,47597,Beige
x11efmh80y,HR-V,27439,Red
7cdlvsxlhd,HR-V,31694,Gray
4wf976dnuq,Civic,20998,White
1ckb05z3hr,Civic Hybrid,27149,Blue
10evnergfv,CR-V,30000,Red
mlnwlqa7jx,CR-V,38753,Gray
uzm0g4lpu4,Pilot,39400,Red
8k3xrvr745,CR-V,35354,Brown
nxkksalpnw,CR-V,31678,Blue
p8x5lqzx6t,Prologue,53936,Green
hvzlb7erbg,Ridgeline,39238,Green
3pguotkeyf,Ridgeline,39825,Brown
516xly08q7,HR-V,26241,Blue
gyaj5jw2tp,CR-V Hybrid,33289,Black
kuiuex4a6b,Accord,22659,Gray
x5n0rec1pa,CR-V Hybrid,33588,Red
ahkhoirk4m,CR-V Hybrid,40745,Red
nyvxi8b6xs,CR-V Hybrid,38522,Blue
in9ma3a7cn,CR-V,37643,Brown
ni6y82a53n,CR-V Hybrid,37739,Beige
aagcot0my7,CR-V,29719,Beige
qg43g3st2t,Civic,25310,Blue
842w3l8hqp,Prologue,50221,Gray
2oxcb1e56q,Accord Hybrid,30159,Blue
cogkrvlmuo,Civic,26938,Brown
hzxlvm86mx,Odyssey,43471,Blue
2byash2lbn,Prologue,54645,Green
9p1qanlv0l,Accord,34319,Black
xm9fn1oie4,Accord,27171,Silver
3a1k1o55p2,HR-V,30441,Blue
jkvtc3nsie,Civic,26995,Black
6o78wofrk7,Accord,29980,Blue
ua40fo44tu,Civic,27957,Green
z3l8gvopq1,Civic Hybrid,26201,Blue
34a7u6h0gx,CR-V Hybrid,38290,Yellow
ha5pwfzj7b,Accord Hybrid,35800,White
lvfunke1hz,Odyssey,45417,Beige
lcuyh6dz5e,Passport,47538,White
a4xcr06167,CR-V Hybrid,37789,Green
ha0pbc2258,CR-V Hybrid,36599,Gray
dq4vp3uoon,Accord,31388,Silver
is6gw2q2av,Prologue,50932,Black
n40ecqmm2r,Prologue,50021,Silver
3rzm3qb78t,Prologue,49051,White
uqc59cw74k,Ridgeline,46353,Gray
acq5bsc9om,CR-V Hybrid,37509,Blue
lnsl6z1rzm,Accord Hybrid,33582,White
872u0jtqk2,Accord Hybrid,36762,Green
zvop0aeaw8,Civic,25561,Yellow
8ynttibpmn,HR-V,24240,Blue
n6fx97q8zg,Civic,22256,Gray
009l5tmyjf,Pilot,40298,Blue
pxuqklsn36,CR-V Hybrid,41434,Yellow
d56gpfoojh,Accord,24170,Green
wll82i4nbj,Ridgeline,45587,White
t17em3xsfs,Pilot,40928,Brown
sgpr67xi83,Prologue,55011,Green
6dw77xg3p4,Accord,32219,Gray
gucmt2q4pn,Accord,33708,Silver
v68wwgriix,Passport,45471,White
w7vaox5rat,Civic Hybrid,26690,Green
29vejnek04,Passport,40048,Blue
vadmdlln82,Accord Hybrid,32758,Green
pomd5n863s,Accord,25341,Brown
rlag6wba0n,Odyssey,38893,Black
y5u0x2k8dc,Pilot,39613,Red
h1yen4kkgz,Accord Hybrid,28984,Silver
xptvgqelqj,CR-V Hybrid,35078,Red
42wl4eicw9,Civic,24475,Black
yot037vt5e,Passport,43108,Red
eu73d7afne,Prologue,52702,Blue
233xt2vhtw,Civic,20435,Blue
hn8qsi330c,Civic,26519,Blue
oj63cgab54,Passport,48501,White
hxpfzzyy9v,CR-V,37188,Brown
lbk3n2nnhe,Prologue,49642,Blue
0ridt52cwl,Accord Hybrid,32041,Black
jkvvut3mzq,CR-V,34645,Beige
tk9e2s48rn,Accord,28298,Beige
lwsga1pz89,Accord Hybrid,32987,Yellow
pdp7zprf3i,Civic,16721,Brown
xlsb8smok3,Accord,23922,Black
8k04es3i4e,CR-V,36527,White
9sb9rh5fwa,Accord Hybrid,33646,Gray
xfbypfk792,Odyssey,43100,Red
bkjew7dcr1,Accord Hybrid,34122,Black
3t9ughmt3i,Accord Hybrid,31493,Blue
6m9o1elczh,Civic,26205,Beige
7wmj9v9plm,Accord,23039,Red
c5ouxpq2jr,CR-V Hybrid,34066,Gray
pgrsorrrse,HR-V,26734,Yellow
3sl8363fjw,CR-V,34759,Brown
t8epr9va56,Ridgeline,47267,Silver
5z7ju8rp7l,Civic Hybrid,29474,Green
jpaj0cc6w9,Accord Hybrid,30328,White
2za4nvefuq,Accord,22463,Yellow
b82axrzxen,Accord,26563,Blue
4ira2dlvgv,Passport,46305,Blue
1lnnpyy5he,Odyssey,37077,Brown
xm7jp10kx0,Passport,44919,Blue
0k4scwsbhf,Prologue,54175,Beige
7mztpvrr8a,CR-V,34515,Green
2uxivespbc,Civic Hybrid,27462,Yellow
apcuzfftkc,Civic Hybrid,31983,Blue
qabmbm33qy,Passport,43012,White
7adhax8q8a,CR-V,29545,Brown
qv1xtta96b,Passport,48299,Brown
5nn14jd2m3,Civic Hybrid,28257,Brown
nypnmak2mw,Civic,25305,Black
s6w1x6djh4,Pilot,51023,Brown
ztobp0vhho,Pilot,48560,Gray
see55gc4ui,CR-V Hybrid,40057,White
an6h00t8pv,CR-V,33291,Black
8fjv7pkjex,HR-V,27403,White
lc9frznez5,Pilot,39090,Green
4bmk9mrntm,Accord,29602,Green
fjjy6rbiay,Accord Hybrid,37872,Blue
5guq06ztmv,Prologue,56558,Black
eyxel47uo7,Civic Hybrid,25659,Black
0xkv8lfevg,CR-V,35165,Yellow
c8ydv6e36l,CR-V,30417,Gray
dqhjt99rwq,Prologue,49127,Black
ol1g2c0i64,Civic,20024,Blue
ls8fkpzmyu,Pilot,42078,Red
9mof53j0ko,Passport,47048,Red
au712oeis9,Accord,24050,Red
wnmqwgaxgx,Accord Hybrid,36246,Red
0ngorppar5,Passport,40805,Red
6jcwlb2n1e,Accord,22658,Blue
6wiy4g60e3,Passport,43697,Beige
vwftr13530,CR-V,32589,Green
f4onfmfdya,CR-V,33389,Yellow
vc71jls3og,CR-V,33014,White
pf8kgpmmbz,CR-V,34067,Beige
5un58egbhv,Accord Hybrid,37185,Red
o1ov731pyd,CR-V,35008,Blue
pfcl0skfks,Civic Hybrid,29797,Beige
aif4sj2tkf,Civic,20078,Green
e97qlwiz2p,Odyssey,40107,White
jvuoqkm23y,CR-V Hybrid,41591,Green
sezgqohags,Accord Hybrid,33826,Brown
89d7csbc54,Pilot,49927,Blue
2i9kpn6509,Prologue,54868,Red
o9j13tmbom,Accord Hybrid,34506,Blue
brfcql0prw,Ridgeline,39964,White
i1bolept2t,Accord Hybrid,28413,Brown
1lzesd1xhw,Civic Hybrid,30365,Black
u6l7m7a126,Prologue,49604,Silver
d5pi4lc3ra,CR-V,38319,Silver
r3zz0fba8z,Odyssey,35648,Blue
49rhrvr70p,Passport,44192,Gray
qsuz7d9frc,HR-V,25472,Silver
1renh2l0ka,Ridgeline,41145,Red
fsgwvnpy0k,Ridgeline,47006,Brown
jqixuiefyx,Ridgeline,45849,Silver
qlaugxxrz5,Accord Hybrid,37367,Beige
9y41f2hg6x,Accord Hybrid,31005,Yellow
5uuas14517,Prologue,51782,Yellow
gu1d5wqfd1,CR-V Hybrid,40736,Blue
sk631xq5n1,Accord,34810,Gray
q655c4wh5m,Civic Hybrid,29012,Green
gt72rr7pgc,HR-V,28412,Black
n7g5a2knvl,Pilot,46573,Black
9ap0wtxslz,Prologue,57493,Blue
97wpwdkbvr,Passport,43867,Gray
hj8ti9hiy5,Pilot,46191,Silver
l7jf5uc0t8,Passport,49716,Silver
l00us9l3mr,Civic,15248,Red
tibz72kmhh,Accord Hybrid,37373,Brown
1ffdtf9cuq,Passport,41647,Silver
gjmduqm5m5,Prologue,50246,Blue
2aw12s4ihd,Prologue,54131,Blue
rt5ga3jztx,Odyssey,37623,Yellow
r9naw30qoc,Civic,19460,Silver
c6jfp565wv,CR-V Hybrid,35778,Black
uwhuvzh6w2,CR-V Hybrid,32010,Brown
skk164087a,Accord,22833,Black
noh7nejal0,Pilot,49881,Beige
d5z4ddsubu,Passport,47971,Brown
ocj7d7j7rm,Civic,25524,Beige
j18fluf30b,Accord,22634,Beige
k9dk74pi6n,Accord Hybrid,31741,Black
4mdctqlt2r,Passport,42302,Gray
6d2t2at17b,Prologue,52344,Green
125i8xqz9v,Pilot,42705,Yellow
zjslh0pvce,Accord Hybrid,37368,Green
dez02s5x87,Prologue,55605,Gray
m8mwmxrdpr,Civic Hybrid,25885,Beige
qwmazqewjl,Prologue,50644,Silver
yfujkpfssq,Accord Hybrid,37371,White
4m2t6dp25g,Pilot,40239,Green
nr3lfjqv3i,CR-V Hybrid,38112,Blue
c8gepq4w4n,Accord,32782,Red
9l4g84xpmt,Pilot,41672,Brown
aaloz91hrm,CR-V Hybrid,34777,Red
2qgv77c2fu,Pilot,46173,Blue
j53982zmlw,Pilot,39048,Black
n97q6htjex,HR-V,29497,Blue
8jvmsajddp,Prologue,53610,Blue
n9y14pd2ch,Pilot,39061,Blue
yjyac044tr,Passport,45274,Red
fe96f7aegj,Ridgeline,41755,Gray
2rgsirqscp,Ridgeline,44400,Silver
rtr9njrudq,HR-V,26545,Silver
10n7ypvtpb,Passport,40339,Yellow
lkfev5ltb9,Passport,43877,Black
f66mnbq62a,CR-V Hybrid,32613,Black
jj85962x3i,Passport,41797,White
xbosl9vv4c,HR-V,31240,Black
6ajxuw1ybh,Accord,28200,Beige
qcop92beng,Civic Hybrid,29350,Blue
i7xehez9jj,Passport,46269,Brown
5pg3bum6rt,HR-V,27127,Gray
3ai1fzmjd5,Odyssey,39758,Blue
qt4smwv2em,Passport,47250,Black
lt3zcjqqc0,Civic Hybrid,28408,Silver
6oxyhxfktw,Civic Hybrid,26339,Gray
8p6cs2j1wh,Accord Hybrid,37701,Red
p7cw44nff2,Civic Hybrid,26545,Green
96792gacgq,Accord Hybrid,33134,Yellow
w1gsu7njbh,Ridgeline,47797,Green
onax0xz1mu,CR-V Hybrid,41917,Brown
44cydv8oa8,Civic Hybrid,27350,Red
kqhzhzxnsd,Accord,34115,Red
zxfvf66w4r,Accord Hybrid,37296,Gray
s5fijotxuc,CR-V,38191,Beige
q1vi5zds2p,Civic Hybrid,27498,Blue
djef17qj3q,HR-V,30409,Brown
w03odljeex,CR-V,28597,Blue
9ntowc6p6n,Prologue,56160,Black
mx4nozva6i,Civic Hybrid,25076,Gray
y5ukzg4icv,Ridgeline,41431,Yellow
v2n55nq27n,Pilot,50752,Yellow
tzxc6evp3x,CR-V Hybrid,35373,Black
bwe9yf02mj,Prologue,54860,Yellow
dfypbehpuv,Pilot,46997,Black
q9ztd5v2xe,Civic,26236,Brown
349js49ade,Odyssey,37285,Silver
ntl8ir9wxn,Ridgeline,39057,Beige
g0mjdu6mbz,Pilot,42836,Black
be0hy8chjw,Accord,29950,Gray
l6uuhilm8o,Accord,26164,Green
sxf4p0h3v2,Odyssey,45564,Blue
qvgii3o3du,CR-V Hybrid,36875,Green
05qz9n3f5b,Ridgeline,43010,Beige
mpxq9th2av,Ridgeline,46936,Gray
lz48ok7p6c,HR-V,29991,Blue
ukx0p78bhq,Pilot,43198,Green
9d6gtabv8v,Odyssey,35812,Silver
3af86idx3f,Passport,47717,Silver
c0h10bq6dq,Odyssey,45240,Red
0z4k3u5lxe,Accord Hybrid,35763,Beige
0mo226h31p,CR-V Hybrid,33589,White
ylx4mjzesj,CR-V Hybrid,40938,Green
tuprdpzur0,Civic Hybrid,25372,Blue
1zbo9achnx,Civic Hybrid,25057,Silver
gfyje31n3h,Civic Hybrid,28675,Beige
s15kbaszhz,CR-V,37624,Blue
m8koe2gvad,CR-V,38920,Yellow
02zdizlb09,Odyssey,43150,Black
g3ql1w3tyi,Pilot,42253,Yellow
0ffzgpjo28,CR-V Hybrid,38833,Blue
aojacojkbu,Civic Hybrid,27746,Green
l0ke6xzoek,Pilot,38044,Black
7ce3xa9zge,Accord Hybrid,37539,White
80fnk3zbem,Civic Hybrid,27844,Beige
bda0wyi49s,Accord Hybrid,28531,Blue
yp83f5ziqg,Pilot,42832,Red
s214o5tgw7,Prologue,52548,White
d5zqe8fbtf,HR-V,28128,Gray
f2qpgwlj42,Civic Hybrid,31074,Gray
z5s3pquax1,CR-V Hybrid,36379,Blue
yzbi3p326r,Prologue,52313,Red
24zz675xfd,CR-V,29903,Yellow
6ygp2v5oi3,Pilot,51324,Beige
my28i8cp94,Accord Hybrid,35243,Black
anzgoms6aw,Passport,42725,Red
fl4d33nr8a,Passport,49350,Yellow
o2hjoh180m,Civic Hybrid,25642,Brown
crv3bue3qw,Pilot,41289,Blue
nixcnvwwi9,Accord Hybrid,37121,Beige
43fg532i68,Prologue,49563,Red
rvpmz2okyw,CR-V,32492,Beige
8y4hrnhdl0,Civic,20401,Blue
i3438wwx58,Prologue,53033,Beige
igfm07oyoi,Civic,17279,Beige
on7qttpouu,Civic Hybrid,28381,Yellow
vyvppzjsht,Pilot,46537,Blue
1796k90kcj,Civic,21628,Yellow
g79y9s3ico,Accord Hybrid,28063,Blue
1get5i1s9k,Pilot,50853,Black
21nwu7iheo,CR-V,36402,Silver
fsbyvgur1f,Accord Hybrid,36321,Silver
asgla160ss,CR-V Hybrid,34711,Brown
2dbutdfi3j,CR-V Hybrid,32170,Silver
p08y6tqntk,Accord Hybrid,30596,White
agfjbwqmu8,Passport,41535,Blue
42vx5fiw9i,CR-V Hybrid,32036,Beige
3rawv0x6e6,Accord,31030,Red
fzlts4akq8,Civic Hybrid,27270,Beige
m89oj7vgdk,Pilot,45609,Brown
4fa5gzof8y,Prologue,57007,Green
iqfkqpl7v1,Accord,25661,Silver
apha5abo2a,HR-V,26258,Yellow
vnrcm6k9t0,Civic Hybrid,30024,Green
xhf32ika70,HR-V,26926,Black
k57wm15syx,HR-V,29702,Red
aslup39roc,Odyssey,36657,Yellow
q5zrhaszf4,Odyssey,44315,Green
7g5n5t70nu,Prologue,57725,White
fxenoprik9,Civic,25636,Yellow
5159gznrgu,Prologue,50886,Blue
mgtzgadawy,Ridgeline,39239,Green
2y5becc9vz,Passport,48721,Yellow
hy3pvz22d0,Civic Hybrid,25883,Brown
fpz9hwqbq7,Accord Hybrid,36935,Black
4h35o2c4ko,Civic Hybrid,26639,Gray
eu3xwr5tno,Civic,23629,Red
i99ah38o6s,HR-V,29729,Silver
j1e7570wja,Passport,48213,Red
0hemhr71sq,Civic,26009,Beige
wvgjauwu5y,Accord,34730,Yellow
m1l4dzqx54,Accord,31807,Beige
287y3na9kt,Odyssey,39352,Red
owdiwuaul0,Ridgeline,38332,Yellow
o04307g577,Passport,49778,Yellow
6eh0h8tf1z,Passport,40111,Gray
chabg7affz,Civic,24249,White
swzza4lexq,Civic Hybrid,30146,Beige
m0vsgvw2sl,Prologue,55538,Blue
m4ngwwxt5r,CR-V,35256,Gray
gem7nfeynu,Ridgeline,40329,Gray
t6dazff3ae,Accord Hybrid,29058,Silver
pp27noc4kq,Prologue,51090,Black
cdwb385dm3,Pilot,49492,Brown
v62ruyt1ne,Prologue,57327,Beige
5bat8lzuh2,Accord,22819,Yellow
vyg6nw01xr,Civic Hybrid,31430,Gray
wnm3hgvvr3,Pilot,51520,Brown
lsma6gevwh,HR-V,25877,Green
3ehc7uo9hg,Ridgeline,45330,Brown
npm4j8lnca,Passport,47202,Gray
ruh8rtapn8,Passport,42469,Red
yba30rh9p5,Civic Hybrid,31157,Black
icd1lgwyy6,Pilot,51621,Yellow
6293mhndtp,Civic,23456,Yellow
gg4zm6rfmi,Pilot,39872,Black
dg86uuaomd,Ridgeline,47559,Gray
84o24p9pz9,HR-V,29138,Gray
pd7yvm5krv,Civic,18571,Beige
d4kyyhh6uc,Accord,25545,Brown
0oa7u3tjux,CR-V,36247,Red
ygo6sv32zr,CR-V,36588,Beige
owbf8fzzn0,Prologue,51137,Beige
jbe8tjvsoo,Civic,18255,Green
yq2j6y39qo,Prologue,48739,Brown
7i1v4w0ykn,Accord Hybrid,34067,Blue
uspk27z6xq,Accord Hybrid,30244,Silver
3swpz5qfj9,Civic,27165,Silver
0as1l82qp3,Passport,47645,Beige
mvg2arqz2l,Prologue,52930,Gray
lddliavc0b,Civic Hybrid,31411,Gray
hrsp8qskjn,Accord,22298,Beige
pme3ntfqfm,Prologue,56107,White
bywnr9g9d9,Passport,49600,Beige
oymxaxnvhi,CR-V Hybrid,37299,Red
6u04ag0ip1,Odyssey,41707,Red
uqvjybd9lr,Civic,17093,Black
2h55vz8miz,Passport,44122,Red
2bf6j2yvro,Passport,41800,Gray
6x89csdmbr,HR-V,24668,Gray
kafu196b4i,HR-V,27281,Green
ztio809hz1,Civic Hybrid,27474,Blue
xob33c6ykp,CR-V,37616,Black
fo56xb3kmn,Odyssey,37424,Red
92cgxoopw3,Pilot,39151,Green
4xhs29sno5,Ridgeline,44506,Blue
eh0tasma56,CR-V,38878,White
h94nwjojus,Ridgeline,43941,Black
kndh2xfuk7,Accord Hybrid,31126,Black
0fv2q5bv7y,CR-V,38443,Red
etmyfxzn5k,Accord Hybrid,31937,Brown
apc0lpxzfk,Ridgeline,47845,Red
qxq8hqwk4q,HR-V,24422,Brown
76ojjw3y6r,Prologue,57006,Green
f1r2mopx0g,Pilot,39852,Brown
l1l2zzystl,Accord,22612,Green
y7flbz569f,Passport,47647,Black
pcobclphb4,Ridgeline,41838,Beige
yqq2j2113h,Civic Hybrid,29194,Beige
d4dmyh1h4f,Passport,42339,White
zwqo5jk07s,Accord,33316,Blue
vds0t8r239,Civic Hybrid,28079,Green
iftpsuyy00,CR-V Hybrid,33936,Silver
q3yu9s8nov,CR-V,28678,Beige
h5irswva1d,Accord Hybrid,28441,Gray
5x9hb6t64l,HR-V,24831,Yellow
rhkq6tg8i6,Prologue,52801,Green
85xg6gnk57,Ridgeline,45026,Red
nhkw7i0qcq,Accord,27002,White
3duxq161r9,Civic,15944,Blue
yi8yp2b85i,HR-V,24735,Black
ihk0ndgzkp,Pilot,46193,Yellow
xjrnedk46x,HR-V,28693,White
7oo0hqyy46,Odyssey,39878,White
iiwqqslyte,CR-V Hybrid,37068,Green
7xt6uxy7kq,HR-V,25339,Blue
v6r4dqk6ir,HR-V,24325,Gray
h6r3cshwxc,CR-V Hybrid,37408,Yellow
s6j012r6j7,Accord Hybrid,36169,Gray
c4l77xozp5,Ridgeline,42811,Blue
heidxpr2br,Civic Hybrid,26080,Red
5lrah4u7t7,Prologue,48543,Green
3ey0m24n96,CR-V,36145,Blue
ww9kuwljc5,Pilot,39378,Silver
9zwbcsysq7,Prologue,51647,Red
nckx1snz9x,CR-V Hybrid,33081,Yellow
f3p7xg5y6b,Ridgeline,41653,Brown
smnybe4ey7,Accord,29896,Yellow
bjr05l9s96,Passport,44882,Beige
nedikl8a1l,Accord Hybrid,35337,Red
5mkh45jq26,Ridgeline,42805,Beige
wg1xj7fbc7,Ridgeline,39089,Brown
v691uj1eim,Ridgeline,46905,Beige
fvc96m6ux3,Accord Hybrid,37480,Green
ve1wna3ijq,Accord,23317,Green
i8mts8i78d,Pilot,49368,Red
vxaooy7cjj,HR-V,28864,Brown
0n4tllkbgz,Pilot,46947,Silver
tckic1g4b0,HR-V,25133,Silver
dgqifngfl5,Prologue,57693,Green
rsnpoxfrsp,Civic Hybrid,30538,Black
p7dkwbmn7l,Passport,44687,Gray
co2swheqhi,Odyssey,36886,Gray
zbt9jw9u07,Accord Hybrid,35625,Gray
53hau0tdp5,Passport,42934,Black
cdtxok4bo9,Passport,49619,Brown
pr5guhkt1f,Ridgeline,46229,Silver
91g3inyjty,HR-V,26991,Green
znc87q8myw,Accord,34454,Red
zwqw88vcef,Accord,30865,Silver
zh68jrkm3t,Accord Hybrid,30556,Gray
7fx367unyf,Accord Hybrid,35665,Brown
trpgld53v4,Ridgeline,40461,Blue
972ho424ol,Civic Hybrid,28558,Red
kp733uk1c5,Civic,19353,Gray
x9w328vsnc,Civic,25358,Yellow
sa3gug0xyr,Accord Hybrid,35602,Green
jhrlgoyvyp,Prologue,50053,Yellow
wgyby4n38j,Accord,29798,Brown
p765br70bx,CR-V,35952,Blue
hbpo31j0to,Accord,31686,Green
rj670mum04,HR-V,27543,Black
40r712qbu3,Accord,23386,White
gg5haf2uiw,Odyssey,42679,Gray
4iborcmcn4,Accord,26171,Brown
9oral02oqf,Passport,43884,Black
w85ow150m8,CR-V,30016,Beige
7onijyozhq,Civic,17982,Blue
w1iikrctzy,Prologue,50323,Green
fgvxge7zus,CR-V,29881,Silver
11qo3kt1hl,Odyssey,45786,Black
i8m6feagvq,Civic,17851,Beige
19mdy540qa,Ridgeline,40810,Red
k5bfliqs2x,Ridgeline,46203,Yellow
xbfegp941x,CR-V Hybrid,38468,Beige
mu5gonj2lt,Civic,23007,Gray
0s7lp8zgo2,CR-V,34192,Blue
qt4x8tu9vp,Accord,31347,Beige
4mddmsb1m8,Ridgeline,44172,Gray
jrwdt90bbb,Civic,19601,Beige
p8ftdjvld6,CR-V Hybrid,39924,Green
2p95qw91dz,Civic,22220,Brown
60uh8kh1ad,Prologue,50383,Beige
c2qyhkpcaf,Prologue,54814,Silver
kmcyhmv56y,Accord Hybrid,36372,Gray
sm5p47redd,CR-V Hybrid,40425,Silver
wbltu2nr5f,Prologue,53664,Silver
xkd3sjw3nv,Civic Hybrid,26346,Beige
c72cx8brhv,CR-V,29417,Gray
h8408dr821,Civic,27524,Brown
ofc041wh5r,CR-V,30362,Gray
bw0ghce759,CR-V,32180,Silver
r5l3p9qb2g,Civic Hybrid,25257,Black
0q51n7d6sn,CR-V Hybrid,37810,Gray
r9lji2hvpf,Accord Hybrid,32054,Silver
ta8k7uxuxj,Pilot,45697,Green
3lgv5xlwem,Accord,23380,Gray
0k6vbg1sb4,CR-V Hybrid,35421,Silver
yg8f4xqldz,Pilot,50995,White
wu93y029te,Civic Hybrid,27449,Brown
hq05lhnbqq,Prologue,51905,Beige
5kyi480bhx,Ridgeline,39422,Black
vhg8gplvi8,Civic,22151,Black
h4thkpqpf7,Civic,15227,Green
hvei7d6my5,Passport,40273,Gray
7vmsijlbnf,CR-V,34027,White
j8yl0n8r2z,CR-V,31934,Gray
eqsdreq0my,CR-V Hybrid,37461,Gray
gyulwzj2cg,Prologue,50576,Green
z3cxu0e2wx,Passport,47676,White
2k752wo1cv,Pilot,45865,Red
l6k7g1ctpl,Ridgeline,45690,Brown
bzrw9m5mn5,CR-V,32791,Blue
10nelj8npp,CR-V Hybrid,36806,Blue
odxtwcwh6s,Ridgeline,42873,Brown
6xhm1392ap,CR-V,33880,White
0ojzdsxutf,Pilot,42401,Red
jns7d7v8eg,Civic,26934,Yellow
q13ucturjj,Pilot,50782,Silver
28cxtmceo9,Odyssey,44407,Beige
q1tvwxju77,CR-V,39843,Red
5tvnq3rd7s,Passport,46064,Brown
40bib4l4bt,Prologue,48265,Blue
zq0dimb7oq,Accord Hybrid,28693,Brown
2ev3fqnu0m,CR-V Hybrid,41275,Yellow
aque4obdb9,Accord,22587,Black
qr2nudsc5x,Civic,24196,Black
olfrssanoy,Civic,19998,White
0vsgnnsme1,Accord,24122,Silver
mgqvaqkpkw,Prologue,52569,Gray
c8evqcg5l2,Accord,34550,Red
ugq5sltaah,Ridgeline,44077,Gray
mlf2wn3nsg,CR-V,33605,Beige
h2jmnfvcox,CR-V Hybrid,40168,Black
9rhsk49hju,Accord,33184,Yellow
3tcd08cd7u,CR-V Hybrid,40469,Silver
stjawvyznu,Accord Hybrid,30784,Beige
eusez5uaan,Odyssey,41631,Red
b49sj78jxr,Prologue,51571,Blue
z9asyyvozr,HR-V,25142,Silver
s4eepcmcc9,HR-V,31113,Green
ybqsslalex,Odyssey,45681,Gray
z702iccuu6,CR-V,38962,Yellow
vomi6vr9c3,Civic,17319,Brown
f2errc5ejb,CR-V,37207,Beige
uzl4fms5l1,Odyssey,42450,Gray
1naxhe89gl,HR-V,26745,White
zka0ax0g6y,CR-V,35419,Brown
g48dp6vt2f,HR-V,26268,Gray
8wkhyoglkz,Pilot,41749,Blue
eylirfeo1g,Accord Hybrid,28126,Brown
eh7hvat89h,Passport,47511,White
lyr6f5bf2f,CR-V,31865,Green
otemlz2c4d,HR-V,26659,Green
bi26vdv13h,HR-V,29009,Gray
81laxgsom9,Odyssey,46150,Green
zato6yvaeb,Odyssey,47664,Beige
lzbo0ctu3a,CR-V,30407,Brown
c4ksvymf6j,Passport,49936,Black
11e1nu5eqt,CR-V,36491,Silver
9mbwnwa3p2,Pilot,41314,Brown
imgpvtsqfh,CR-V Hybrid,34639,Green
srckjpt52t,Civic,25325,Gray
t1mjmliikk,CR-V Hybrid,32417,Green
s888wn6sww,Odyssey,45320,Silver
c70x682rie,Ridgeline,42325,Gray
3u6mbzjkwv,Odyssey,41151,Green
jxvkdkz7ov,Odyssey,35496,Green
dwku74p2tv,Pilot,49980,Silver
warslb0roe,CR-V,39080,Green
5ujlq4pnav,Prologue,52082,Beige
sa4nunqcip,Pilot,41934,Blue
ao7uv1azaz,Ridgeline,44041,Yellow
24fhinlilm,Accord Hybrid,29951,Blue
y28uz3o8hh,Odyssey,41910,Red
faazmngy9l,Pilot,49167,Gray
6cb1iazfro,Odyssey,44599,Green
g4rp0du0fc,HR-V,28431,Silver
bgcn0fzx4d,Prologue,50091,White
pft08gc9j4,CR-V,34722,Yellow
m2ejhlq0a5,Pilot,49001,Silver
yo8xt1o4kl,Accord,30478,Silver
uc6g5akrtu,Civic Hybrid,30612,Beige
ec2608r27i,Odyssey,37946,Brown
nj3d9ktdr7,CR-V Hybrid,32581,Blue
7qdsg1u320,Pilot,48647,Yellow
285a8e0r9t,Accord Hybrid,29867,Brown
sf700n2t0g,Passport,43478,Green
2isamoraw3,Prologue,51241,Brown
t9qdid90qy,CR-V Hybrid,33545,Beige
31ncpbakm0,Passport,48575,Brown
vv7s0g5fr0,Civic Hybrid,27074,White
bzebiw5gf4,Civic,17081,Silver
8cmber05dj,Civic Hybrid,27114,Yellow
imt0bepufz,Accord Hybrid,28593,Brown
ckws7j5d7p,CR-V Hybrid,39200,White
dq1d173g83,Pilot,47123,Gray
ohw87j63hq,CR-V,29482,Yellow
r2h67p8vup,Civic Hybrid,28389,Green
bbv9snswxm,Odyssey,38531,White
vejmcrg8nk,Civic,23116,Black
fc78sykjad,Passport,42852,Silver
gi47q9r91f,Passport,46636,White
8sq08jiq59,Pilot,50357,Silver
n2ej0fswek,Prologue,51998,Brown
umaxevk92c,CR-V Hybrid,32183,Brown
lr2cviebrh,Civic Hybrid,25871,Black
cmkht6f29c,HR-V,25479,Yellow
3av4cvv9hw,Passport,44398,Red
4ao8m5sj3r,CR-V Hybrid,41615,Red
s2wn9zfnw1,Pilot,42076,Gray
ofu05rlfl6,Odyssey,42867,Blue
npijtghdt3,Accord,28059,Brown
wd22b96wd3,Odyssey,46153,Brown
q70l4ui6u9,Pilot,40282,Brown
r3xb5tbosp,Accord Hybrid,37654,Silver
iirstzjyrn,CR-V,36031,White
5die6ea97e,CR-V,33311,Blue
97z6senm7a,Civic Hybrid,29150,Green
eohwuxpyvk,Accord Hybrid,30889,Red
qgqc4446nc,HR-V,25513,Brown
eh6gjz8tv9,CR-V,29696,Gray
v2w58ydyux,Pilot,51255,Black
gm77kvgjrm,Civic Hybrid,29320,Black
bukn6saqpq,CR-V Hybrid,41981,Silver
dsjiuoealv,Odyssey,35467,Blue
37h82g14j3,HR-V,28699,White
ik471hhnj6,Pilot,43376,Silver
2xclnfy385,Pilot,51334,Green
2fjiyuvfkf,CR-V Hybrid,37917,Yellow
bbo7zqgbq3,CR-V Hybrid,36642,Yellow
ni8ah1dg29,Ridgeline,43029,Gray
czohellr2z,Passport,46393,Yellow
4njkqy8vjt,Ridgeline,40906,Silver
42ue8g4rcs,Prologue,56105,Black
flg4pjkond,Civic,16671,White
ayzptr0aku,HR-V,24012,Black
0fg8j4s466,Civic,15001,Brown
6uay95yb4x,Odyssey,40848,White
eozvawvx4a,CR-V Hybrid,37001,Green
mp8lnaff84,Civic,16178,Blue
mpxwnxx9ul,Civic Hybrid,27738,Yellow
np0jkg8g16,Civic,21980,Beige
apumbr52kh,Pilot,50387,Yellow
n6scyfbqfn,Odyssey,39325,Green
95obgbfv91,CR-V Hybrid,38288,Silver
f30z05onph,Passport,44580,Black
jczzg8lhj7,Civic Hybrid,28363,Black
4sjrzxa8uz,Prologue,55793,Beige
53isdq97wy,Ridgeline,46232,Yellow
o3hz8kl198,Pilot,41736,Yellow
jyr5mr0qs4,Accord,30333,Gray
1vpowfydkx,Passport,43010,White
pfkq45z0k9,Ridgeline,41402,Beige
e9oxx18sb9,HR-V,27080,Silver
jil86j6s0e,Civic,15752,Silver
rje8isv22j,Odyssey,46717,Yellow
4s51h8lrdy,HR-V,30616,Beige
9ilzicrdqy,Passport,45246,Yellow
av35rhfbq4,Accord Hybrid,35269,Beige
t79c794iyd,CR-V,34578,Silver
hq9don68u5,Passport,46381,Silver
2jv4n4oqn1,CR-V,32137,Beige
l0k8b52h3k,Civic,23273,Beige
xxafq920ck,CR-V,31912,Gray
m9z8gn1cj2,Accord Hybrid,35368,Beige
miaj0774ki,Passport,40127,White
qgomqc6hsl,Ridgeline,42245,Beige
su09ayg6uj,Accord,32609,Blue
bwoqpimez2,CR-V,29195,Green
i8d4b32vi7,Prologue,53405,Beige
znmrt46aec,Passport,43750,Beige
ycpyqftj57,Civic,17163,Red
qh1qketgd0,Civic Hybrid,27090,Brown
rlob9ib1pv,Prologue,49408,Green
tjc24m2scc,Passport,48887,Green
ac1eiq5ydv,CR-V,38578,Blue
k9g3mtydzv,Accord Hybrid,30563,Red
v26sn1gpjd,Pilot,46911,Brown
g7vvem642v,Passport,47530,Blue
d6rb0lj79g,CR-V,29269,Silver
fu0e19xypg,Pilot,39836,Black
ovqj8f4kwm,CR-V,28058,Gray
jmjd4604py,Accord,33836,Red
korb6at18i,Accord Hybrid,30121,Brown
qtjg3gjefp,Prologue,48592,Blue
q0x0svyx4x,Accord Hybrid,34302,Green
s9hjjo645c,Prologue,55947,Green
lp366kj3r2,CR-V Hybrid,41814,Red
c3scrii294,CR-V,33839,Gray
olnhfkkvly,CR-V,37514,Red
yvaov6a5o6,CR-V Hybrid,39659,Black
9sg2vyv0g9,Accord,30404,Gray
luo8hbbmll,Accord,27079,Gray
f0zrt79f4w,Accord Hybrid,34343,Black
gazgo8glu4,Accord Hybrid,32611,Green
r8w050h5rx,Civic Hybrid,31306,Yellow
mq7bi8v5m7,Civic Hybrid,26301,Silver
63wzp9ymqm,Accord Hybrid,31393,Black
2pk056lsvt,CR-V Hybrid,32965,Beige
wgrkk40e9i,Pilot,51380,Beige
fq5uugzwq7,Civic Hybrid,31178,Beige
ja1oz15vb8,Passport,44040,Gray
bso22utb98,Odyssey,35386,Black
fxbpzbqxtk,Accord Hybrid,29307,White
8sx017omnd,Civic,23152,Blue
uiyakz3gh1,Ridgeline,44034,Beige
n5v5eabfcn,Accord Hybrid,33942,Blue
4kux3wskpj,Pilot,50305,White
p7rdo6dex7,Passport,47955,Green
plaumqvwan,Civic,18281,Blue
c9232equqp,Accord Hybrid,32715,White
b3psjlpvd2,Pilot,45457,Yellow
jp8cggl7qt,Accord,23239,Beige
9r7dhkydux,Accord Hybrid,32371,Black
u25ax258p3,Pilot,42184,Blue
4f81d2mgdt,Pilot,40998,Brown
gkl9zjiq40,HR-V,26616,Yellow
2c3dgw1mgf,Prologue,52737,Red
pwheyp45uq,HR-V,24455,Red
elud0uwy05,CR-V Hybrid,33833,Black
n7i8agpj6b,Pilot,38715,Green
6privvf1q4,Prologue,53114,Green
5uryv7dzae,Prologue,53557,Brown
su9u9t50ga,CR-V,39321,Brown
3b4j7pdho9,CR-V Hybrid,32626,White
gzcpjj1z8i,Passport,48922,Gray
zymtx7ssb4,Odyssey,37801,Black
f67om8bxfi,Pilot,38055,Red
1qxg2m3v80,Civic,22365,Yellow
5mibbxkc4e,Odyssey,44181,Gray
9vmopazqu7,Pilot,47112,Black
21s44blu1s,Ridgeline,46412,Green
moyfoi7vap,Pilot,43181,Gray
w9e2rsr1xa,Prologue,49450,Silver
2ahamin1jq,Prologue,50280,Blue
eggm6qhlfi,Civic Hybrid,30253,Red
ng1xwxk5vm,Passport,41744,Gray
txwpl2y1uf,HR-V,28594,Silver
54jka6o5rs,Ridgeline,38628,White
q2qtehnumr,Odyssey,37351,Brown
rxc5krw4kl,Accord,29931,Yellow
dkwnxx1hbb,Pilot,42106,Brown
lv1g1bu21p,Prologue,54695,Blue
mu2k9fpi54,HR-V,26160,Gray
jus91t3da5,Pilot,40711,Green
1o9qiva1qp,HR-V,30564,White
butcnk2y3o,Passport,43401,Green
1tep7fjm6f,Pilot,49330,Brown
ul38vljhxo,Passport,44678,Blue
y8xow2mu92,HR-V,31983,Beige
eugi2yqr46,Odyssey,47781,Yellow
1694srrtqg,CR-V,39282,Gray
suks3pcwye,Accord Hybrid,37437,Black
50fubnfadu,Civic Hybrid,29720,Black
zkrx0rl3a8,Pilot,50381,Beige
i8p3rzx9ya,Accord,23686,Silver
vy9q2y1dvy,HR-V,28317,Black
hvqtz8psi1,CR-V Hybrid,41495,Green
1ol0new5vz,Pilot,46807,Beige
9pkfh5t6zt,Passport,47587,Gray
7ho4mr5t1w,Passport,46471,Beige
hfuu3b0xif,Odyssey,47079,Red
6y3bvmkntd,CR-V,29134,White
u9ntmfuf1e,Odyssey,44596,Blue
4szgn1mo4f,Accord Hybrid,33546,Yellow
f31w3y6nuz,Accord,26064,Brown
hr3vsmvftc,Civic,19968,White
6f2v1adb4t,CR-V Hybrid,37704,Brown
73hj3ii5ao,Ridgeline,40966,Green
df893n9674,CR-V Hybrid,38514,Beige
m922fgacfj,Prologue,53591,Blue
kcjv3h2qts,Accord,23080,Blue
9oc7ck0fdo,Prologue,55668,Beige
xh4a50qu6e,Odyssey,47280,White
3ftlugs5au,Passport,49136,Yellow
gmb5n6ko7m,Ridgeline,42534,Beige
gangnzwdn9,Pilot,47951,White
p6d1m2zf57,Odyssey,39831,Red
r6zy99z62a,Passport,47139,Yellow
4cj29otmk1,Civic,26245,Beige
x0ikfbph8g,CR-V,32079,White
1q0tlddaek,Passport,49327,Green
nxuqjxddao,Accord,31810,Yellow
y7g55yjyor,CR-V Hybrid,39691,Silver
uhywld7pfl,Passport,48314,Brown
n565luc1f9,HR-V,24563,Beige
a48liecxjm,Accord Hybrid,33827,Silver
e1lloj8rz1,Ridgeline,38101,White
5mf6ml3fdh,Passport,40292,White
8dghgaomla,Civic,24964,Black
2k9egxqtdh,Civic,18516,Red
apu69hjdp5,CR-V,31044,Silver
lneqsbd3pb,Ridgeline,39124,Gray
o300tm40l4,Civic Hybrid,29153,Beige
w57v53wsd4,Passport,48255,Yellow
7y27fbct59,Accord Hybrid,36030,Yellow
lyxj81m8jf,Civic Hybrid,29210,Blue
pmv9m3x7ph,Civic,20749,Yellow
tk7eu9sbua,Prologue,52729,White
fwd6andspi,CR-V,29765,Gray
nydv3bwbdo,Accord,22866,Blue
w11fd4r8qw,CR-V Hybrid,33929,White
aji9hc0hig,Civic,25008,Blue
0whimoxgj8,Pilot,43599,White
ie1ribldfz,HR-V,24486,Gray
z0qidvvu15,Accord Hybrid,34803,Brown
5y4et6q32o,Accord,33042,Black
1c13dga074,Civic Hybrid,30501,Blue
hm3plyexf2,Accord Hybrid,32107,Yellow
q9jwfctjnw,Ridgeline,39589,Black
dzkad82oyd,Pilot,41036,White
cakcj6e138,CR-V Hybrid,37813,White
uvdohjif26,Pilot,47914,Red
juexx8bbno,CR-V Hybrid,38692,Brown
qqhahb6qer,CR-V Hybrid,40467,Silver
jpe8ddb3j0,Civic,27917,Beige
ndfwkz3vge,Civic Hybrid,28774,Green
hi1a661qoz,Prologue,57826,Brown
pqnnj42nmt,Civic,23246,Red
tp6dn0ls3i,HR-V,29929,Silver
apcz6moybq,HR-V,30311,Black
a2icvec8h1,Ridgeline,46833,Black
qllfy6qu6a,HR-V,30988,Green
14zh30mx2l,Odyssey,38490,Gray
f0xzzqsv9a,Accord,24184,Gray
81fct5zvda,Civic,17467,Black
t5ytbihsre,CR-V,38792,Blue
kes5wffog9,Odyssey,45445,Silver
foy7nxzr0p,Odyssey,37263,Gray
383mkwf5yi,CR-V Hybrid,36310,Yellow
s2orsqacui,Accord Hybrid,35086,Red
wtniqg4i21,Civic Hybrid,28884,Brown
5r7e0lhf0s,Odyssey,44215,Brown
lxo0nn5i4x,Accord Hybrid,37938,Green
sx6is34c98,Accord Hybrid,37629,White
z0kl8rl6m1,Civic Hybrid,28711,White
7kg5u53i7r,HR-V,31553,Yellow
07asac1064,Civic Hybrid,26583,Red
irwzh12f8b,Odyssey,43052,White
7m8n8q2cx8,Prologue,53793,Beige
fdva0zt88c,Accord Hybrid,31047,Silver
68gukd2p9v,Civic,18698,Red
v2dsgltxy3,Accord,27451,Silver
xukiez83h8,Pilot,49566,Blue
1svqq9e749,Civic,27321,Blue
kws7zas1ge,Odyssey,40884,Silver
40owoyotpy,HR-V,28807,Green
0q5l7s56ir,Ridgeline,42195,Red
9b3z3n1jy9,Civic Hybrid,30962,Green
tdnpj3tpco,CR-V Hybrid,34151,Black
83wsk6g9nt,CR-V,32703,Black
yn33s2w0bw,Accord Hybrid,37530,Gray
9w5ylvu8ri,CR-V Hybrid,34544,Beige
98s6xfg67f,CR-V,31202,Brown
1zy9y59ar4,Prologue,57252,Green
nfqn42klts,Accord Hybrid,34742,Red
ykwznzefjr,CR-V Hybrid,40465,Red
4k67fq36r6,CR-V,38969,Green
ltyx7xwd4x,Odyssey,40629,Beige
hth7j0x5ds,Accord Hybrid,28576,Red
493k8fhfaf,CR-V,38347,Yellow
u3nhy6wxfq,CR-V,34098,Red
492pdpzqfn,HR-V,30191,Silver
qgtrc8ybkz,CR-V Hybrid,37494,Red
oypu8b7m25,Civic,16770,Beige
etygkkxpgd,Civic,23162,Brown
1364xuvky0,Pilot,43020,Brown
urxopy6xzg,Odyssey,42674,Red
zdd13cqi5x,Civic Hybrid,25186,Blue
b66pmkxl2a,Civic Hybrid,25532,Red
ob8gl5gjfr,HR-V,29038,Black
n0uz4a2f95,Pilot,45855,Black
0s9bfpjf2g,Passport,40274,Silver
j42gf7662n,Accord,27002,Silver
6arf2yhcxv,Civic Hybrid,25132,Blue
bs7rdb5khx,HR-V,28750,Brown
yqmifimyqp,CR-V,28502,White
9jlm6i9062,Accord Hybrid,28947,Brown
csoz6lg1dd,Passport,44243,Green
g40yq2cf4o,Prologue,53929,Beige
p9symdiqly,CR-V Hybrid,37448,Black
nf35r7n5qb,Civic Hybrid,29921,White
rb2uezxwua,HR-V,30801,Gray
vx2b7u4jci,HR-V,25929,Green
lm7bs725tl,Civic,16597,Yellow
xj7k3vhgu9,Ridgeline,44635,Green
co3hq8rd6l,Accord,24712,Gray
jcmjt1emqd,Accord Hybrid,32172,Green
mi4a7zygdb,HR-V,26239,Brown
sscibul054,Accord Hybrid,28674,Yellow
0rxqvs5ozi,Odyssey,37384,White
nflbmwx0bp,Odyssey,45877,Green
pyknxgkziy,Pilot,44426,Gray
3ds4oyb1hb,Civic Hybrid,27948,Black
tnpd5qmtba,Civic Hybrid,27335,Black
ib1wnk0k3q,HR-V,26952,Black
pfe4a0ysq2,CR-V Hybrid,33522,Yellow
3h582dtdrv,Civic Hybrid,29005,Brown
8fxbvvzqlo,Ridgeline,47083,Yellow
22jx4aldll,CR-V Hybrid,34088,Brown
lci8dlh3r0,Odyssey,35752,Silver
6x2j1rktx6,Accord,28428,Beige
jwf344fone,Passport,42946,Black
r7cth9a1br,Accord Hybrid,31664,Blue
nowcxcklue,Accord Hybrid,32807,White
f54jwfv9di,Civic Hybrid,27073,Blue
bajhu2n4es,Civic,18868,Red
gos49zqujj,CR-V Hybrid,41887,Beige
etzd00ctc7,HR-V,25606,Beige
ah8x0hgfq3,Civic,16745,Red
g211v1r8ph,Civic,18317,Silver
a2q77klsbr,Prologue,57184,Black
em2oo6yha3,Accord,27405,Brown
b5fzrutdvb,Ridgeline,40706,Green
doykx5bb89,CR-V,37548,Green
qzcaqh19dt,Prologue,52850,Green
7oj0hywc8z,CR-V Hybrid,33326,Yellow
30t6fo3gct,Ridgeline,41573,Red
g2hhb1u984,Passport,49627,Beige
rkxs8a7x7u,CR-V Hybrid,32409,Silver
8xu7cgff4k,Accord,24332,Gray
n2kbs99r2v,Prologue,50265,Red
yo3akdorkb,Ridgeline,41132,White
0xgssywotq,Civic,25074,Gray
hf087i4pxf,Accord Hybrid,36847,Gray
lfqjiugbko,Civic Hybrid,26038,Yellow
ovnmvbpr64,CR-V,39590,Green
t0cxxlmsg5,CR-V Hybrid,38774,White
yd1yfuwgxt,Civic,16345,Silver
a8v6puny6l,Accord,30268,Black
okeu0w9qiw,Pilot,45007,Gray
dolbmm5qno,CR-V,37983,Brown
fv2064zoy1,Prologue,49103,White
s8voqjv3eg,Odyssey,40434,Silver
7xxmc4fmxz,Prologue,51431,Green
t7ycow1ag0,Pilot,49782,Silver
gq7vc7cwqo,CR-V Hybrid,40686,Brown
mkbqnag8fm,Passport,44989,Blue
fdvxptvwjn,Civic,22939,Green
2m8a84otca,Odyssey,43735,Silver
0j8k9d5nas,CR-V,36540,Blue
mlsd3wrmj6,Accord Hybrid,28343,Brown
k624c0ivfy,CR-V Hybrid,33235,Red
wgl81lya9k,CR-V Hybrid,34693,Beige
500lc8s5ok,Odyssey,38107,Silver
15aanzm798,Passport,49300,Gray
3h70v0lzw0,Prologue,49162,Yellow
1922o1qfgu,CR-V,35258,Silver
d6ajj5a08s,Odyssey,35683,Red
q74spj6x6h,CR-V Hybrid,36276,Silver
bpyw5mlajg,Odyssey,35960,White
maoeo44tnk,HR-V,24821,Beige
lvt0h9thde,Pilot,41220,Red
qyd30mzcms,Accord Hybrid,28914,Black
akfcyb0xof,Ridgeline,40902,Green
luoawr8vmd,Passport,45156,Yellow
aobxn4x064,Civic,18821,Gray
qb2152pd96,Accord Hybrid,33279,Blue
0ad2toregf,CR-V Hybrid,34283,Brown
k2o3mu8hky,Accord,27475,White
w5xvvcbado,Prologue,49347,Yellow
6n5en6gimu,Ridgeline,47605,Red
8zit5hk2hl,CR-V Hybrid,36403,Yellow
t7dtko482m,Civic,16543,Brown
acg141l8e9,Passport,49138,Yellow
g56njlsk19,Prologue,49620,Black
l8hwi4l2q9,HR-V,28423,Black
be1ukkc5nz,Civic Hybrid,29959,Yellow
2jmwk9lro8,Passport,45142,Green
nnfoocsx78,CR-V Hybrid,32462,Blue
j4aun527qv,Civic Hybrid,25628,Green
4scl9zw9dl,HR-V,29691,Blue
cfadbjaufm,CR-V,30252,Beige
t4js5rmzye,Passport,47918,Red
96k89gi6ta,Prologue,53105,Silver
ishic2gkcj,Civic Hybrid,27575,Yellow
tj1gj3irqr,HR-V,31736,White
k26d42mxeo,Accord Hybrid,34422,Yellow
vq1owj6ld3,Accord,22060,Beige
9t8lkxgxit,Civic Hybrid,25411,Black
c9rglml6r3,Accord,33736,Yellow
0rxv1wlg6k,CR-V,31282,Yellow
nsvi4esc8o,Civic Hybrid,26556,Green
jg0k68v4su,CR-V,32597,White
zp5ksze93k,Prologue,50843,Silver
0o3oezwjnj,Accord Hybrid,35629,Yellow
ow8g7p35f4,Pilot,44484,Beige
dtkx138ahe,Odyssey,46120,Beige
bi91yslp8j,CR-V,33693,Green
stjm0zk6gq,Ridgeline,46339,White
7sk1f453eb,HR-V,29767,Yellow
dr8lt3uj8p,Accord Hybrid,33533,Red
53og8adp4n,CR-V,39896,Blue
lf53s8rhzb,Accord,29470,Beige
3byly89cea,Pilot,49164,Blue
yopoygaqhh,Odyssey,45964,White
lymdqwl6eb,HR-V,31003,Gray
waodjmdcv1,CR-V Hybrid,40244,Gray
m226poa3j6,Civic Hybrid,25374,Yellow
70qw2ll08e,Prologue,49158,Beige
vtbstlfsij,Accord Hybrid,28456,Red
iyp5o4pmn5,Accord Hybrid,29878,Blue
0dk3pf1nah,Accord,26238,White
no8l8bgm25,Ridgeline,45202,Brown
k50df9ga1h,Ridgeline,38207,Blue
327kyn6np2,Prologue,57350,Silver
nc4zby37mp,Odyssey,45194,Green
3r9cycss25,Accord,25237,Gray
cnw3630pdj,CR-V Hybrid,41692,Blue
755mx30xq9,Odyssey,36736,Beige
t1zb3e3cw4,Civic Hybrid,26495,Black
v5w7le8527,CR-V Hybrid,38814,Red
pvln726q3w,CR-V,39911,Green
8ohqmu4fru,Accord Hybrid,35556,Yellow
uavh73zdjr,Prologue,56688,Green
99jxuuvfrh,Civic Hybrid,25642,Black
4j6l69xlbh,Civic,21855,Brown
rhsz7rbshw,Accord,23947,Black
7nndmupuh7,HR-V,30973,White
r2fztrs9yd,Odyssey,36205,Black
smxjnpjre8,Accord Hybrid,32754,Brown
5ld7kdzmc5,Prologue,56828,Black
5cw27yryww,Accord Hybrid,34726,Green
fj336y43l1,HR-V,29803,Green
1784gego7f,Pilot,47536,Yellow
mngsf2k0rj,Civic,17475,Blue
wmtustf9xm,Accord Hybrid,37756,Gray
9kzoec6spd,CR-V Hybrid,35381,Gray
hv9tvz0f4x,Accord Hybrid,32175,Beige
wacd3ggton,CR-V Hybrid,38185,Beige
hdhmynaev2,Accord,24591,Green
jlqysa11qu,HR-V,31406,Beige
1xp35pyp9w,Prologue,52647,Blue
rlvw31rze7,Accord Hybrid,34543,Blue
9vt8cuu49j,Pilot,42096,Beige
thwyb5vy0z,Odyssey,36249,Green
qyb1bhycl5,Ridgeline,41021,Beige
r6jew3q1wi,Prologue,48170,Green
hzfswre3s6,Ridgeline,42988,Brown
3zvmmhpfnm,CR-V,32220,Brown
q89ktgjdcq,Pilot,42270,Gray
cpu0jx9k8m,HR-V,30949,Black
wbjoy85a9n,Passport,45629,Black
sgd2tl9smm,Ridgeline,39551,Blue
wsevp15u9w,Accord Hybrid,29995,Green
7z5qdvjtoh,Civic Hybrid,27429,Silver
9x7s09v0gs,CR-V Hybrid,41500,Black
0eghgdswf0,HR-V,27398,Brown
ei9pg8lr1z,Prologue,55860,Yellow
vl109pfkpt,Odyssey,43401,Beige
9nneiu5422,Accord Hybrid,33062,Silver
2z4e21vy2g,Ridgeline,39816,Red
8lio1bnjle,Prologue,56548,Black
xz6tn7ta21,Passport,46427,Black
czc9o8zhgu,Accord Hybrid,31663,Green
ggfvzbboop,HR-V,31500,Beige
0frpo1tmun,Passport,41963,Blue
a8bxenk8i2,Civic Hybrid,31019,Blue
ogzzf3uldc,Odyssey,37327,Brown
zl30akcmp9,Accord,25944,Red
uctg96i6v4,Ridgeline,43381,Red
mfriyfe4m4,Odyssey,38718,Green
zdguxdrw0q,Pilot,50360,Red
bxnxjhcnnh,Odyssey,47712,Black
we0izstwts,HR-V,31575,Brown
fmum7evz6r,Accord,30806,Green
jopgwi87bj,Accord Hybrid,29473,Silver
utunsfed7n,CR-V,32534,Red
zl0236i9bm,Passport,45162,Gray
pd1bbvo841,CR-V,28650,White
5o9o8u4pmj,Prologue,54942,Yellow
8jmfok3axn,CR-V,37727,Brown
ebrwg1odam,CR-V,30179,Blue
z6db8cpxme,Ridgeline,44274,Gray
pphob7xu9g,Passport,48502,Blue
mbcla5p07c,Passport,41417,Black
sowew1sukz,Ridgeline,40840,Brown
rhpk5faf3j,HR-V,28819,White
1lmkr4ca65,Odyssey,41579,Green
6ket4e11bh,Passport,47276,Green
ekpkvvg16b,Civic Hybrid,25605,Brown
brf4qdxn92,Passport,47192,Blue
59kjxubmil,HR-V,26549,Red
chgmg59s8p,Civic Hybrid,28707,Beige
wssjb1ynax,Passport,43434,Gray
od3a29nm3t,Passport,46595,Green
mbmuobgien,CR-V Hybrid,37164,Silver
2p99nynqst,Accord Hybrid,28745,Beige
19v4bt0ta7,Civic,26446,White
d1ysoubox6,Accord,27232,Yellow
9p4ifr8r21,Accord Hybrid,33234,Black
4fbqkhiyl5,Prologue,57059,White
n6gyqwk8ba,HR-V,30025,Yellow
10ualjaazb,HR-V,28212,Yellow
dpyqndgqbz,Pilot,39805,Yellow
bxe14gzz9v,Accord Hybrid,36175,Silver
75ypcxngbk,Accord,26518,Yellow
xd5bug6dzh,Accord,29086,Beige
iq7dqw83ql,Civic,21084,Red
4owrmaa3qz,Passport,44135,Gray
6c7384sjsz,Passport,45723,Silver
zd5oy0snuj,Passport,44048,Gray
qogi312w4h,HR-V,26199,Black
6kd323iqp8,Odyssey,47961,Green
vthdk6fpz7,Passport,46621,Beige
ye8a2n85jl,Civic Hybrid,28430,Green
kv3jc1mzwi,Odyssey,35960,Brown
mb317dr4mw,Prologue,54859,Gray
jpyq9is8jw,Passport,42622,Black
0y06kn5fsg,CR-V,33367,Brown
c67nc8zsqb,Accord Hybrid,28689,Black
2ncosu5483,HR-V,30369,Beige
v6cyncd7i2,Prologue,57632,Blue
oqqw3ugjbm,Accord Hybrid,36170,Yellow
you2blznsm,Accord Hybrid,29204,Brown
xkfdz39bmz,Accord,28687,White
su38vns4r7,Ridgeline,39768,Blue
q6pycn6xgl,CR-V Hybrid,38486,Green
4qr23nwldr,Passport,40341,Silver
ketskoyu97,Civic Hybrid,30498,Gray
hfc183g06v,Civic Hybrid,28170,Red
fpxiwbfmiq,Civic Hybrid,29067,Brown
daj9zh5boa,Accord Hybrid,37726,Brown
1qbs0vpxmo,Civic,22718,Beige
oaegfw427f,HR-V,31821,Red
udydfla1z0,HR-V,31076,Beige
f8pk5cyc0y,CR-V,38340,Green
dqyucpo8ek,Pilot,40117,Silver
7x5m00yza6,CR-V Hybrid,35828,Blue
vve4b3fhz3,Accord Hybrid,29024,Brown
wkekqpzh4l,CR-V Hybrid,32394,Gray
rhsh4j7pn6,Accord Hybrid,32473,White
i3xzl6pey5,CR-V,34735,Green
tbrhmfju2t,CR-V Hybrid,36572,Brown
iq3bzxuxlt,Accord,23605,Gray
ia0qqzqjl9,Pilot,39757,Black
39owxkvl3m,HR-V,24851,Brown
0e4w58jara,Accord Hybrid,30524,Red
6e204631p2,Pilot,51093,Black
b3po8zyn6v,Civic,25586,Green
2yigc6u37f,Odyssey,40546,Black
rrmwl2d2i1,Civic,19720,Blue
haj1v0nrmb,Accord Hybrid,30192,Brown
21hl2pka75,Prologue,56686,Red
hj7ojr83kc,Civic Hybrid,27395,Green
0l3j4zbc4s,HR-V,29036,Beige
dpfam3fg51,Odyssey,37279,White
b1k4d1pxw8,Accord Hybrid,36712,Silver
bvp6lxiwcv,Odyssey,43112,Silver
jebpyo697j,Ridgeline,43079,Beige
n0dyoyby7k,HR-V,27813,Yellow
dk491td6s9,Civic Hybrid,25090,White
3zly1hsuta,CR-V Hybrid,33366,Brown
q6pxai50ve,Accord Hybrid,31257,Blue
yqznb4dosz,Ridgeline,44415,Gray
ni7gp41l3l,Passport,45636,Yellow
hx3s7re873,Prologue,53543,White
m33bnon34d,Odyssey,41051,Red
pq8lzxtlvi,CR-V Hybrid,41479,Blue
sv8cjwvgv2,Civic,22726,Black
0pl6s45j5e,CR-V,37684,Brown
3rhn7xln37,CR-V,33904,Beige
9kcsn4yktz,Ridgeline,46533,White
84izl61t00,Civic,19916,Red
8yal0aa5n3,Prologue,50742,Beige
r1mcvowaxo,Civic Hybrid,26269,Silver
yi4mp017yo,Pilot,42769,Blue
fkr27ltvtf,Civic Hybrid,30363,Green
lgkogqqs2h,CR-V,38074,Black
tfpf3nhsi8,Prologue,57027,Green
8px13yhb8x,Accord Hybrid,36000,White
3tq9bccv5n,CR-V Hybrid,38274,Blue
li0kpalxb7,Prologue,53006,Black
nmquy9vgq2,Accord,29994,Black
mjsp8u27fs,Ridgeline,38610,Gray
9tdiw5qtsk,CR-V,29462,Silver
eydhiqy80k,HR-V,25586,Yellow
ewpw1vfo6i,Civic Hybrid,28947,Beige
rxa5vvill9,Prologue,52535,Gray
oubcmq1tcz,Prologue,57404,White
9bzab74tzg,CR-V Hybrid,41367,Gray
ier9gpgb0n,Civic Hybrid,25634,Green
s19px5tgfn,Prologue,57381,White
8vp1b6dco2,HR-V,25608,Green
an1vfddxuk,Prologue,52181,Green
h4rmtto2z4,Pilot,44235,Red
5nuo49sx05,CR-V Hybrid,37493,Yellow
0vnqc60z7u,Odyssey,38873,Black
aunbtjz6aa,Passport,43727,Yellow
v8pno15lph,Passport,44405,Blue
24la32rb1o,Ridgeline,47159,Yellow
ax7g5kes2l,Civic Hybrid,26632,Brown
q6jo5dc2th,CR-V,37264,Yellow
g2tfeq0p3q,Odyssey,43279,Yellow
b14z06ouop,Passport,49717,Beige
0e70lsv2s0,CR-V Hybrid,39599,Silver
xx9uc4e8cw,Pilot,50489,Beige
wmuggyukex,Pilot,40546,Yellow
5masdns31y,Accord Hybrid,37526,Green
7donqzro00,Civic Hybrid,26237,Brown
670upuxkvm,Ridgeline,46174,Silver
6bu0c3qxnl,Civic Hybrid,25781,Silver
xlvjhdir3h,Accord Hybrid,31070,Gray
klfvosp2qo,Odyssey,40184,Yellow
2zqtuavqmy,Civic Hybrid,25982,Green
i5roagfeqg,HR-V,31413,Red
7rbo4hjf2j,Passport,49841,White
r6jscekcrp,Ridgeline,39948,Silver
nbhf9nrxa3,Accord Hybrid,34205,Brown
dcaghtgfx1,Civic Hybrid,25143,Beige
407gkrms00,CR-V,32024,Silver
knmnzkcjy2,Civic,27119,Brown
vy0xwj70xf,CR-V,32802,Gray
qwqdsvqb4f,CR-V Hybrid,39715,Black
20aqp71gh0,CR-V Hybrid,38514,White
zmxwnplhv0,Civic Hybrid,28573,Yellow
dpxu627o86,Ridgeline,38585,Brown
o6y90eyxz5,Passport,41533,Blue
pgxttl5bmq,Odyssey,39148,Beige
206zjn7dgx,Accord,27860,White
s12ly7j9xl,Prologue,53626,Green
cj56dbj7gq,CR-V,31970,Black
6xz5ypxdin,Accord,26183,Brown
46ywcve3na,HR-V,28890,Silver
22k3qhl1wp,Ridgeline,45552,Silver
jw8sxk9avs,Accord Hybrid,32494,Green
7wt2vnx4ge,CR-V Hybrid,38504,Black
m6dekc5c8a,CR-V Hybrid,40452,White
velfqx9xo9,Accord Hybrid,35152,Brown
hivpjlfira,Accord,28251,Beige
94ipdaese6,Prologue,57153,Yellow
6ogjmllzzv,Pilot,44673,Brown
o2p2q5sdhm,Civic,16544,Yellow
78iopvwjcq,HR-V,28771,White
e4tg0pg82t,Prologue,49783,Blue
cronxashsv,Odyssey,38953,White
itycz9elil,CR-V Hybrid,37383,Beige
hsrtscu9vv,Pilot,39053,Gray
7qyz524bjs,Odyssey,37227,White
ypd333zqzy,CR-V Hybrid,36672,Blue
dsmsg83fop,CR-V Hybrid,35252,Red
ytaintrsbi,Accord Hybrid,31442,Black
255z4vqe4b,CR-V Hybrid,32034,Yellow
u3y2redrgi,Accord Hybrid,32097,White
i59e7e017b,Accord Hybrid,30143,Beige
0fbxtk0vre,Ridgeline,40212,Gray
ilnci6v5ck,Accord Hybrid,30534,Blue
k9hq7wqh6z,Odyssey,46838,Beige
tuv51v9w6c,Odyssey,41023,Red
wmxuskse4r,Accord Hybrid,28167,Black
fw72en3ksv,Prologue,53956,Green
bke9vdjump,Pilot,42430,Green
f7p9975myl,Ridgeline,43405,Black
mruqsblqem,Accord Hybrid,28971,White
h9whlckqx7,Civic,21477,Yellow
q34bbpicjl,Passport,47218,Yellow
nufiekjs8k,Pilot,48439,White
tbuuprfahk,Accord Hybrid,32322,Black
4kiorva5cp,Civic Hybrid,25575,Beige
tm3t9rhial,CR-V,30429,Green
e3ruafvl5l,CR-V Hybrid,37782,Green
1opb8ywfab,Odyssey,45242,Silver
dhfrecq7lm,Pilot,51674,Blue
fcsjcpflev,HR-V,28770,Brown
5igjmx1gem,Accord Hybrid,36236,Red
c2tsf0h8h9,CR-V,28414,Red
2kkrvhczor,Passport,47238,Gray
xoy9zfi14p,Accord Hybrid,29653,Blue
1iqglribd0,CR-V Hybrid,39670,Yellow
j7gd8qqtwk,Accord Hybrid,36938,Red
bur0tnu3du,CR-V,39093,Silver
qq1eh2yafg,CR-V,33206,Brown
ofxvb3gp45,Prologue,57407,Green
bns8zhm9pr,Ridgeline,40490,Gray
t2vh2nhr8p,HR-V,27456,Red
6ycv2lbd0s,Passport,44371,Red
i516j5bfmc,Accord Hybrid,37943,Black
wzgaijqwbo,Accord,27962,Yellow
z6nl75xz89,Prologue,57504,Beige
tiu55nchqa,Pilot,41790,Yellow
51y4p1gawa,CR-V,34888,Silver
h4srrkq13b,Civic Hybrid,26706,Yellow
m9ljpcvp7t,Passport,42074,Red
4ac8ch96p3,Ridgeline,44396,White
2uuan9t3b1,Accord,22553,Silver
ho2lkvj0tt,HR-V,25376,Gray
9kbltvuuc7,Civic Hybrid,29038,Yellow
d1lyrsypvj,CR-V,32338,Beige
fm4h98mlku,Pilot,50529,Silver
r493pkwb75,Pilot,49343,Beige
egjwy0ytaa,Ridgeline,42498,White
j17yr7ijos,Civic Hybrid,28051,Yellow
lwma0en21g,CR-V,32973,Black
ix4j6mrtik,Accord Hybrid,37899,Brown
6qlrrj5hji,HR-V,24699,Silver
4cns76pyul,Accord Hybrid,28396,Yellow
ehtj43e9jc,Accord,34970,Green
x2p9vxovxc,Passport,47825,Beige
pu5ra617ul,Civic,26423,Blue
qd1ziaptr0,CR-V,30660,Red
nofgou22w5,CR-V Hybrid,36908,Black
oqgio8t04t,Accord,22999,Black
3dhc76yqqj,Civic,27091,Yellow
ggdf8irg6v,Prologue,54835,Green
94p8mqs6x1,Odyssey,37277,Gray
5yxoef6stf,Civic Hybrid,30002,Blue
2jr6r8mgs7,Odyssey,35109,Brown
ch6doqzlcx,Odyssey,45369,Green
kx9dgqkgbl,CR-V,39648,Brown
txyos0hxw5,Civic Hybrid,28944,Blue
7ugqhmyiib,CR-V Hybrid,38585,Beige
meldqmk7sv,CR-V Hybrid,36404,Black
ccjbvj03zo,Civic,27844,Brown
4wtm826eth,Accord,27080,Red
6nbzypsljo,HR-V,26773,Beige
9zta1sklpl,Passport,40858,Silver
61v1ra211q,HR-V,31148,Yellow
j0jsuzxauu,Prologue,53722,Black
zxk7herp9p,Accord Hybrid,28901,Green
5mv269zu0b,CR-V Hybrid,41100,Beige
tndrpldiby,Civic Hybrid,25288,Gray
mx1fa6zxi2,Accord Hybrid,28663,White
ueemb81sjb,Accord Hybrid,34859,Beige
m6axvw5pj0,CR-V Hybrid,40158,Silver
mb3wj821mj,Accord Hybrid,36669,Black
hnl5gv58hj,Passport,40216,Gray
dlvrugjjwa,Odyssey,35496,Gray
9892ym95ze,Civic,21532,Brown
2r547nadr8,Pilot,46989,Red
kvcrkw7rmk,Ridgeline,44116,Blue
k26bgpwr6d,CR-V Hybrid,35782,Red
u0mfwjqmng,Pilot,38298,Black
krjqnkaei6,Civic,18241,Brown
nlpcank3qh,Prologue,55892,White
3t9efhqkji,Civic,17772,Blue
f2erhjlaa8,Civic,21825,Yellow
b8gv7xhr4n,HR-V,28648,Silver
u2z4bpnc0c,CR-V,37117,White
eq8gip3p99,Ridgeline,42586,Yellow
06k8rfe6kx,Civic,17407,Yellow
xv7qcikgfd,HR-V,27672,Red
dgdjwkhfl8,Ridgeline,42331,Red
tkfbvfylln,CR-V Hybrid,33089,Silver
npqrgsrfxg,Passport,45012,White
7f3h6ghqyb,Odyssey,39843,White
ck2cl987ur,Civic,22212,Yellow
xpdzk5usxm,Prologue,55417,White
u7j4w9yw8f,HR-V,30431,Gray
bb89104lyb,HR-V,31056,Black
05jmdsakif,Passport,48418,Green
ao8rx48klx,Civic,24676,Beige
ho24t6yc9d,Prologue,49352,Red
3swvhvwc1a,Prologue,50363,Brown
php142a82z,Civic,25302,Gray
y5bvfr8a6h,Civic,21278,Yellow
89uvwof74m,Pilot,41065,Blue
vxlrnshyq4,CR-V Hybrid,35784,Gray
h62bt4rufk,CR-V Hybrid,35703,Yellow
jjs6goi03y,Civic,25836,Yellow
ls1rfohs25,Ridgeline,38721,Green
7lcs48rn18,Passport,43398,Black
0c6a0n512d,Civic Hybrid,27376,Blue
gpvx9huknu,CR-V Hybrid,36791,Red
u6bqoenocq,HR-V,24560,Blue
oldrn1j9n9,Odyssey,47211,Red
3grkeolkyu,Accord,24325,Brown
f62mthqc7s,Odyssey,41434,Black
yta01s137m,Pilot,41334,Black
pvz0mu4owy,Pilot,48320,Beige
rsyyxm6ufj,Passport,43069,Yellow
x8awu30g32,HR-V,27141,Green
kxvyo1x1fp,Odyssey,37275,White
i2xcadcigq,Civic,26032,Yellow
b13cqmmrdf,Odyssey,38025,Green
0hmirnzo74,Pilot,46216,Red
lp3f4i2cef,Accord,22451,Blue
pcl9aabxkv,Civic,23721,Red
xtcye2oxvh,Prologue,53033,Gray
rld7i4zqkt,Civic,27277,Yellow
dkv18t6vyd,Accord,25764,Gray
l83u9qjau5,HR-V,24866,Yellow
3prj1r1cxi,Odyssey,44697,Green
isc32adpzn,Prologue,48001,Gray
zk985p1n1y,Odyssey,38755,Blue
h22p3l7kad,Accord,34631,Blue
158t2rnl74,CR-V Hybrid,37373,Brown
5jnttdbh7h,CR-V Hybrid,35833,Black
0oplqtp56p,CR-V Hybrid,41270,Yellow
fkubsfm3rc,Pilot,48346,Silver
t4u53j34f0,Ridgeline,43897,White
loaa8xxgky,Accord,30435,Black
636m8zfcur,Civic Hybrid,31424,Green
943q7xpb1e,Accord Hybrid,28804,Black
abpkttf7n9,Civic,21604,Beige
9zvo0olkvo,Civic,25112,Beige
2xyad7uxtk,Ridgeline,39485,Brown
5q6r2jg2wa,Passport,47285,Green
4fzz7cusqz,Accord,30990,Gray
kd82fn8rbo,Accord,34839,White
yhb207rp1d,Civic,15219,Black
970wtjbn63,Passport,44276,Gray
nb8paudmag,Pilot,49092,Yellow
aghwi6l4d9,Accord Hybrid,37440,Blue
kltjz29zm4,Civic Hybrid,26362,Green
k1b0ykkh22,Civic Hybrid,25438,Silver
fuk3cjvazk,Pilot,40749,Red
epqwsk9vak,Accord Hybrid,36178,Blue
58egu9hco5,Civic,18060,White
4fnc8kkldm,Civic,23784,Green
yb6kwt1ftz,Civic,20678,Gray
7dvh26m9eg,Ridgeline,38170,Yellow
h2khpdzg1h,Passport,47101,Red
73zs0rm653,Prologue,56210,Brown
0x09ymotb6,Passport,44695,Silver
6kf9lfnbk3,Civic,16326,Green
m4hbtbrvio,Ridgeline,40583,White
mz5qhnczc9,Odyssey,45113,Yellow
ubx1l1yrwc,Prologue,48983,Green
g68eu1aoq6,Passport,42466,Red
ndqopcx0r2,Odyssey,47239,Black
0ujwj2k58k,Ridgeline,44543,Black
g9oiesf7az,Ridgeline,42360,Blue
bqrtj6uvf3,Civic,17460,Brown
cwif931ykx,Pilot,39767,Silver
7l9c9ds4h1,HR-V,25788,White
sj4elwkavo,Pilot,38852,White
xxa4sgcn8m,Accord Hybrid,35137,Gray
7y37ggrofo,HR-V,24496,Gray
c3xapt78vg,Civic,16373,Gray
w335993euc,CR-V,33601,Gray
ptdpalh29o,Ridgeline,47479,Yellow
lkfzdjs4ru,Odyssey,38844,Yellow
p28lpyndno,CR-V Hybrid,36381,Yellow
dkylrh8acy,Civic,24280,Beige
2w0uxtl555,Prologue,54739,Green
24xcfllgeq,Odyssey,39850,White
06n2gy13h6,Pilot,38993,Black
y4odc0kcal,CR-V Hybrid,35412,Brown
gn6dnquj8m,Pilot,49697,Green
df8l36dl54,Prologue,50843,Yellow
16t822rnr3,CR-V Hybrid,32171,Silver
sveyzq7ybt,Civic,22726,Yellow
g5iswhgk24,Prologue,52022,Black
7ioo2qo1ai,Civic,21364,White
7xecr3wp2w,Civic Hybrid,27041,Green
uqngyktyr4,CR-V,32693,Blue
qwmrriqlva,Prologue,57717,Brown
katllaqif8,Prologue,57309,White
4ir3rpknyz,Passport,45218,White
dn73j8m1th,Ridgeline,41586,Green
f0v4wkbodq,Odyssey,40347,Silver
txgvnnw67w,Odyssey,45451,Red
jyj6kmohhp,CR-V Hybrid,33682,Brown
p0j1icniq9,CR-V Hybrid,40129,Yellow
m7ukxfe4c8,Accord Hybrid,35409,Blue
64f9e22pa5,Passport,42905,Blue
4de7yckaig,Passport,41935,Blue
7up7cbpwz9,Accord Hybrid,31055,Gray
35sgres6wf,Prologue,55508,Beige
gjbjmq1jwn,Prologue,49392,Yellow
2sizs1wb7e,CR-V Hybrid,41794,Gray
5dhxrd9kvi,Civic,16755,Black
p0kpyk59pd,CR-V,30691,Gray
h3sm580xp3,Odyssey,39289,Beige
p2gp3uh600,Pilot,45324,Blue
3cz1zdr383,Pilot,49336,Gray
dhuctumrp1,Ridgeline,47392,Red
q2yp3yc27e,Pilot,51156,White
rsr6u5ic10,Prologue,49437,Red
u2pkmis4d1,Accord,22686,Black
e7s63ni675,CR-V Hybrid,38627,Black
obm5yc7kzw,CR-V Hybrid,36014,Silver
o6jq9i6w7e,Prologue,52672,Yellow
3tpeirg07v,Accord Hybrid,30417,Green
n4020ybd28,Pilot,41077,Blue
zp8pfrk98c,Odyssey,46431,Red
dk5ajg5dw1,Prologue,50538,Beige
b14imat94t,Accord Hybrid,34615,Gray
r9pkwyhgck,Civic Hybrid,29697,Gray
9pffmjgmm4,Civic Hybrid,29987,Beige
zi428nrplz,Prologue,54599,Yellow
j7ln7kgfbj,Civic,15639,Yellow
4jsmmv71wo,Odyssey,46763,Gray
pf8dhdb3t2,CR-V Hybrid,35187,Red
qxj5brkvx0,Passport,48363,Black
lv23n606wt,Odyssey,36417,Green
l4yaetdw77,Ridgeline,46440,White
mvfr93ya2g,Ridgeline,42384,Black
37g33qyu0q,Accord,30858,White
3venp5cjcs,Accord Hybrid,32638,Beige
uj5xvtskfg,Ridgeline,44442,Beige
hulwf7cbis,Passport,44755,Beige
zuh705nd78,Civic Hybrid,26275,Black
hk3542dc57,Civic Hybrid,25246,White
01xlwn2vbr,Civic Hybrid,28574,Black
ewu3n307sp,Civic,19409,Blue
e53zcv7a8g,Prologue,51869,Blue
0gcgrd98tg,CR-V Hybrid,36405,White
mgaocsa9su,Accord,27457,Blue
n85ozr3jpk,Ridgeline,42119,Beige
4ey35tknby,Pilot,49750,Beige
rcu5jlk3bh,CR-V,37124,Beige
9onz0ge3ck,Accord Hybrid,31280,Gray
tziufhtxna,Ridgeline,47723,Blue
t4ymr28mof,CR-V,29359,Blue
jqlun200v4,Odyssey,40853,Yellow
5gunjfwe6e,Pilot,50274,White
z4zl33hvvb,CR-V,28275,White
ba379pef1w,CR-V Hybrid,36449,Green
tudfp0nf81,CR-V Hybrid,32843,White
ovzzfd0omr,Accord,34754,Yellow
jn1sblstcn,Pilot,51566,Brown
cjg8o9qjdd,Pilot,41726,Brown
3hjjxs7343,Civic,17083,Blue
izctzsj6dj,CR-V,31411,Brown
w47kw35aw3,Pilot,50630,Black
zkepp5l23o,Civic,17992,Beige
ymas9x2mr4,Passport,49078,Brown
1rz0rjnyuw,Pilot,47802,Beige
u6d7alm52t,CR-V Hybrid,32457,Red
s4ut0y06yl,Odyssey,37087,White
fb2z2g8mqz,Pilot,39321,White
6k245y4zdx,Prologue,52803,Black
pwna7vsifx,Civic Hybrid,28053,Beige
iytijh9vud,Prologue,48440,Red
s814tpmog5,Ridgeline,44379,Brown
2ldpmf5kmu,HR-V,29616,Silver
1gdkw4ca73,Accord Hybrid,33589,Red
x1e8rtrtq2,Pilot,44417,Blue
zwkoo24ekb,HR-V,30854,Red
nkv6ns65uu,CR-V Hybrid,38325,Gray
64umiq7bl9,CR-V,28281,Beige
92bjucxby3,Passport,48103,Beige
9xiwul74l3,Pilot,48170,Red
0pxm8stjnt,Accord,25485,White
bhidi0v74o,Accord,24261,Silver
m0pv7wia5a,Civic,18927,Yellow
h435ui27cy,Civic Hybrid,26292,Beige
n12jte4hp4,Civic Hybrid,25201,Brown
s5o9x7qc9t,Odyssey,37950,Gray
u6izqpmpi4,Accord Hybrid,29469,Silver
7lwk6kr0om,Civic Hybrid,27642,Blue
ebz9mt2jhp,Accord,33591,Silver
w874r49t49,Prologue,53202,Silver
o63bcib7l6,Ridgeline,40803,Black
rso89sb357,Odyssey,37419,Red
y4wg9vermb,CR-V Hybrid,40864,Beige
i4yrmpwisg,Pilot,49095,Gray
g54c070q7f,CR-V Hybrid,33614,Blue
gqeaibqjt2,Pilot,45147,Gray
eh8eia9xrd,CR-V Hybrid,41489,Yellow
bnznyam3fm,Accord Hybrid,30334,White
2eaugp3bve,Prologue,52337,Beige
hph99tc5ie,Civic Hybrid,25840,Silver
zxks46huyn,Passport,41514,Yellow
9ae92juc8m,Civic,18833,Beige
lxo3zlq1vs,CR-V,39693,Red
bxy3qo3t4a,Passport,45046,Green
lo21tfq9fx,Prologue,49320,Brown
9kdbtp33pn,Civic,24476,Brown
bxdnvxjsid,CR-V,37242,Silver
s8ms5m74cb,Civic,25227,Green
f3j5k4dj7c,Civic,25198,Silver
661o89u3xw,HR-V,30361,Gray
fhb2fogbwh,Ridgeline,39381,Red
xdvxnlhq2u,Ridgeline,38874,White
ast31m7gsj,Accord Hybrid,31795,White
gc4qbg2lwg,Accord Hybrid,33772,Blue
vjlvljhsfv,CR-V,38132,Red
hvjns3v12d,Ridgeline,40280,Red
yqulbcx7aq,CR-V Hybrid,39092,Silver
ps459tfk8s,Prologue,52524,Beige
gpywhm0qrx,Civic,27718,Brown
z6ibgg3jrz,Civic,26690,Brown
m6foymjn9t,CR-V Hybrid,35072,Beige
wi6kc92xyd,Prologue,48761,Silver
8lsaoh987i,CR-V Hybrid,39845,Yellow
ya6p9agg8n,Ridgeline,45935,Brown
4vafnzzxs8,Odyssey,35080,Yellow
clavw5qevc,Prologue,50872,Beige
sehfrca6du,Accord,30429,Brown
hess0cplje,Civic,25773,Gray
uukop2jta6,Passport,46626,Green
hf2h9yc332,HR-V,29921,Beige
5b0570o73m,CR-V Hybrid,34830,Brown
u6xgl0agxy,CR-V Hybrid,41996,Blue
71irgjugwm,Accord Hybrid,36918,Brown
tb26rcfru4,CR-V,32335,Red
qgi2bqthg1,HR-V,26771,Yellow
6hn4engjp0,Accord Hybrid,37542,Red
udhwug9w6d,Accord,26762,Blue
5scdslu3pl,CR-V,32938,Silver
pu20w3zv1q,CR-V,31189,Black
ixztw2wynx,Accord,25887,Yellow
vz87upn99z,Civic,19922,Red
rhbxjl2fkj,Accord Hybrid,31462,Gray
g9g2h3q3ic,CR-V,35522,Blue
hg2sygz361,Accord Hybrid,36353,Green
1ozab1s7pf,Odyssey,36561,Silver
m87wv1tw3d,Odyssey,36902,Blue
iw1ktpj3a9,Accord,27768,Black
wbeqgs1mj1,Passport,49003,Beige
qtzr793x7k,CR-V Hybrid,39714,Gray
c3yfnehj18,Civic,26377,Beige
xrzgekksn1,HR-V,27303,Black
5pdf5obtb3,Passport,45475,Green
gvpxsvcjwd,HR-V,24194,Red
gpoyuocimm,HR-V,28339,Green
2ke4dnxecu,HR-V,28564,Black
36c8r7hsx2,Odyssey,47717,Silver
dk5qymvmiu,CR-V Hybrid,40985,Gray
i4e7zef5zv,CR-V Hybrid,36991,Yellow
d48c4zpp57,Civic Hybrid,26701,Blue
msstkowjs6,Accord Hybrid,29780,Blue
1lla160jvh,Accord,26310,White
6n3zsff4hm,Passport,42609,Gray
xgqfi65p5i,Accord,33323,Blue
hel706aqvp,Passport,46846,Silver
8sup2dvxgx,Odyssey,35448,Blue
6v0lq0oicg,Pilot,44873,Red
7s2z4tbio1,Civic,27392,Red
q37gfn5ooq,Passport,41867,Gray
zt4xbegrmk,Passport,48503,Green
388qk473g2,Prologue,54406,Yellow
f1ydc0gykv,Odyssey,38213,Red
p0dvejbpls,CR-V,28864,Yellow
c96035twmv,Pilot,43616,Black
anhp8d5o3r,Pilot,41997,Beige
gh85akcpwc,Accord Hybrid,34936,Black
uejekdl3z8,Pilot,40882,Green
95byxduy8b,Passport,43572,Beige
gcv2epgf5g,CR-V Hybrid,39926,Blue
21i8frn66j,Civic Hybrid,28974,White
nosxgey77q,CR-V,37758,Green
8j1bkrj9u3,Prologue,56344,Yellow
ru5s2dx993,Accord,32658,Green
e2qds55bgw,Accord,25612,Green
ojyv4hmlg5,CR-V Hybrid,36326,Beige
w2fw643kvt,Civic,16505,White
f36ty4w1so,HR-V,30332,White
scu5lslya9,Accord Hybrid,36868,Green
jc4teef6u5,Civic Hybrid,27505,White
daf78li6f3,Passport,43293,Beige
o63gr7wa9a,Civic,18396,White
pca1vlyzcj,Ridgeline,38571,White
jzr77zevvm,Civic Hybrid,30141,Blue
quca2me8uf,Accord,23970,Green
vxgllhc68i,Civic Hybrid,29282,Silver
yru7hj4z8s,Prologue,49115,Black
z5jommfyo9,Civic Hybrid,30614,Blue
vshdkla0no,Accord,32121,Blue
pf06i8zj0p,CR-V Hybrid,35237,Green
3z7mj94nyz,Civic,21233,Beige
uzyz1vl436,Accord,33231,Green
1gqvecd5g9,Civic Hybrid,27065,Yellow
zxm2j13c7u,Passport,48815,White
u92x0d50h0,Passport,46409,Silver
q1t59lxaw2,CR-V,33118,Red
zued8yi0l9,Civic,18601,Gray
cub43jfigx,Accord,24759,Red
yfl0i2efgu,Ridgeline,40373,Brown
c4ojj6tpq8,Passport,42103,Beige
74rnvakn8o,Pilot,43686,Black
90dwauv87i,CR-V,37308,Silver
hszoair3s5,Civic Hybrid,25467,Gray
z0sa07jp49,Passport,43171,Yellow
3qgsuz984t,Ridgeline,39536,Green
b0y20wjqef,HR-V,24804,White
hg32b62mxn,Accord Hybrid,29266,Red
joyz91l3ds,Pilot,50330,Yellow
lhlj3cq7q1,Civic Hybrid,27628,White
y1y6cndye1,Pilot,39080,Green
ws63jvehtt,CR-V Hybrid,33195,Black
03bstp1apf,Accord,24646,Beige
hu53m15qne,Civic Hybrid,31193,Blue
d5q7h0a9k9,Passport,46285,Gray
1ht58yrsd3,CR-V,36635,Black
6c47fqihno,CR-V Hybrid,32159,Yellow
elnxvigcbo,Accord,26277,Black
gxsmiq0n66,Ridgeline,40144,Brown
borimjz9er,CR-V Hybrid,36416,Brown
p4zjeuxeud,Civic Hybrid,28246,White
a86kpfw1o3,CR-V Hybrid,41737,Yellow
q052oeciy9,Passport,45384,Brown
txg5swuvkx,CR-V,28029,Gray
29kjbj09dr,Civic Hybrid,25006,Black
1anlq6co2f,Civic,16038,Brown
w7772157qz,Accord,24068,Blue
905u12t6p1,Accord Hybrid,28521,Green
hv0ngzto55,Civic,25928,Black
ogxw90uicb,Accord Hybrid,37559,Silver
sawntqwnzp,Civic,25057,Gray
np3bkigody,CR-V,29549,Gray
qnkya0dfd5,Passport,47213,Gray
1jteulynfw,Prologue,51130,Silver
t6aww2aljg,CR-V,39925,Green
6vau4rzstk,HR-V,31401,Silver
3vxxigmkqw,Odyssey,42183,Beige
f3x9ydts0a,Civic,15055,Brown
aze71sxkam,Accord Hybrid,36793,Silver
qdf04hjlbe,Ridgeline,38189,Green
ztns7tic9e,Ridgeline,43752,Beige
h61mbzlfc2,HR-V,25051,Black
ti9fcnnt88,Passport,44941,Green
p5y4pfx3am,Accord,28706,Brown
n02g32mng0,Civic,22803,Silver
40q466acuu,CR-V,36054,Black
rr7ktz5hgt,Prologue,49356,Green
tjavs9o3f1,Prologue,51025,Gray
cumsnwx6cq,Pilot,44507,Beige
2ffcwk0aet,Odyssey,47725,Silver
kki4u4jt3i,Pilot,41669,Brown
dw4tpby8p9,Ridgeline,41578,Red
157stebj3j,Civic Hybrid,27215,Brown
kl2h9gi1x2,Prologue,49093,Red
li7z969are,Accord,25389,Green
8lh2bwyu2h,Odyssey,35482,Silver
5tck83u7ac,Accord,33662,Black
b3ofh77gor,Pilot,45408,Blue
gd97u0lsiu,Civic Hybrid,30547,Blue
6a0sh4yzxs,Prologue,56471,Brown
lw54h0f162,Ridgeline,43821,Blue
l373bttp4p,Odyssey,42679,Gray
ky4nnybwz0,Ridgeline,41067,Gray
sd6dypx313,CR-V,35616,Green
j8ddenp8h3,Accord Hybrid,28233,Blue
p30476fc74,Civic,26784,Gray
sjb8imcw61,Prologue,55323,Red
m32l23dgll,CR-V,28898,Yellow
1xav9wowdd,HR-V,31652,Red
v8qwmq94ef,Ridgeline,43930,Blue
tvijgym29f,Accord Hybrid,35953,Black
8yf6wzyza6,Accord Hybrid,28633,White
jwycb38r5o,Passport,48786,Black
gvq93mrga6,Accord Hybrid,36822,Brown
fbh32keqkj,Civic Hybrid,31448,Green
rzw3tkgma7,Accord,26101,Beige
h5jq8upymj,Accord Hybrid,31125,White
3k1e15kfxn,Prologue,55281,Beige
nxzu6tus0a,Pilot,46423,Red
31px3jgutc,HR-V,28953,Blue
vs4uxajlfv,Pilot,39455,Brown
q02e2j1h13,Odyssey,35669,White
plpu1s2z21,CR-V,35305,Yellow
copqwrlxbo,Odyssey,41004,Brown
cgbjzdsjft,Ridgeline,41459,Green
kd9tt0yngh,Ridgeline,45578,Beige
wrdk5a4zpr,Passport,41836,Beige
p8dqidmoxc,Civic,24708,Beige
i3pvbpk6z4,Civic,25481,Blue
8rsolbii6o,Prologue,50614,Brown
dplptd51s1,Ridgeline,39728,Gray
siz5fmtj5a,Civic,24657,Yellow
crupiou34n,Accord,23191,Blue
m94utbtc5u,Civic Hybrid,28811,Blue
jj4yptxajx,Accord,28617,Green
3k9un06z56,Civic,18055,Gray
bv5z9myju2,Prologue,56344,Beige
5fbdwvzt0y,Civic,21278,Black
934rme305o,Ridgeline,43120,Red
dt5in9k29t,Prologue,50711,Yellow
0dyz26gnyg,Ridgeline,38644,Green
bmx4qxo1zj,Ridgeline,42455,Silver
01at4ug035,CR-V,30299,Red
26zfj112r9,CR-V Hybrid,37009,Black
n5gepwnn6d,Accord Hybrid,36811,Beige
jv68y82gvx,Accord,33260,Brown
wj54g1nhlb,CR-V,32515,Gray
8o8dmtp0bp,CR-V,35093,Blue
qy0qpsxlka,CR-V,37176,Red
p0gt6tkl47,HR-V,25312,Gray
u4u6xokp1v,CR-V Hybrid,34546,Gray
yd6vr5ynf7,Accord,23159,Blue
136obc526f,HR-V,25072,Black
uxm53pq0vz,Pilot,46766,Yellow
wr2bf3xawn,HR-V,25420,Black
1jcvu5mbyi,CR-V Hybrid,40379,White
mi0orw719t,Accord,33713,Yellow
myr7j9qq9p,CR-V,38821,Gray
g53880ku2g,Civic Hybrid,31028,Red
px059dfkr7,Odyssey,35612,Beige
vy85oonrw5,Passport,46130,Blue
7ipu6vrm5g,Civic Hybrid,28630,Brown
7abec3et89,Civic Hybrid,28103,Beige
t8rxgac7dm,Pilot,47593,White
w0jnropgm6,CR-V,38708,Red
u1w1we4hn7,Accord,34904,Silver
jhjwspz59f,Civic,18474,Blue
ml7rhl7dy3,Accord,25439,Red
4ccfhl4oej,Accord,30543,Brown
8susj6dvxv,Pilot,46222,Brown
u0iaex80qw,HR-V,25260,Gray
dfthn2bnom,HR-V,31525,Silver
j5aq81dwr9,Pilot,40886,Beige
sufadi6rm5,Prologue,51556,Blue
hwsguihzfk,CR-V,36491,Gray
34oew7h8dp,Odyssey,38616,Brown
vf3lgb0olv,Prologue,51511,Silver
oipx54avfb,CR-V,36702,Yellow
ugcg2uke23,Accord,28264,Yellow
rv5x142gre,CR-V Hybrid,33983,Blue
s43a10ihw4,Ridgeline,40627,Red
177t6vp54j,HR-V,29484,White
1zy8w80wf0,Civic Hybrid,31020,Beige
4mu5jzycmp,Prologue,53313,Green
vgfgat02i0,Passport,41108,Brown
uzs506b6bt,CR-V,32467,Brown
zfkzmghuoq,CR-V Hybrid,32834,Brown
2vc9e667lr,Accord,26603,Silver
1058pkqgwc,Pilot,51055,Brown
n2nf25uzdm,Prologue,57107,Beige
yeec20js8i,Ridgeline,44243,Silver
khhmr6lv3a,Odyssey,39902,Beige
9q2w979660,Passport,43025,Yellow
6gbw8ctn38,Odyssey,43206,Black
7krmhyvbgb,Odyssey,44478,Beige
wzx5xup7sh,Odyssey,44771,Red
9603kpfg62,Prologue,51223,Gray
m3qlkaod3y,Accord Hybrid,37843,Yellow
d1lzvllzqe,Civic,15305,White
6cwaoqa796,Pilot,40730,Blue
fssb5mccor,HR-V,30109,Red
75etbdogrp,Passport,40915,Yellow
embah8qhqs,Accord,30424,Red
y8quvur7yr,Odyssey,35535,Beige
x5m4wnl3dp,Accord,28033,White
231mtetawr,Odyssey,35827,Red
3i5kdef90q,Odyssey,35313,Green
rqv73zjuej,HR-V,31054,Green
l5vwz4oult,CR-V Hybrid,32879,Green
3xfqh9b01o,Civic Hybrid,31474,White
t8g0od2lb7,Civic Hybrid,25833,Gray
u25yd5anpk,Passport,49594,Blue
w5ty2krsgt,Accord,26082,White
0iiw8zsso2,Pilot,50387,Silver
4ra549qqew,HR-V,29696,Blue
j9y4z4k4nw,Accord,24187,Green
kysl98l7y1,Civic Hybrid,27432,Blue
0fwwmuo4ng,CR-V Hybrid,33414,Green
o7m8lam1a1,HR-V,25723,Beige
92fpt5jvin,Passport,42611,Brown
33jogzr8at,Civic Hybrid,29157,Black
e55e0fz222,Accord,24426,Green
q4s1j639xe,Accord Hybrid,36984,Silver
uo5vu4k361,Ridgeline,43107,Brown
ppsg8cy4fs,HR-V,28130,Blue
r8agkhxcj3,Accord,28303,Beige
7rfvyy0t8f,CR-V,28157,Brown
m1dr5w1o7n,CR-V Hybrid,41214,Red
skenaxcv77,CR-V,32377,Beige
9tdqobplix,Odyssey,41294,Brown
0g41yuxbxo,Pilot,51493,Blue
txq7vvx9nc,Civic,24155,Red
1ckjcjajtl,Passport,41591,Brown
od44rig516,Civic,18696,Green
ckn94ocktt,Odyssey,37557,Red
d7c2yirghq,Pilot,45224,Brown
fj1jww66x2,Accord Hybrid,34834,Yellow
0c4uqtwdun,Passport,40532,Beige
ldv3ihoyq7,Civic Hybrid,26402,Green
1yjllqkk43,HR-V,24689,Brown
zkkvmasphh,Odyssey,44364,Silver
nlmmo5pp40,Civic Hybrid,27698,Yellow
ls5khjkqtw,CR-V,39986,Beige
zq101fp7mo,HR-V,30082,Yellow
moy7jqr2o5,Ridgeline,42805,Black
4gxyari8zi,Ridgeline,39626,Blue
vldwdbyogi,CR-V Hybrid,34276,Gray
jpu7yyy9pa,Accord Hybrid,30346,Green
m22b277jj6,Prologue,52949,Blue
wdww7ba6fe,Accord Hybrid,35604,Gray
hs1aaur0mf,Prologue,53322,Yellow
hkvnq4n6tn,Prologue,55037,Brown
ygn09sd1j3,Accord,24968,Green
wbu4j36thz,Accord Hybrid,37628,Silver
kazj2d200i,Passport,48644,Green
rav8vigncl,Odyssey,41841,Red
2dx6mig2qu,Accord,26147,Brown
n1nyzx44pw,Pilot,42680,Blue
1xjfu8l88w,Accord Hybrid,29728,Green
wq9e04rwjn,Accord,34117,Brown
2aa8yagyhz,Odyssey,45473,Green
8zx5awf9zr,Ridgeline,47251,Red
reypq9s4ey,Ridgeline,41481,Brown
fjbme9zhu3,HR-V,31103,Green
0j1vekngfb,Civic,17315,Silver
nle7j72cia,HR-V,28533,Blue
uk5k9viiwd,HR-V,28611,White
9ixer6s39g,Ridgeline,45613,Green
sghs4cdsxp,Accord,27941,Blue
kkvbkaj87v,Ridgeline,47193,Silver
x4mpkm2dlx,Civic,15234,Beige
lp4ssa2q8d,Prologue,57704,Beige
awxg1guuj0,Accord,28458,Black
tmpzoxm77j,Odyssey,38197,Blue
syfebfixl5,Pilot,49165,Black
z5aaj2ty1p,Pilot,45549,Blue
gwdscv84db,Pilot,47681,Green
ifma5g905p,Accord,27990,Blue
las0xq62gl,Passport,46371,Red
778mowb0gq,CR-V Hybrid,38218,Green
4tvcpjg5c3,HR-V,31050,Silver
a3qdktqy8o,Passport,43919,Beige
49h4hv6wj7,HR-V,28163,White
udz5z278t9,CR-V Hybrid,34039,Green
kyor1kyp1j,Accord Hybrid,28435,Black
xvwnr8hoba,HR-V,24482,Gray
tn9x6mustm,HR-V,26532,Brown
xxhb5ciksv,Pilot,39470,Brown
wb8jsd4fyc,Accord,22241,Blue
dmk2fxrk4u,HR-V,29222,Black
s007cssu9y,Civic,17348,Red
a3mqw3l2mb,Ridgeline,46857,White
ldpkia5vo8,Accord,33498,Gray
7p0v01jxes,CR-V,33641,Blue
zxg9s3o6nt,Accord,32776,White
jbfef1wnxg,Prologue,49808,Black
a8e5qjlxff,Passport,46160,Beige
j74pl6t5y7,Accord,30083,Gray
09nr0ek0wb,CR-V,33877,Brown
49rlosi5uf,Accord,33618,Red
o1g33znded,Ridgeline,42041,Gray
taew7txfap,Ridgeline,46818,Red
38rtqz094j,Prologue,55848,Beige
kwcd66i27z,HR-V,24234,Brown
3tvmr9bn1w,Civic,22898,Red
qmhxjy2l9e,Pilot,45198,Beige
0tz7qwtdav,Civic,20049,White
y6mny0wn9d,Ridgeline,38267,Green
dnf8j23rft,CR-V Hybrid,32258,Black
n10i9b2nf6,Ridgeline,39751,Brown
usny8pi3bs,HR-V,31183,Blue
c1oz9v12wc,HR-V,30872,Green
m4cmay2x57,Accord,28874,Red
p7g8ig7kdp,CR-V,38467,Red
4t913laaqc,Passport,49747,Green
pky0rgfe2x,HR-V,26134,Green
u79vc1ink0,Civic Hybrid,26929,Yellow
pkyzixlgv5,CR-V Hybrid,37395,Red
kqg5qpcn1h,Accord,24994,Yellow
9gnjqrzdek,HR-V,27508,Brown
wke2t17d14,Pilot,41350,Black
2d363kbynj,Prologue,57412,Brown
off2gzyum7,Odyssey,46845,Brown
wzmbhcmzbx,Pilot,51505,Silver
zt8oqab6hy,Pilot,51619,Yellow
xofydxtjpr,Ridgeline,38956,Beige
yd4rjcfs17,HR-V,31483,Yellow
msmdlkpozf,Ridgeline,46896,Yellow
rfq2y504b7,HR-V,30440,Gray
dfvgomftq3,Prologue,56963,Black
oe3xmjtlbg,CR-V Hybrid,34299,White
znwavkbt6r,HR-V,30442,Gray
4ef3k8pdct,CR-V,28531,Gray
7s39i0d0qu,Civic Hybrid,26910,Brown
a73gql3v3u,CR-V Hybrid,35972,Blue
eil7shscc7,Civic Hybrid,30895,Beige
d563jl5kn9,Accord Hybrid,30977,Blue
16rrdga75n,Accord,30656,White
dzrqfxrg3w,Pilot,45721,Green
46e6gz1qa8,Accord Hybrid,35572,Silver
9g2kh4vl2m,Odyssey,35318,Brown
y9kr3z5pmo,Prologue,53404,Silver
rqbax85ye6,Pilot,50319,Red
77diq58tq9,Accord,34276,Yellow
rttxfc6yao,Civic,20884,Red
ygb455zx7z,CR-V Hybrid,40936,Red
ljkfv2fq06,Civic,26823,Red
smhnj1iuth,Ridgeline,44724,Blue
c3nz82atd4,Civic,25525,Silver
cqcz7l6rt0,Ridgeline,41192,Silver
rgd0ez6nmg,Prologue,49927,White
vijp1wm3ww,Civic Hybrid,26812,Red
a6vbo3jso4,Prologue,52764,Yellow
9rc6eo71x2,Passport,47541,Gray
1de5svay44,Passport,47482,Red
gdxnvg86pb,Prologue,49003,White
x8b3jnr7dq,Civic,18390,Red
wzinycea2q,Ridgeline,38230,Green
ddk7aip4cu,Prologue,53762,Yellow
gkb8nvmjm6,CR-V Hybrid,33681,Black
t569a4h2zz,HR-V,30153,Black
4xv6w8m8mm,Accord Hybrid,34046,Green
tjbqi3nox6,Passport,40854,Gray
f9mnu6fo7g,Civic,22711,Beige
dysdt57kjt,Civic,18128,Green
xy5kdgwoej,Prologue,52672,White
th5sri3cjw,Passport,44577,Gray
7z4ydf1fb9,Odyssey,40851,Red
ux6m7fgk4r,Civic,25581,Yellow
epvipd1ohf,Accord,23158,Black
23v9fuodrr,Pilot,43633,Green
sauqv7f4h6,Ridgeline,45784,Green
o6f0twvsao,CR-V Hybrid,35830,Black
wgze8ldtbb,CR-V Hybrid,41516,White
7clf3unro4,Prologue,53947,Gray
76ad24joo1,Odyssey,46918,Brown
li4r1b6onf,Pilot,49128,Black
nlunkspkkc,Accord,25656,Silver
f67kcl78s3,CR-V Hybrid,33407,Red
8s3a6qmvws,CR-V,35931,Beige
3d6uibwssx,CR-V,31757,Red
xhh4jbekn6,CR-V,35588,Gray
8d44p17t42,HR-V,24830,Silver
vojtlsmv7t,Odyssey,46512,Yellow
vcwpsa8n72,HR-V,27839,Blue
64r57jaxrr,Pilot,41084,Beige
wve09qm49m,CR-V Hybrid,40237,Red
98ucy57sko,Prologue,49569,Red
xnyd1lmrm6,CR-V,34152,Silver
3e2hv2cpx6,Prologue,56132,Silver
g9nwajs5z9,CR-V,35849,Gray
74ztp97aqu,CR-V Hybrid,35924,Black
9p60zejpms,Prologue,48741,Black
yedctl28ov,Passport,44320,Red
8xth6xvco0,Accord Hybrid,28428,Red
klnmdm54d1,Pilot,45180,Red
8hiy6f82br,Civic,22191,Yellow
qw4kaqj3qt,Pilot,49427,Blue
kj38xvbg53,HR-V,28779,Black
80y8lz9k1g,Passport,46934,White
zonn5hbi4k,Civic,23464,Red
z7iib2h3rw,CR-V,36400,Yellow
6h8ugdl61n,HR-V,27766,Gray
snfogtz9y3,Accord,28824,Green
mzrcdbetfd,Accord,34552,Red
273gu4m9rq,Civic Hybrid,27845,Gray
jha4o5aqwj,Odyssey,43239,Yellow
sdb8269x8p,CR-V Hybrid,41412,Beige
7qt8rgq0zi,Civic Hybrid,30860,Green
lac92bgcnr,Prologue,53849,Silver
o3wf5iwrov,Prologue,50826,Blue
87ycmkrpls,Ridgeline,40870,Gray
ucgn79lkr8,Passport,44675,Red
ld9udq1lab,Civic,17232,Silver
5ce9f7v2ax,Prologue,52169,Silver
vhj64gmptd,Accord Hybrid,35978,Black
v9tztec7hu,Civic Hybrid,25605,Brown
usuvte1k59,Prologue,56360,Beige
691iwwq7my,Accord,22405,Green
9qr6dmg2u7,Odyssey,45254,Brown
ko3me8r2nh,Civic Hybrid,26935,White
lf2hqwm928,Prologue,55568,Yellow
1vz01sn6bs,Pilot,47494,Beige
4xb3ym8t6n,Civic,21888,Blue
wh92z48i2e,Civic Hybrid,26125,Green
g8wik7hfgn,Prologue,51180,White
jnohzn8a25,Civic Hybrid,28411,Blue
8717261c7i,Prologue,53172,Beige
isw855a4sx,Pilot,38577,Yellow
vlhat36czf,CR-V Hybrid,41101,Beige
6mo0ummpwn,Prologue,48593,Black
15zmznvp9d,HR-V,31032,Beige
2mg7ijj0kb,CR-V Hybrid,41155,Blue
wqyclgnie2,Accord Hybrid,28530,Silver
bwp34k0gus,CR-V Hybrid,41002,White
ko3xzjp5kz,Civic Hybrid,29333,Black
4wetlbztp4,Accord Hybrid,34029,Green
qwkps54rdp,Accord Hybrid,33666,Green
siinrhme1v,Passport,47998,Green
xtxd4s1yvw,HR-V,31373,Red
e7asky9ud0,Passport,46686,White
fxdi5wtnvc,Accord,25280,Blue
2xjmwb2o51,Accord Hybrid,29940,Beige
kcsyb086zm,HR-V,29629,Red
5yxmzbaxy9,Civic,23816,Silver
t8hjfp6ny2,Prologue,55835,Brown
wv37nnxlwd,CR-V,34143,Black
ni6s4r3wh5,CR-V Hybrid,41087,Silver
tjk79ixck1,Prologue,57382,Green
ja7w26c2zn,Civic Hybrid,26264,Black
ast0nop8sq,Civic Hybrid,25391,Gray
h8nhd67nd1,Pilot,41620,Beige
qvrno5wg1x,Civic,17840,Blue
i8nouluxgm,CR-V,31763,Brown
5pqcgog8iz,Civic,27635,Blue
qhhlrc2sll,CR-V,38010,Beige
1fu7rstoev,Odyssey,40575,Yellow
toani6n14c,Prologue,53455,Brown
vnnjfm8nj2,Accord,34678,Gray
5jgbk9l7v1,Civic,15471,Red
9ex2jo3qx6,Civic Hybrid,29746,Silver
n9antol58h,Ridgeline,45348,Black
z8ihyvqxhj,Civic,15756,Silver
hrgvu55a1l,Prologue,51128,Red
bjz4h0egmc,Accord Hybrid,28957,Yellow
t4mf9i9jab,Civic Hybrid,29030,Green
g96st3j3cq,Pilot,40157,Green
97o3bj5gr5,Ridgeline,38853,Beige
gbw6cvzlur,Prologue,54597,Green
r12p62nvn7,Odyssey,47171,Yellow
vkggs00rsh,Ridgeline,46133,Beige
p988wzntfd,Civic Hybrid,27424,Gray
cef52xdsee,Accord,27886,Brown
zu8rir27le,Prologue,53809,Beige
2dnuvkxgxo,Odyssey,41139,Gray
e5il0lfpu9,Ridgeline,43923,Beige
b2avxu047o,CR-V Hybrid,33643,Beige
oanj21r5i0,Prologue,52641,White
6tpx99yutg,CR-V Hybrid,37551,Red
izdi944ocz,Civic Hybrid,29182,Gray
e5twse0l15,Accord,29406,Brown
4shmp05f1x,Civic Hybrid,30043,Black
h7yv85z0kt,Odyssey,45642,White
3rwz4b8pts,Prologue,53460,Beige
yntos16g1i,Prologue,51210,Brown
vohykgzynw,Passport,40993,Gray
bxzkyezmx7,Odyssey,35722,Blue
3o06bki1cd,Civic Hybrid,26543,Gray
xv18vme854,Civic Hybrid,30686,Yellow
88qzlhu69r,Ridgeline,47988,Green
qa7b2543wn,Accord,26177,Brown
tq4plhc3kl,CR-V Hybrid,40656,Red
hcrybimia4,Odyssey,42005,Green
0614hl2e9j,CR-V Hybrid,34960,Yellow
vzzgbf2rjy,CR-V,29193,Beige
hnytxnxb6t,CR-V Hybrid,36102,Red
eabxwumeo7,Ridgeline,46046,Yellow
5852j4omg3,Passport,43250,Silver
857jhocpia,CR-V Hybrid,35114,Silver
qft7i5ifju,Accord,33445,Red
3ufgv63lm1,Odyssey,37468,Beige
gjh813mxn4,Civic,22630,Black
uwxtm99jms,Ridgeline,43550,Black
0ggcbk4gdy,Passport,47131,Gray
qvge4q7wbu,CR-V Hybrid,35249,Beige
h1hagc1ojk,Ridgeline,47282,Green
v2rl3idhr2,Prologue,56092,Blue
46ec6regth,CR-V Hybrid,32195,White
rr8hzwzjnp,CR-V Hybrid,41162,Yellow
tkzu8xmkxv,Passport,45986,Blue
9hobiu6v8b,Odyssey,47335,Silver
756la45wzd,Pilot,42015,Beige
imasy66x8d,CR-V,30812,Black
3d5nwqkhxu,CR-V,35175,Black
mec2u6rorm,Passport,47012,Blue
dzests2s23,Civic Hybrid,28480,Blue
yjs2mvbbyd,CR-V Hybrid,33571,White
rrf19bz94w,Ridgeline,45976,Green
km9uz7d6gs,CR-V Hybrid,41778,Silver
fhr4mhgfpe,CR-V,31911,Yellow
udvd914hnt,Accord Hybrid,34147,Yellow
7nmfdaqxpx,HR-V,24878,Blue
c3sact0npk,HR-V,31882,Black
n5vqh0vtu8,Civic Hybrid,28131,Black
6zx0gbip6l,Civic,16350,Black
a5smqyoosu,HR-V,25540,Blue
cqple5hqu2,Passport,42498,Silver
lzs4dz497a,Passport,42218,Black
ke18uf3onv,CR-V,28868,Red
xogesh7ewr,Pilot,41909,White
0kipcn0gea,HR-V,27939,Gray
eco6dvfxeg,HR-V,29341,White
xjlsacmu2s,Odyssey,41314,Beige
22o3ptm20h,CR-V Hybrid,38219,Green
5rj4y4co6q,Ridgeline,38599,Brown
g7vlnlif8t,CR-V,31564,Red
zyt7i9ghep,Prologue,50438,Beige
deua6f285l,Ridgeline,40053,Green
mj2whhnpq3,CR-V Hybrid,40134,Blue
usgeg524xf,HR-V,29174,Red
d6ew2w4e21,Civic Hybrid,30929,Beige
ma2huiaexq,Accord,25151,White
zip28kqo59,Prologue,51920,Blue
fi5zyo6n9p,Pilot,38494,Black
b8yoxcz9eo,CR-V,29962,Blue
ykoymtlh9g,Pilot,38593,Silver
1sxgyev7r1,Ridgeline,40326,Red
t7mr00evva,Civic Hybrid,30258,White
dnwf8c2t54,CR-V Hybrid,37542,Gray
h91qkoexxh,Accord,33206,Red
r45b1feqpp,CR-V,31152,Yellow
dp55ddrwth,CR-V,38450,Silver
d42xfalac3,CR-V,38284,Brown
ps7po1q483,Accord,28441,Beige
1fx6ydgae2,Passport,46188,Green
ftjuir8ux0,Accord Hybrid,37204,Gray
soku3e6mb5,Prologue,48169,Blue
a1intgb9q0,Prologue,54746,Yellow
jntnf85w9c,Prologue,55206,White
iwapvqm6ld,Accord Hybrid,30303,Red
xvfofohgld,Accord Hybrid,31708,Gray
ag8qo58gkl,Odyssey,39144,Blue
o2gy9m4v09,Civic Hybrid,30687,Beige
m9rbg7ffyh,Odyssey,45443,Red
8drhkeul3o,Civic Hybrid,27821,White
qxtonm17rf,Accord Hybrid,37030,White
hx1qfljan3,Pilot,45320,Silver
00agenvjgv,Accord,28981,Gray
9vgh76liu3,Passport,43849,Blue
ruxo79iyr3,Passport,41475,Brown
xn7qokuzac,Odyssey,40862,Brown
xhgui5khkw,HR-V,30377,Black
a5nlhte793,CR-V,38219,Blue
cs9feuhhvu,Civic,25651,Green
ipvmgwroma,Accord Hybrid,30763,Silver
y3gnknnoy6,Accord Hybrid,36599,White
ngswmrjcze,Civic,25342,Blue
vyvgdnci4g,CR-V,33036,Gray
t0reaftf7x,Prologue,57806,Silver
67e04qmonk,Accord,32092,Black
bkphh1u5ee,HR-V,30003,Black
ynia63gjgx,Ridgeline,47345,Silver
w6cnxbeivl,Pilot,41223,Blue
xibnu5mswx,Passport,45085,Brown
n0o8tp2yac,Passport,40180,Green
loy8enjwnr,Prologue,54338,Brown
4d5fnvfmth,HR-V,29433,Blue
zq9p9jfexk,Passport,47558,Green
h31i413o6f,CR-V,37425,Silver
ez1147ownu,Civic,25537,Black
tmrmedm9cj,CR-V Hybrid,40916,Beige
a8pop1gr56,Odyssey,41770,Green
q4xn020533,Civic,26163,Gray
fpn99o1fge,Odyssey,47066,Yellow
434iib3nxt,CR-V Hybrid,35010,Green
uwi8rl7s0i,HR-V,24197,Beige
tb1u3u3xl5,HR-V,26697,White
v82et3uchb,Ridgeline,43666,Brown
yqdarvw9zn,Ridgeline,44901,Yellow
sgve7dvcwm,Accord Hybrid,28516,Gray
4lhunwp1n6,Civic Hybrid,27745,Brown
tzt1ek1w35,CR-V Hybrid,37317,Black
ngy0li225q,Ridgeline,46367,White
wtpxfgfsis,Accord Hybrid,29732,Black
eqg6fx45l9,Passport,45028,Green
eepz5voby7,Odyssey,44185,Beige
wedt1q1lwh,CR-V,36004,White
gcz5vv09wz,Civic,16546,Brown
r81s0ckwe0,CR-V,29208,Yellow
4klagz282b,Prologue,49107,Black
bp690ok1ha,CR-V Hybrid,38751,White
ipuuzt6ov8,Passport,47473,Green
ek2gjy3kgq,Ridgeline,46639,Red
kiqcz86a4k,CR-V,29948,Beige
gico8367sk,Odyssey,35603,White
2f2sslmq3y,CR-V,39437,Yellow
ml90v8z7uz,Accord Hybrid,36125,Gray
g9itnjz88g,Odyssey,44105,Blue
qq3nh2qlam,Pilot,43588,Green
hvz19pr859,Accord Hybrid,37674,Gray
4qlypxdiig,Passport,46374,Red
oj86eoilmm,Accord,25109,White
wkgf2eltkx,Passport,49832,Red
3wfbccufba,Odyssey,36499,Gray
g27oyaa5b4,Civic,17051,White
xcnrrw3stu,HR-V,24397,Beige
x1d3wfvd8q,Odyssey,40472,Green
rk8q2s17zx,Accord,30892,Gray
uho5nm63wc,CR-V Hybrid,38422,Red
drne5aetlp,Civic Hybrid,25415,Beige
ighpwrdk0x,Accord,26602,Green
poawhp9h27,CR-V Hybrid,38223,Gray
0zo29csitk,Accord,31244,Yellow
25ivnbgugy,Odyssey,36985,Blue
wepw3ue3se,Ridgeline,38084,Silver
8bqlpusign,Prologue,55852,Gray
bkq8j481pg,Odyssey,45123,Beige
67vom1a8jp,Civic Hybrid,30427,Red
r7ipeawdw5,Ridgeline,40260,Green
yuwioiyrx7,Passport,47194,Beige
37vz8kpsmx,Ridgeline,45959,Silver
326lr2kr1b,Accord,33280,Yellow
3ds9dz1jei,Odyssey,39384,Brown
gj8yqvpguc,Accord Hybrid,34663,Blue
x0or3fuuas,Prologue,56926,Beige
o5b999x2vc,Ridgeline,45107,Brown
7v7dqb0oao,Civic,23615,Silver
kplynalmtw,Pilot,39593,Beige
9pcvcz2yqe,Prologue,54602,Yellow
ru4qln5b0c,CR-V,29515,White
ffw6u5jerz,HR-V,24331,Green
dde8rx7h4l,Ridgeline,47131,Beige
0tnj00y7ks,CR-V,29511,Brown
30h2z5vz8j,CR-V Hybrid,40793,Green
2lyhpc1ai4,Civic,24460,Silver
6pyboqksov,Civic,26837,Green
bsgomc9krj,Accord Hybrid,35122,Silver
d1a7dtkcxg,Passport,40869,Blue
z6whmr9jww,Civic Hybrid,27811,Brown
16fzo544xt,CR-V,33717,Red
jsebfssytb,Civic,24010,Beige
cixzh9hcsb,Civic,25583,Silver
yazkozgieg,CR-V Hybrid,33872,White
03ioa1um6o,CR-V,29395,Brown
opgx4puq5q,Ridgeline,44200,Blue
uhviyy0ph3,CR-V Hybrid,41585,Black
k8yljc36xd,Pilot,44853,Brown
7q3rcfyqgg,Accord Hybrid,36826,Blue
onn3pagtiy,Ridgeline,39031,Red
9cy51b9ftc,CR-V,38874,Brown
9ecseeioln,Ridgeline,40064,Silver
9zmlznd21g,Civic Hybrid,27944,Black
w99ujm8bu4,Pilot,45444,Silver
oa72k0br66,Accord,25545,Beige
snsunrkpz0,Civic,21029,Gray
0axppnmaiw,Odyssey,36703,Blue
7t9ty6wm32,Civic Hybrid,25856,Green
vj9wdcrjjt,CR-V,38112,Brown
2kj4qupies,Accord,22887,Silver
d5sr3qcu1x,Accord,34448,Brown
pdgj1e3xpm,Civic,15597,White
0w18nqoqcb,HR-V,31995,Gray
gi8k08ey9x,CR-V,35596,Blue
ewnnb7fmx8,Ridgeline,43019,Yellow
13yqf0z512,Accord Hybrid,29477,Green
vanfwl2pks,Accord,22099,Green
0i2qqq5mic,Accord,24515,Black
6sq8ybckbx,Accord,26494,Beige
3buzq6u8v4,CR-V,31436,Blue
gq1b9o9jto,Civic,17707,Beige
rg7lle2pts,Pilot,48655,Black
rgcwpg27ap,Ridgeline,46043,Gray
fes347jb8x,Pilot,51441,Red
ml14dojeqo,Civic,27522,Yellow
nvjibgqn35,Civic,26339,Black
be5u9bjjj9,Pilot,45774,Silver
syp830ddmf,Prologue,53247,Gray
vqqf2waihk,Accord Hybrid,33576,Yellow
01ldxobkto,Prologue,57632,Gray
1dz50g2mqf,Passport,45958,Yellow
0zcpa7ticq,CR-V Hybrid,32260,Red
r6ncqzt03e,CR-V,36321,Blue
7r8g4zeyzq,HR-V,24445,Yellow
h7rar5p1ie,Odyssey,38833,Green
t52js1dcve,Accord,31725,Gray
rrmu0xykeo,Passport,49637,Silver
jbphv89gza,Civic Hybrid,28055,Yellow
6ihc2wvn9k,Odyssey,42091,Brown
g4tw2czcra,Pilot,43316,Brown
pyp46lbrea,Accord,26593,Silver
gtn84rqr3z,CR-V Hybrid,38289,Silver
juust9n0ds,Accord,30073,Black
xloe03g4ni,Accord Hybrid,37988,Gray
au4p63cyos,Civic,25163,Black
8ku2m4hmtv,Passport,42089,Red
bqdpqshg64,Odyssey,47488,Red
69v37z5kt2,HR-V,26260,Beige
7qnjhs90pk,CR-V,32257,Red
kkuopixczu,Pilot,50902,Red
i2s3koa325,Passport,48678,Yellow
6s0zbvtjwu,Civic,19230,Black
0chmmq1wsg,HR-V,26976,Silver
vk6qpyo331,CR-V,39412,Gray
03mbr02q9o,Accord,24050,Blue
8tqddbbjbf,Accord,33701,Silver
ft2x0730cg,Passport,40990,Gray
ufl5e0etr8,Accord,29582,Red
wwybimyiep,Prologue,52740,White
xbr7cthj04,Ridgeline,39434,White
anihqz5zxg,Ridgeline,38389,Silver
g55isneq59,Accord,29242,White
c3y38nx98l,HR-V,28939,Brown
3txjzofb3g,Ridgeline,47729,Yellow
n1c3hox8ex,CR-V,37326,Beige
voiovmi86n,Accord,26735,Green
pwbmmwfu51,CR-V Hybrid,38657,White
xbhu5b1ik6,Civic Hybrid,30726,Silver
bdytx475u9,Passport,48201,Green
ldq31tnkgo,Civic Hybrid,26879,White
5jvk38ufar,Civic,19297,Blue
lsony8qu8v,Accord,29611,Beige
sf0fmm8kev,Passport,49812,Gray
u22kwfgz29,Ridgeline,42795,Silver
v7d2oink2m,Civic,18134,Green
1opjphcmpe,Ridgeline,42122,Black
9r6w23ktn2,Accord,28901,Yellow
go83mq67u9,Prologue,54554,Yellow
hb53iy8ful,CR-V Hybrid,32500,Brown
vsz2ots3qn,Civic Hybrid,31375,Blue
jzasd1me8l,Accord,28703,Blue
st1wb5erri,CR-V Hybrid,35634,Brown
mkan2s0nrw,CR-V,32780,Brown
c6gjutkvxy,Civic Hybrid,25756,Yellow
mszfmqmktw,Accord Hybrid,33882,White
wovmrhtid5,CR-V,38616,Black
yh4cqw5jdn,Accord,33539,White
w4q4qhzdcm,Odyssey,45440,Green
tezi66rrkn,Civic,23360,Green
53r2a0e27v,Odyssey,46253,White
xigi408j01,Ridgeline,40223,Brown
wpdy6gzjqh,Civic,27705,Black
g6ir9negpf,Prologue,50134,Brown
jjhf26tfpg,HR-V,26865,Blue
zy6wgp8reo,Odyssey,41819,Red
dh8hrj3qlp,CR-V,28974,Blue
383zcmgci1,HR-V,31612,Brown
81v6txl860,CR-V,29213,Gray
p1c62lycjn,HR-V,30329,Black
7sjbz3w2zo,Civic,25986,Yellow
6caabxad9q,HR-V,24016,Green
nbc58xbu10,Passport,42732,White
ky9cz244fi,HR-V,30109,Beige
m1uqmgvvva,HR-V,28164,Red
pysvfpf14d,Odyssey,39289,Yellow
6rhtjqaba7,Prologue,52350,Gray
usc4pz3mlr,Accord,32247,Blue
pqmdvwin6l,Pilot,46435,Beige
v8y00cuwms,Accord Hybrid,34973,Black
jhoth06tov,Accord,28802,Blue
3905axwp2l,Prologue,55142,Silver
b25eopsju2,Pilot,47408,Beige
6ak4i6jtu3,Passport,40481,Brown
6goop0uvo5,Accord Hybrid,37891,Green
9z3b0eqv3l,CR-V Hybrid,33440,White
ukvftr5ojd,Ridgeline,47991,Blue
epm8dlnbuf,Civic,17130,Green
fo0vztbk99,Ridgeline,38408,Gray
rxgoe7fyuy,Civic,24483,Gray
tqh3yu24s3,Civic,22377,Blue
874x1o6tn9,Civic Hybrid,25486,Silver
5pujprg78m,Odyssey,46262,Red
s7eydnbp87,Odyssey,43374,Green
et257damv4,Prologue,56760,Yellow
ct37xuozp3,Accord Hybrid,31836,Black
fbvfui0o7q,Odyssey,41375,Green
easxs93y8h,Odyssey,47710,Brown
0ygrefjg5b,Odyssey,47892,Silver
r0cogcmuy9,Passport,45500,Gray
qnw88mgpxh,Accord,30110,Green
lhrb1pq932,Passport,42376,Beige
d9a7wyloqy,CR-V Hybrid,40108,Red
vu0v05ncbv,Civic,24948,Silver
nlkyda6ruv,Pilot,50514,Yellow
4ejiwu8tbx,Pilot,48590,Gray
pdd6lyojlq,HR-V,24536,Gray
bfcyf7lnx2,Pilot,44767,Silver
2c2waly88z,Prologue,55049,Black
nyjazj8amb,Pilot,45256,Black
neg1r8kdpz,Odyssey,37997,Yellow
1e8zlay16g,Prologue,49105,Yellow
tm4n01fds2,Prologue,50531,Beige
odfgge1jsq,Civic Hybrid,28910,Yellow
rhszl8no2j,CR-V,39466,Blue
2vrjog9nqq,HR-V,28716,White
abxee98etd,Civic,22591,Blue
isx4uxleo7,Accord,26906,Beige
7bzwzn7skf,Pilot,41626,Green
a2yiyivgnh,Pilot,51244,Green
omkj18j5ow,Civic Hybrid,25708,Gray
gfai78b0gm,Passport,47505,Yellow
kii30lg8sf,Accord Hybrid,33063,Red
71talybho0,CR-V Hybrid,32249,White
ojl58oaj6g,CR-V,31460,Silver
kbujrzpjjn,Prologue,55454,Green
nrpcbtas7n,Accord,23221,Brown
vjwcj6bzua,Pilot,50531,Red
9mhu4s7ozq,Civic Hybrid,28320,Red
ihhky53gsd,HR-V,28565,Blue
lgpy4nbqlw,CR-V,37487,Red
1ccv5yg6xu,Pilot,51562,White
7mmbbpbirs,Passport,44595,Yellow
rcd7iv3xh8,Civic Hybrid,25745,Beige
e3derf3msj,Prologue,53304,Yellow
pqecxqoz6j,Pilot,41050,Green
6nof1nml9f,Odyssey,36592,White
87snx0jsxu,Pilot,42763,Gray
g5ie433ai2,Ridgeline,47496,Beige
f11s3v7nw6,Civic,15001,White
x85stqvvgw,Pilot,50493,Brown
dwelggao0j,Accord Hybrid,33698,Brown
2watatyjmf,Accord Hybrid,28482,Yellow
roeaoxkfi0,Prologue,55629,White
r8ej229hur,HR-V,28648,Blue
7vajf9q6tp,Prologue,49925,Beige
crx1lrq4yo,Prologue,48934,Brown
o8h16v7esd,Passport,44755,Green
50yrhhv8as,Accord Hybrid,28261,Gray
1u7jno1g7s,Odyssey,47919,Blue
smt6wp406x,Accord Hybrid,35524,Beige
271pwxkb23,Prologue,53087,Green
rlea0nb3ob,Civic,22713,Gray
r9z7bsfjyi,Passport,49512,Beige
d8j8nctafh,CR-V Hybrid,32779,Green
52xmiojkgz,Accord Hybrid,33113,Beige
mdn4z5dexi,CR-V,37323,Yellow
817euam0ke,Accord Hybrid,35010,Blue
iemqvo18l4,Accord,29340,Beige
8q7rpexdgl,Civic,16087,Silver
0ri1srgl8b,Accord Hybrid,28271,Gray
by9prxdyug,Odyssey,41901,Silver
mrcv8vqv3n,Accord,24288,Black
jm3nd4rxet,Civic,25042,Green
hrp8kd753b,Prologue,49516,Blue
1qvw5i4uct,Prologue,48983,Red
ojrgk7cygu,Civic Hybrid,27829,Beige
virh8gsgiq,HR-V,25471,Beige
sa3lk5ix9a,Prologue,52929,White
rd4vdkf7dd,Pilot,43789,Gray
seqmz0mrmu,HR-V,29556,Yellow
fur5omsisy,Pilot,50377,Black
kt0a2hjkun,Pilot,43035,Green
6h5czfr6m2,Prologue,52569,Gray
9a745yvwrz,Pilot,45352,Red
4ai3oi6y7s,Passport,42734,Red
g8z16st5lr,Pilot,43986,Brown
sqyd6ims5u,Ridgeline,43195,White
i9uhm64us9,Prologue,48460,Silver
8ay1p6b1x5,Accord Hybrid,30612,Red
kbtbab6er1,Ridgeline,46806,Gray
0eg91ya2mo,Civic Hybrid,28378,Gray
lyih6g3m1a,Ridgeline,40432,Green
5qsx7nr3x5,Ridgeline,38628,Silver
u8fl7yqjex,CR-V,39697,Red
2ibingjjj6,Passport,46412,Beige
onbpkr74y0,HR-V,28906,Yellow
e04ieezkrd,Odyssey,36706,Brown
7cvqbmvqbw,Accord,25911,Yellow
yoxknlhs35,CR-V,32168,Black
kn1yl0juur,HR-V,30919,Beige
0ysrj8lfuo,Passport,46156,Blue
msy0otsr28,CR-V Hybrid,41741,Green
cswaol00g3,Prologue,52833,Silver
4czresv7kv,Accord Hybrid,32356,Gray
mutq95x7oe,Prologue,49739,Silver
pdlhjj3xzu,Ridgeline,40140,Red
as7jkhx20y,Odyssey,35916,Blue
5cao2njx4a,Accord Hybrid,32831,Brown
hhlot0zf29,Accord Hybrid,36597,White
rhlfke5lnp,CR-V,34116,Yellow
97nmkgu0s0,CR-V Hybrid,38335,Green
6ydug6s5zr,Civic,26291,Silver
ems0eljq1n,CR-V,36189,Black
039an99va7,Pilot,45413,Green
6qc07zalr4,CR-V,33511,Yellow
c5p872ecvy,CR-V Hybrid,34203,Red
40url5n7rn,Passport,43240,Green
f3rckperej,Odyssey,47796,Yellow
l9psg2u9us,CR-V,29723,Yellow
74x1d01bv9,Prologue,56448,Yellow
36nznm6la3,Pilot,38861,White
w9bpy0xkru,Civic Hybrid,25903,White
yuyyny5izy,Accord Hybrid,31269,Black
0apvht15xr,Ridgeline,41702,Gray
he9896i646,Accord,34848,Black
eem5dw0nne,Civic Hybrid,27206,Gray
fa54ec05ru,CR-V,38809,Gray
5gpvcm9msk,Accord Hybrid,37435,Brown
3jdotv2963,Ridgeline,39315,Brown
cx94eknp0d,Ridgeline,38648,Red
rvuhlqy6x5,CR-V Hybrid,34019,Yellow
ttjy4o0oyw,Civic Hybrid,28882,Beige
jkxy2fqf5w,CR-V,33009,Green
ou6p1hq7tk,Accord,24352,Blue
ajbfr1k7n6,CR-V,36283,White
apm33hdh2g,CR-V,32118,Silver
9fczuvyk06,Accord Hybrid,34312,Green
5ake08b6lt,CR-V Hybrid,38718,Silver
9926dkky69,Odyssey,46563,Brown
iz70h30n83,Passport,43126,Silver
0uwco1m4ss,Civic Hybrid,29702,Yellow
fd0k46jw9k,Pilot,41742,Green
lwvchzcio8,Civic,18824,Black
ipk8m2oe6b,Accord Hybrid,33465,Silver
563ohv0xif,CR-V Hybrid,33759,Yellow
lq4k48j1ng,Civic Hybrid,29485,Beige
ksre9vjwa1,Passport,44968,Blue
6vpr2e0l9h,Accord Hybrid,30701,Gray
e6o6wb9r2e,Accord Hybrid,36426,Green
pk2m694csb,Accord Hybrid,29617,Blue
k1oq4vwvad,Civic Hybrid,29618,Gray
nj0a2svtga,Civic Hybrid,25860,White
mgtepkl41y,Civic,25355,Green
8lr6csceo5,Pilot,46023,Black
g9pg7t9mza,Pilot,40103,Black
fnn2xrl726,Accord,34010,Silver
f5gyebp2nf,Civic,27051,Black
1p8c2nz1y2,Civic,24617,Red
pczgf8ui98,Accord Hybrid,35594,Silver
prp1e6c89n,Ridgeline,42129,Blue
kcyrzck1ty,CR-V Hybrid,40042,Brown
vhfun7rivl,Accord Hybrid,30002,Beige
e3v7g1enbe,Odyssey,35266,Black
gjfza3pbuk,HR-V,25343,Black
ng8pm38azv,Civic Hybrid,30383,Blue
gyz0jpdp7n,CR-V Hybrid,34239,Yellow
a5gwz2iaf4,Civic,24492,Black
nse0kws4wl,Civic Hybrid,28224,Brown
t70xmxids6,CR-V Hybrid,32091,Gray
mhaterq8q9,Civic Hybrid,25724,Brown
oj8bdszbyz,Prologue,54011,Silver
olk03evr3k,CR-V,37645,Gray
1u247rdo3x,Civic Hybrid,29007,White
ma3opj1svl,Accord,34128,Blue
lata1qsxp0,Passport,41062,Brown
xoo8loelxu,Ridgeline,45473,White
yqxokev24r,Civic,24769,White
tp82fpc6xz,Pilot,39003,Red
8bjgk9jamf,CR-V Hybrid,38898,White
7gp7t6d37r,Pilot,43786,Red
k067rtwvt9,Passport,41120,Gray
pz6kmk1xy9,Accord Hybrid,34497,Black
dzj26dkurk,Accord,34564,Yellow
todm728vzy,Ridgeline,40302,Silver
mtq73tl3ul,CR-V,35823,Green
83wg2xugz3,Prologue,50953,Beige
xa2c8igsco,Prologue,52076,Red
vper60vv5o,Odyssey,39170,Yellow
f4ol5murcr,CR-V,38383,Silver
46a1uxz3hy,Odyssey,39756,Beige
rn5gs28wwo,Odyssey,45521,Yellow
it2prdpy04,CR-V,28079,Yellow
idm9t5ms76,Accord,34393,Green
ufkhq7yyid,Civic,22668,Silver
z392y0ftvt,Ridgeline,43017,Blue
u9wf8amzga,Ridgeline,45395,Beige
mboph1wxea,Ridgeline,47615,Beige
xqznuh8l45,Ridgeline,39814,Black
xwdc1zngei,Odyssey,43458,White
tlrddua2bi,Ridgeline,47065,Black
hc2x7zvlpo,Pilot,44955,Red
ztdyvgouyf,Ridgeline,42132,White
wh9cqt29tm,Odyssey,42317,White
bwqle4pse1,CR-V,29052,Red
6yve10hd1i,Ridgeline,40722,Red
4t9umq2rzo,Civic Hybrid,26257,Yellow
66irnkfzeh,Civic Hybrid,31271,Brown
pf5zu1mjw5,CR-V Hybrid,33949,Gray
901uz1mp3k,Prologue,51451,Brown
i1aq0itrsn,CR-V Hybrid,32718,Black
j9x65rilmp,Civic Hybrid,26266,Red
pwxa6yyocs,CR-V Hybrid,32912,Gray
wuq64bwc93,Passport,45552,Blue
25qda5vry8,Civic Hybrid,31151,Black
fc9yoj2mmm,Accord,22664,Red
jppmp1kp4k,Odyssey,36059,Black
w4k8kff0hn,HR-V,28344,Brown
tuoya4guqx,CR-V Hybrid,41162,Gray
9dbe0w3z9q,Pilot,50297,Black
hsugau19x9,Accord Hybrid,33068,Black
in8ak8edg7,Prologue,49884,Beige
utqffbqxt7,Accord Hybrid,36114,Brown
knixw772jl,Accord,32131,Brown
4h1f7dpdyg,Pilot,45940,Green
fftd3ur9sa,Accord,32676,Green
9yhapdf5ra,CR-V,28099,Blue
rbddeqyab9,Civic Hybrid,30160,Red
8w5ktycwke,Ridgeline,41230,Brown
r4ejg3f3sc,Odyssey,38278,Brown
jaj944rya2,Accord Hybrid,32381,Green
viijqkqffn,Accord,28985,Gray
cxsvq24bwt,Odyssey,47714,Blue
sea4tw6i8z,CR-V,34673,Green
qr57ws07vp,Civic Hybrid,30386,Red
9sh0wdz4ul,Civic,22244,Blue
emxapnfcmf,CR-V,30837,Blue
crqfg0mrbp,Prologue,55207,Black
82ogtbtnww,CR-V,28016,Yellow
jzou96agxz,Odyssey,38108,Black
ev54w0pgty,Odyssey,43080,Gray
w9xutvaia7,Passport,49671,White
xvn4orjod8,Civic,19402,Gray
ygbq3xoldb,Accord Hybrid,31134,Blue
1vk84bysru,HR-V,27402,Black
v549ih1mhg,CR-V,33334,Brown
01dzxoxs5h,Prologue,51583,Blue
nmdm5gxo5o,Odyssey,42233,Gray
lz9pd0zzdb,CR-V,33135,Beige
66a1y331un,CR-V Hybrid,39081,Black
cmah9t9q9j,Ridgeline,45237,Red
j8084yai6a,Prologue,53928,Beige
qsbn16xhaf,Odyssey,40743,Red
5hoyp4frsb,Prologue,55599,Gray
wkhbifmtqv,Passport,48460,Beige
dw85xwo93w,Accord,23181,Red
68sw6u1xxs,CR-V,39171,Beige
rabx70sxgy,CR-V Hybrid,40296,White
8b0av8myf3,CR-V Hybrid,36894,Black
uj4zejv7vp,Civic,22149,White
d16755dxsy,Civic Hybrid,31891,Beige
hjvhr3r2s5,Pilot,43427,Black
pi8hr0rjea,Pilot,39740,Silver
ayyqcgl58n,Passport,49438,Silver
c4a7ukkev2,CR-V Hybrid,35363,Yellow
jx5282xe4g,Passport,49951,Beige
io7nmkvm4w,Ridgeline,45477,Beige
6uf5tkqu14,Civic Hybrid,29793,Black
sacov7z8w8,Passport,44025,Blue
298ms54cg7,Civic,18034,Blue
sdou50hnfy,CR-V Hybrid,38565,Beige
1v0xkw2yx6,Accord Hybrid,32435,Blue
24k867d334,Civic,26291,Red
dotmsk30cv,Pilot,40973,Blue
ggt4dp31l5,Accord,31396,Gray
erx90hzjil,Accord Hybrid,31946,Yellow
1hdm21w5bk,Civic,24663,Yellow
2uzc3jnhgn,Civic,18639,Blue
xy1925uuy1,CR-V,34706,Beige
y9j5uw737g,Civic,19302,White
1txr1xc10h,HR-V,26448,Black
6dyglktupf,Ridgeline,40848,Green
vyfe0u18f9,HR-V,29749,Yellow
b7mr4s6o3n,Accord Hybrid,32228,Blue
i12gicyand,Ridgeline,38510,Yellow
7w0ke2kj3l,Pilot,50154,Beige
s3bmmai6de,Prologue,55050,Black
kw3t6lts45,Civic,25884,White
ujbsza748v,Passport,45995,Beige
9tb9qeni8g,CR-V Hybrid,37187,Red
w216kcdgfr,Ridgeline,45966,Gray
z3613i8wff,Accord,31840,Gray
x34sgpt1e7,Accord,22887,Yellow
rbtve9merv,CR-V,34923,Gray
aduzkd20r9,CR-V,35834,White
qggrx4vkbf,Civic Hybrid,27192,Blue
mtm13qa2u2,CR-V Hybrid,35933,Brown
181j2c5die,Ridgeline,43238,Green
uprqqz3flz,Ridgeline,46736,Gray
2ms32egoyz,Accord,27183,Blue
bpa7kuy058,Accord Hybrid,37961,Gray
xtil5a5uhj,Pilot,48530,Blue
d9hjc95ccd,CR-V,31448,Yellow
uqjgq6p8si,Civic Hybrid,26350,Gray
yh3f0kl6jr,Passport,44783,Gray
fflh82jcuq,Prologue,52559,Brown
m1e95cpay9,CR-V,33926,Brown
dayy1quv9v,Civic Hybrid,31126,Red
jvb9ayzbx3,Pilot,46917,Gray
7io7qorvv9,Accord,26308,Brown
f1h9ow7yxi,Accord,32173,Black
ae9ef68i44,Accord,25283,Beige
ai2scxewa0,Accord Hybrid,29925,Black
ml7higvr0x,Accord Hybrid,33520,Gray
0gocynem65,Civic Hybrid,28203,Beige
h910e7ubgm,CR-V,37035,Blue
1evki9ft81,CR-V,28415,White
rvbamxdnn7,CR-V,30478,Yellow
fgncbnbwpt,Prologue,54869,White
h385yakxdw,Accord,28850,Green
duxi0bfwex,Ridgeline,43842,Brown
8spsbyrbp0,CR-V Hybrid,36982,Green
4mv9b8ft5l,HR-V,31562,Brown
u1gzp8naus,Ridgeline,38292,Red
5cdv42lcjc,Ridgeline,45730,Brown
tjv3om6i26,Accord,24102,Gray
9l9lhen3un,Odyssey,45302,Silver
e9j873ktmf,CR-V,28193,White
d6s2d5oqux,Odyssey,40979,White
x3e76ecnbf,Civic Hybrid,26487,Green
3jtr72zdao,Odyssey,35168,Beige
hhz5rtd9ne,Prologue,48591,Black
wuyj1ks1wd,Pilot,50533,White
a3eesgykfa,Accord,22287,Silver
88a7azvxzu,HR-V,26961,Brown
81bpnd8bab,Prologue,48371,Beige
jtuczowzrt,Odyssey,38461,Brown
t0cd4fzlww,Accord,23088,Beige
i294wghleq,CR-V Hybrid,32274,Silver
qt2thg0grc,CR-V Hybrid,33953,White
1raf00g2kr,Accord Hybrid,35108,White
x6uy9tz9xq,Ridgeline,41970,Beige
jhkeammga6,Pilot,49157,Brown
zz2qhev2kd,Pilot,47213,Silver
85wcz0i5iw,Prologue,56310,Yellow
rv1zt0xhzx,CR-V,32463,Red
sw9pvb5f9n,Passport,44311,Beige
2zhrsiqnrf,Ridgeline,46417,Beige
me7gal2b7m,Civic Hybrid,29366,Blue
itv344g3bu,CR-V Hybrid,34579,Brown
0cyrx6j46n,Ridgeline,47946,Black
91jz4n5y1l,Passport,42627,Beige
56jqdu837n,Pilot,44196,White
ri3qjymdls,Odyssey,37737,Blue
onku9jkj8z,Accord Hybrid,37853,Beige
egok9bablm,HR-V,29652,Brown
du630fyc2n,Ridgeline,39488,Blue
2u3jpeq51d,Accord,33965,Blue
gekwyi0p7o,Prologue,55210,White
8xizl9c4ar,Accord Hybrid,28645,Yellow
4i9ufcbsmx,Accord,23871,Yellow
fmns3iueu4,CR-V Hybrid,37343,Silver
7cr5q9i9fc,Accord,29437,Yellow
hq3p6n6vdu,Accord,30282,Gray
ccudwv6w4v,Odyssey,47795,Beige
n8jvs26ht5,Civic Hybrid,30872,Beige
pcnzg1hykw,CR-V,35979,Beige
6e2ca02o0k,HR-V,30769,Gray
x9iwn76eut,Ridgeline,47766,Gray
vsmqvk7179,Accord,30142,White
pa6i3fi9pj,CR-V,37530,Silver
azogwgl30b,Prologue,57616,White
9ao7r7pudx,Pilot,42422,Black
ojrzmjt2x6,HR-V,28329,Silver
r8r2wgspq9,Prologue,55471,Black
0204qci64f,Civic Hybrid,27428,Yellow
44jc7j6ym0,HR-V,29907,Gray
4i2hyqkeob,CR-V,35042,Beige
w1byxb22yd,HR-V,30145,Gray
sriod6ya8e,Odyssey,37646,Silver
9uzku1e2y0,Civic Hybrid,29255,Yellow
vpbbirxs9d,Ridgeline,47746,Beige
tymnnxjk95,CR-V Hybrid,32915,White
4fm9archi0,CR-V Hybrid,32996,White
nnako455qd,CR-V Hybrid,33862,Blue
v3xnnsn6in,Civic,22994,Blue
zz61n54iyy,Odyssey,46674,Blue
tg47ezaur3,CR-V,36119,Brown
c9q91og3bp,Civic Hybrid,28318,Brown
0o584c2uf4,Pilot,38009,White
h1di2ptd3p,Prologue,50503,Black
ds2ei2vhhl,CR-V Hybrid,35272,Silver
bqyzs0szd2,Prologue,52387,Beige
d77tl565m7,Passport,48542,Green
neibv7v1zr,Accord,24714,White
tn4dah8pcy,Pilot,51370,Gray
qt4jqc6p85,Passport,47030,Brown
1adh7nv0uf,Ridgeline,40177,Brown
q8t186wmpa,Passport,43205,Yellow
2qpf1j6nm8,Passport,45788,White
s20rorwmu0,Pilot,40837,Yellow
59xonpn7u1,Odyssey,47554,Yellow
7qbanqvo65,Civic,23225,Blue
0pw4h420ed,CR-V,38921,Blue
xrizjk1y11,Pilot,43514,Gray
uk8k6rpbm7,Ridgeline,44533,Gray
f56rmnjoew,Accord,31303,Blue
a96xadprbj,Odyssey,44462,Silver
alfuk6errw,Accord,22994,Green
syiv5zdl25,Prologue,50259,Yellow
w4qm7nxm2q,Civic Hybrid,28371,Black
ddr47bco5t,CR-V,30591,Yellow
hgydfbju1y,Civic,15859,Red
s48hskhja9,CR-V Hybrid,37154,Black
eckhvku8y1,Ridgeline,45889,Silver
unrhcqvlor,Pilot,42020,Red
5cqt1q1hhm,Passport,44382,Brown
ycfnhj6a2p,Ridgeline,42325,Gray
uf73p4e1dx,Passport,47538,White
wl6ag32kdp,CR-V,29345,White
1oexojmhfb,Accord,32953,Beige
4lo4m0cye0,Odyssey,42857,Brown
xmdt7bcgy5,CR-V,39406,Red
2whddpfi14,Accord Hybrid,33406,Gray
wwkmf11f0n,Odyssey,42077,Blue
flp7cx09g2,Accord Hybrid,35476,Silver
sfihxy54cj,CR-V,30931,Green
jj9cyddwfq,HR-V,30141,Yellow
31drgwpfu1,Pilot,43862,White
h3h9um0ttj,CR-V Hybrid,32791,Green
unv4290xh5,Accord,27990,Red
4gf7qynnbi,Prologue,56557,Brown
s5lvde9ebp,CR-V Hybrid,35311,Green
khd71ce8oe,CR-V,30144,Brown
zqdlutikgk,Prologue,56618,Gray
iqdiyton5n,Ridgeline,40601,Black
5j97nljofb,CR-V,32791,Red
cgvbcviyzh,Odyssey,44237,Red
6gnen4r6h3,Civic Hybrid,27795,Green
yqx3boanrf,Civic,26259,Green
dt5xcud1f3,Accord Hybrid,31513,Gray
9xj4pavblo,Pilot,48209,Red
o3h3aehan1,Ridgeline,41589,Beige
e0t8dny93r,CR-V Hybrid,33393,Black
4cxzyhdpca,CR-V Hybrid,41472,Green
818yb1qr7f,CR-V Hybrid,35865,Black
c1w7dy8sru,CR-V,35811,White
iljgx1w2yb,Prologue,55492,Beige
1qgbj5jjfr,Accord Hybrid,29525,Beige
zl2962pwtz,CR-V,36354,Green
dojrnh6pdx,CR-V Hybrid,35038,Brown
5ligso4aed,Accord,22059,Gray
pj3gubk6wc,Prologue,57499,Silver
bjubwfou36,HR-V,29823,Silver
ncllvap395,Passport,49310,White
yeza90x3c9,HR-V,25894,Blue
e68ogpcky7,Civic Hybrid,26171,Black
zldi2ungz3,Civic Hybrid,25453,Black
nn20nq6d2w,Prologue,48246,Brown
3onokbaq42,Odyssey,36882,Red
4n4iygtdak,Odyssey,41151,Blue
ligxto0t8j,HR-V,27529,Green
qvwuyfskbv,Accord Hybrid,36285,Silver
3wybeja2o4,Ridgeline,43555,Black
uotnn9gg2v,Accord Hybrid,32308,Blue
8ifq691w1d,Ridgeline,43435,White
p3tfpifhvv,Accord,29096,Gray
1o9xi9eles,Civic,21022,Black
4s4524owlx,Ridgeline,43207,Silver
s7y2pk9ska,Ridgeline,42931,Black
6tdzzqut8b,Accord,31737,Beige
v4vngqsz5q,Odyssey,42598,Beige
81xtxq5ih3,Prologue,57500,White
j5zl65nfgz,HR-V,28050,Brown
b0jdoiihei,Passport,45734,Red
yst36k9gw3,HR-V,31939,Brown
pgvhaowgyv,CR-V,30353,Red
vllmuq01ch,Odyssey,37102,Yellow
g8o85k1qmw,HR-V,30058,Blue
m3evt8hkpy,Prologue,55504,White
dr6e0gqr0y,Pilot,40800,Blue
31p49h4ljr,Accord,30029,White
512tpc56g0,Accord Hybrid,35763,Yellow
r9g2sinu59,Odyssey,39069,Brown
csbzdv9f9s,Pilot,42781,Brown
fg24jc745u,Odyssey,46077,Blue
p5qavmetbc,Accord Hybrid,28442,White
798sveu2hx,CR-V Hybrid,40366,Brown
l8briqt1lc,Ridgeline,42129,Red
e7uuqcl1db,HR-V,29736,Beige
kh2foqymwu,Civic,16944,Green
prkvngrtkq,Ridgeline,43173,Gray
bvuid4i5hd,Civic,17757,White
dn9tfais5x,Odyssey,41073,Blue
hc88r25zqn,Prologue,56859,Beige
9gy6pebey1,Civic,27451,Black
rr6ug09wh4,CR-V,37989,Black
okl7r4xhcp,Odyssey,37721,White
nlc317gzep,Civic,18922,Red
kmhwy3wbld,Passport,45436,Silver
3uzyxz78i2,Accord Hybrid,32939,Black
wx61620pep,Ridgeline,38003,Beige
40ikzxjaw1,Accord,27876,Black
p09u325lnl,Pilot,41672,Brown
pv6dqynmop,Odyssey,38228,Green
lrgzy9tqgx,CR-V Hybrid,39873,Silver
qspnw9dt38,Civic,15381,Silver
pa0jfrgkfh,CR-V Hybrid,34837,Yellow
w5it0farno,Prologue,56091,Blue
tgz3r8i335,CR-V,33454,Red
mrsx17lo9x,Accord Hybrid,35731,White
6gfu870jr3,Ridgeline,40118,Silver
7035qeqrwq,Ridgeline,42088,Gray
ovw4yziqz7,Accord Hybrid,35500,Brown
2zheg1b6hz,CR-V Hybrid,41838,Gray
r4axjnulyh,Ridgeline,41357,Brown
s7y4iq4njp,Civic Hybrid,30841,Blue
fozekwb9kj,CR-V Hybrid,33174,Gray
ghgil62yww,Civic Hybrid,31122,Green
a2xs79joye,Ridgeline,45825,Silver
wkq6c8ugx9,Pilot,41498,Gray
6qeaioaz5l,Civic,23525,Black
l6g3g8mdkw,Passport,45043,Green
xsz2ej3l79,Passport,42328,Silver
uhmuqhtyl6,Accord Hybrid,31695,Yellow
6v3inv4nr4,CR-V Hybrid,34698,White
xql88uwy2l,Ridgeline,46687,Silver
66b6kztcyg,Accord Hybrid,35907,Yellow
62i81vogc5,CR-V Hybrid,39835,White
091sqsnq3s,Passport,41747,Gray
io1k417jf8,Prologue,51030,Green
yr9tj3bqx0,CR-V Hybrid,33329,Silver
dk1wiayb8s,HR-V,31399,Blue
mxrpzxkmaa,CR-V,34427,Blue
i9lglaxa0u,Accord Hybrid,28179,Red
vw69rtjcai,Civic Hybrid,30823,Brown
fbx90wvzxz,Ridgeline,47769,Black
lr0sc84r66,Ridgeline,40570,Brown
82sh8easme,Accord Hybrid,33085,Green
53qipvnevn,Accord,31888,Silver
bahbg41iju,Accord Hybrid,34252,Yellow
aytjggipjt,Pilot,41139,White
6ea4glqv6q,CR-V,39224,Red
yuqqxchrm0,Accord,27412,Brown
6nrxd8el52,Odyssey,45615,Gray
jtaq1eo3q0,Civic Hybrid,27945,Black
2ko0y2d8f8,Civic,20538,Gray
qd7l1h853m,Pilot,45743,Gray
03t3o3t33e,Prologue,54655,White
cie7o2je97,HR-V,31375,Red
hniiy936zl,Accord,23575,Silver
5nan07xfk2,CR-V,32271,Green
bubs6yfy1x,Passport,42340,Brown
6mwcevry71,Civic,24340,White
ybs6dd8ezk,HR-V,31228,Yellow
hx37jrpux0,CR-V Hybrid,35101,Black
swzy29s877,Civic,16953,Blue
jpocdrvz0p,Civic Hybrid,26135,Brown
8amon28cgi,Civic,19574,Beige
un2umjfhor,Pilot,50209,Black
8rriy65wyo,Passport,44580,Red
1cef2q2agu,Passport,49540,Silver
bx989f5vy3,Ridgeline,39425,Green
uqic2hwlu0,Civic Hybrid,29641,Gray
2fni6ethzf,Civic Hybrid,29873,Yellow
uog2g0u8b3,Accord Hybrid,36756,Brown
shoqm0wcxy,Civic,19897,Silver
mhfjm7kyfo,Pilot,46921,Black
mwxu5bz9e9,Prologue,52425,Yellow
0bicipdutb,Civic Hybrid,30867,Red
4v8w3ujuvd,Passport,41315,White
4gzdu3l7fc,Odyssey,40564,White
b70ohnr37n,Prologue,50004,Black
iyah3fo4ou,Civic,26314,Blue
0vafvmzjmb,CR-V Hybrid,39739,Beige
6had17fx8i,CR-V,28762,Gray
q9v21j2h95,Civic Hybrid,30290,Black
9g9bf31xd5,Civic,27147,Yellow
1mleujyuu9,Odyssey,43427,Gray
fdsmmt1hn4,CR-V Hybrid,38740,Green
kirmkfnjkx,Prologue,49548,Silver
4jvfxtrvev,Odyssey,37910,Silver
mre282qk7n,Accord,23101,Red
rvozwauh8o,Pilot,49333,White
rq4b7tyzr7,Prologue,51389,Blue
iiboscnvtc,CR-V Hybrid,41804,Black
rysixx03jo,Prologue,50397,Gray
pd4jp55z0r,Accord Hybrid,29427,Brown
2tzmt9a3jx,HR-V,26737,Silver
6b1v5sjr35,CR-V,30096,Silver
bbj0vwtn1f,HR-V,27302,Gray
c7ftahs6hg,Ridgeline,40412,Blue
1qrodi84gk,Odyssey,46295,Black
1ilq3qmnwv,Accord,32567,Gray
6y96z83yi7,Accord Hybrid,33712,Red
6uvyyx2oa8,HR-V,30705,Beige
vwzzcinamc,Accord Hybrid,35136,Yellow
0ux3jyrlao,CR-V,29752,Blue
35krfkz4j6,Passport,49117,Silver
sbw3go03qd,Pilot,51409,Silver
ddeiyjh9o3,Accord Hybrid,37920,Black
hmb32hmklz,Civic Hybrid,26393,Brown
apq2vtqc58,Civic Hybrid,30053,Red
z57ixd6n15,HR-V,30295,Brown
wfrusx5p25,Passport,43462,White
9mgyefne9r,CR-V Hybrid,39432,Brown
10r9us6ysf,CR-V,33565,Red
cs8ceohvut,Prologue,48162,Green
ucq0lg5mft,Prologue,52501,Silver
eizfw36tpa,Civic Hybrid,25106,White
whs5kdnr3e,Passport,41787,White
r43acq8jmn,Ridgeline,38134,Yellow
h4nuvukbdi,HR-V,27975,Green
t940atrrl4,Accord,23563,Blue
a9r59kfi1g,Civic,26782,Black
2bk7joaa4e,Civic Hybrid,27068,Green
87bi01oq12,Odyssey,46962,Red
p4i0gu4uaa,Prologue,53564,Beige
mp6n3qf04b,Civic Hybrid,31848,Yellow
ebiiux765w,Pilot,48958,Green
hb49ajcbq0,CR-V Hybrid,34167,Brown
cu361x0hyk,CR-V Hybrid,32433,Green
rt9h6kbf8f,Prologue,53412,Yellow
tg6w22ixym,Prologue,56330,Silver
5q2nmmthdl,CR-V,28943,Yellow
tk7x4wti0d,CR-V,38869,Silver
xxbv6eprc6,CR-V Hybrid,32573,White
k8etaen86u,CR-V,38113,Green
kpd44hh36z,Ridgeline,45788,Brown
cec6cebe78,CR-V,28446,Brown
q4ayztzfi4,CR-V,36872,Gray
61zwk6yniw,Pilot,41090,Green
y6xy2k05fc,Accord Hybrid,33203,Yellow
ssxec9e0rr,Accord,33496,Black
rc8u4ceui0,Accord,26228,Red
k5woblyssv,Accord Hybrid,30245,Beige
ilhua6jwki,Pilot,48619,Gray
nika3qvn1p,Ridgeline,45915,Brown
ftdekdv865,CR-V Hybrid,33635,Yellow
ez9gl35f82,Civic,22801,Gray
30zs8crwk9,Accord Hybrid,36075,Brown
nwg8s9yy1b,Civic Hybrid,25577,Brown
aqkuaayarh,Accord Hybrid,34817,White
ad5vy5in2q,Pilot,44484,Yellow
32zgbqbjfb,Passport,42697,Beige
zswuct8zr2,Prologue,50604,Yellow
lr2rrv7g87,Accord Hybrid,36099,Brown
vk4w0hil0b,Civic Hybrid,29669,Yellow
hy3a5l6lsl,Ridgeline,41389,Blue
vwmd0jfsn2,Civic Hybrid,31955,White
bcl71cktkb,Ridgeline,38616,Beige
1gh1x2qt9g,Ridgeline,43526,Brown
57oqxndcqo,Pilot,45190,Black
aim7k6i003,Civic,19507,Black
6rbo9izjwe,Civic,17346,Red
vs7l56ru9o,Ridgeline,43385,Blue
1fozxkwymg,Prologue,57769,Blue
bev5ley40o,CR-V Hybrid,35010,Green
lcd9fklc8n,CR-V,33940,Blue
nmtrcndlhs,Civic Hybrid,29004,Gray
ncw7ski19f,Prologue,52346,Black
tvp1u2l9fr,Civic,23526,Beige
mawt4grq1o,Odyssey,36638,Green
r3hvhahh2c,HR-V,29940,Green
ybf15w9397,Passport,46966,Gray
b8wl0462jc,Ridgeline,40350,Silver
mzx1b09jv8,Odyssey,38478,Silver
1nujvk57pe,Odyssey,39265,Beige
z0io2lzb6b,Accord Hybrid,36395,Green
kgpumgnyg2,Accord Hybrid,30133,Red
3u9rj9kgqc,CR-V Hybrid,35533,White
h4vw0fgs41,CR-V Hybrid,33099,Red
3vfyfscyk6,HR-V,26256,Silver
ptie579ey3,HR-V,31558,White
0n98to221y,Prologue,53645,Brown
5wcslau5y9,CR-V,37719,Blue
kuy1d0k4vw,Accord Hybrid,32214,Blue
7bfo5jmiie,Prologue,49959,Black
hbw3me4dpw,Accord Hybrid,32354,Green
pib225nr6f,Accord Hybrid,34957,Blue
94q5elybod,Accord Hybrid,28268,Brown
e2ge9n53xy,CR-V,34297,Beige
0vprznfrm9,Civic,24768,White
douo3gf7z2,Civic Hybrid,29609,Blue
amgymz1tqe,CR-V Hybrid,41520,Green
hhdvd5ah35,Ridgeline,44488,Green
f7up7wfxtt,Odyssey,38408,Gray
oi00t53zcl,Passport,46184,Yellow
4nt7tk44zu,Pilot,41679,Brown
hdyvss9odk,Ridgeline,38698,Gray
by1bpjaxn6,Civic Hybrid,29700,Silver
6p0kgwnmo3,Accord,22327,Beige
6mhcuk40e2,Accord Hybrid,32106,Brown
6wus6mtijq,Civic Hybrid,27736,White
0t5e8ubpk4,Civic Hybrid,29337,Gray
btu9byqioj,Odyssey,45906,Yellow
dfbub6vujl,CR-V Hybrid,32905,White
oehkjf3tt9,Pilot,44783,Yellow
a07hcfd9q4,Ridgeline,40482,Red
r4y3dh2hxp,Odyssey,44108,Beige
4gqpsqhskc,Accord,23890,Beige
cv6kux04to,Civic Hybrid,31304,Beige
crc9rgj7ra,CR-V,39293,Yellow
uaum62p6dj,HR-V,26652,Silver
8vq9w0mbxz,CR-V,33380,White
qvo6voljgq,Passport,42323,White
yqqu49s6zq,Civic Hybrid,28530,Silver
9k2t0fkc1r,Civic,16480,Silver
lx2s14otp0,Ridgeline,45610,Gray
6tz81vio1x,HR-V,29658,Gray
c3ct6cyrpi,CR-V Hybrid,36113,Silver
odpraxb9xo,Civic,24427,Yellow
ho8ivgv0sq,Prologue,55078,Red
7imzmjwjgc,Accord,22526,Black
3td6nhlr78,Accord,32589,White
74vqmxtgis,Ridgeline,39969,White
mkxlqwhqm1,Accord,28418,Green
ynkfr3no9o,Prologue,55234,Black
1gwzie5408,Accord,27758,Beige
tlwa1ewxi1,CR-V Hybrid,37358,White
moom4lho83,CR-V,31342,Black
g4xprmppca,Civic,20603,White
gg5kn18nqz,CR-V,38190,Gray
voi1ymb0bs,Passport,40723,Blue
rtw9fpytl5,Odyssey,42646,Silver
1rqhhyai6y,HR-V,26079,Red
t0438v4u0a,Ridgeline,43605,Brown
l4y7iz4iw0,Ridgeline,44901,Brown
wt5p3t1hqn,HR-V,30501,Red
59ksu7d5ig,Accord,29072,Green
zlvxabfuf9,Civic,16385,Black
w83i4pqnhj,Accord,30140,Silver
iectpnnzjt,CR-V,33770,Blue
m4wyo80wrw,Accord,33071,Green
hlg6syzl2q,Civic Hybrid,28216,Red
rslfjz7d7y,Accord,26679,Yellow
2ywgoygoig,Passport,41264,Red
r6kzd6auhn,Prologue,48085,Yellow
ihf5vsko0z,Odyssey,47118,Red
2frr1y030d,CR-V Hybrid,33644,Black
56xa5rftxn,Accord Hybrid,37180,Black
4rhc3hignf,Civic Hybrid,27964,White
7jt69s8hwe,Accord Hybrid,37584,Green
5io06j7jt2,CR-V,31329,Silver
w5wyvo95g3,Prologue,56424,Brown
5yaws66h48,Prologue,53761,Beige
1t6uo2pst0,HR-V,24146,Yellow
vw3vkps3hj,Ridgeline,46907,Green
wpplufvk84,Ridgeline,44458,Red
ms0sza9i6v,Passport,48111,Red
2xt6nx4mi7,Passport,42895,Red
d3fmp3umbs,Civic Hybrid,25621,Silver
g7hhqgi5dj,Accord,31074,Blue
eom2sn45jl,Passport,48616,Red
51h1udqapf,Civic Hybrid,28830,Beige
a6ayk3aq7i,Ridgeline,45693,Brown
lw644eb8cm,Passport,43491,Yellow
w3e7ui7kbn,CR-V,31169,Yellow
7u1mj88o09,Civic Hybrid,28967,Brown
pumt4hdvgj,Civic Hybrid,30874,Beige
6szekxeyut,CR-V,31432,Blue
b25cop3zl0,Ridgeline,43965,Blue
7uydchnrue,Odyssey,45609,Yellow
11f2kdksfv,Passport,48007,Yellow
6me23lc5xr,HR-V,25939,Green
ob7hrqkyjf,CR-V Hybrid,32411,Yellow
gnisuu9ub8,HR-V,27631,Green
ck9ehw2v2p,Ridgeline,44011,Brown
8uxw34rkqv,Prologue,49324,Yellow
4yfc4s7afz,HR-V,27003,Yellow
14hq6xf99w,Accord,33076,Beige
e82yu2d86r,Ridgeline,41995,Blue
wjegaoi7gj,Accord Hybrid,34456,Black
yqgcwcu2mj,CR-V Hybrid,36113,Red
lan9o6nvhk,Odyssey,45090,Blue
4aasl6fafn,CR-V,29653,Yellow
h0m5vx16x9,Ridgeline,42759,Beige
w7k0rrvya9,Accord Hybrid,31925,Gray
k6l97h3k9t,CR-V Hybrid,34819,Blue
bn4pgvcyln,Civic Hybrid,26691,Red
kr6trvuxw5,CR-V,37698,Black
nfspgfea1e,Passport,46237,Red
o74smfh0ig,HR-V,31707,Green
zeb1htiw0x,Pilot,43431,Silver
52133nk27x,HR-V,25205,Silver
skxafk6skb,Civic Hybrid,28956,Red
gfw2fyx49z,Civic,24105,White
fzwm0cgepj,Accord,29481,Yellow
ppbt2t7ng1,CR-V,32773,Beige
f5kv207u5h,Civic,27465,White
tb5taz9iqr,CR-V,38561,Brown
7tikcs2dmm,Prologue,52096,Brown
fwij3ttl0e,CR-V Hybrid,35004,White
7f87fv63p5,Accord,28846,Black
n6e5hwuyd0,CR-V,34057,White
cimmr0jagf,Civic Hybrid,27607,Yellow
rwfw15vsu8,Odyssey,38001,Silver
vuxxtrkwpe,CR-V,33181,Green
bgosu32now,Passport,48930,Brown
0mi9hjkent,Civic Hybrid,30081,Red
0xiybzdkkt,Civic,22962,White
zqpqy88ywd,Ridgeline,40567,Blue
me4vmjmsb9,Ridgeline,45729,Yellow
8p5y1if61z,Civic Hybrid,26210,Black
iecw4o5eim,Pilot,39448,Brown
jfq6lhta19,Prologue,48013,Yellow
0utm713ljo,CR-V,33224,Blue
hhbfw1vo5i,CR-V,28737,Green
t37pnl6oj4,Accord Hybrid,36984,Yellow
j0nha0x2em,CR-V Hybrid,37740,White
u3kw3v7vwl,CR-V,32647,White
y5sedt56ho,Civic,18736,Yellow
tco1e1m5rv,Accord Hybrid,36768,Blue
5bafzs0u5r,Accord,32005,Red
m7iqcd9oba,Accord Hybrid,35055,Beige
y394j12x1f,Ridgeline,44737,Gray
6i4cgysh6d,Prologue,56456,Gray
5faphk86f5,Civic,19487,White
mrxu39djj4,Pilot,43839,Red
pyhsvfzlqw,Civic,23483,Black
r0nddvcmir,Civic Hybrid,28343,Blue
g2x7679411,Pilot,48485,Beige
4j6wy2lq2k,CR-V,32159,Beige
2i0n0rb4ta,Civic,27936,Black
jih1cc036y,Accord Hybrid,28931,Yellow
ww5bst6toh,CR-V Hybrid,41641,Silver
983mh79kno,CR-V,33394,White
7u2249jom8,Accord,34233,White
6iw745w3rh,Accord Hybrid,33808,Beige
hggr9kgrmu,Odyssey,43835,Brown
s7o85zo6or,CR-V,28499,Brown
vilf6f5cjg,Ridgeline,47995,White
vrz81dox3v,Civic Hybrid,31770,White
ed5bea1j8a,Ridgeline,38838,Black
cbdq18try3,Odyssey,44958,Yellow
zzo2wxoi7o,Passport,44082,Beige
2jf9ibwcf4,Civic,20923,Red
p8xqiglt1h,Civic Hybrid,27408,Black
cy7c6femb1,Accord Hybrid,30336,Beige
33n8o6bswj,Civic Hybrid,26333,Gray
e9xr3e3bvv,Odyssey,43927,White
phihs604mp,CR-V,32738,Yellow
08q7xfxxpg,Accord Hybrid,32791,Red
kresgk5wj4,Accord,25593,Brown
fztm0vlw0c,CR-V,35803,Beige
12hm0otze6,Accord Hybrid,29052,Silver
6pxzerujup,CR-V,36821,Blue
m09zpt502a,Odyssey,43037,Brown
uilppiwic0,Civic,25475,Green
lznx8x03q1,Passport,44156,Gray
ve3ru089xn,Civic Hybrid,25512,White
5gg1v3mkvr,Accord,30576,Black
fenaesj9yk,Ridgeline,38360,Silver
9uby1bkwoa,Odyssey,47357,Red
ctbwuq99ee,Accord,32934,Black
lxoirdz9t5,CR-V Hybrid,35996,Beige
a459l6sjvq,CR-V,31573,Gray
c0pn5hd2aa,Ridgeline,41361,Green
cfe1r2q9fk,Passport,43595,Silver
kjf1gmeln4,Accord Hybrid,31341,Yellow
ok9i9ruyez,Civic Hybrid,31424,White
lj8pds5yoj,HR-V,28626,Yellow
voa88xyfzh,Prologue,55403,Green
2vjtziolyp,Prologue,53088,White
276mwd85wp,Civic Hybrid,28785,Yellow
h4dl97v7j8,HR-V,30462,Green
di3c0gpjto,Odyssey,37276,Beige
tkvhoq2y6e,Pilot,50231,Beige
d8cdqv9yl2,Odyssey,46027,Beige
cxhl3ucuv2,Civic Hybrid,28303,Blue
vru812y2xs,Accord Hybrid,37038,Black
999rfct639,Accord Hybrid,35136,Beige
4o43f1z8ww,Odyssey,42641,White
zx5e7bmex7,Ridgeline,38039,Yellow
0mjmj7hq0f,Ridgeline,41596,Silver
xgi3k1o6he,Ridgeline,41185,Beige
hnqltnlit3,Passport,40816,Yellow
pdi41s08m9,Accord Hybrid,37126,Brown
xnahy6ni0e,Civic,27391,Silver
ggwsrn4v99,Ridgeline,42875,Brown
imdrb0fgfs,CR-V,38195,Brown
b606mgblfj,Accord Hybrid,37893,Silver
968iadfnez,Prologue,53925,Green
fqyqaivanz,Passport,43482,Green
jrnov8mqti,Accord,34458,Blue
e8e3nqkdqw,Pilot,51205,Beige
potmt69trs,CR-V,33534,White
fkdnh34mku,Civic Hybrid,30498,Silver
4l93bjsx2u,CR-V Hybrid,34458,Green
fpeo85keqt,CR-V Hybrid,32562,Green
c5ikaxjg3j,Civic,21214,Beige
7rtpwkuhsq,HR-V,31438,Brown
raei24czqj,Pilot,47713,Green
dw3d1gn0aw,Accord,34069,Black
65oe2vcr4g,CR-V Hybrid,40104,Black
27rjc71wtb,Accord Hybrid,30568,Black
rf7dv9soxx,CR-V Hybrid,39866,Blue
n7upx30s5t,CR-V,33971,Red
j43j8ol8kk,HR-V,27004,White
vwzu4setkg,Accord,23619,White
qozw7459x1,Prologue,50572,White
by1zl4gqec,Civic Hybrid,30859,Yellow
gty6yy25j9,Pilot,49246,Beige
3mclsn1ets,Prologue,55521,Red
ztxsnam5qs,Prologue,49351,White
jjciefdjz6,Accord Hybrid,36197,White
u06u9zkf48,HR-V,27518,Yellow
2cl9hq3mfj,Passport,40918,Beige
typrskh1s1,HR-V,29382,Gray
t8m49d2w3z,Prologue,57719,Yellow
7xa71bggbx,Prologue,57370,Black
rfm25uaf10,Odyssey,46222,Yellow
j1sgssoket,Civic,20482,Black
prgi8hd1lm,HR-V,24581,Black
rrgknjcig6,Pilot,51645,White
uc78qlq05k,Civic Hybrid,30630,Black
ap6c5tov0v,Ridgeline,38148,Black
nt9lha8kwb,Odyssey,45971,White
41773ojxim,Odyssey,37052,Red
aze3xnctuv,Odyssey,40639,Gray
a5u424861o,Accord Hybrid,35616,Brown
d6d1fti3pw,Accord,29522,Beige
wn8rli2bma,Accord Hybrid,37496,Blue
wj4z9nsj4u,Odyssey,42445,White
jxwvika6qv,Pilot,51517,Blue
oruu68fcj7,HR-V,24697,Green
y7p9l1dkpz,Odyssey,41653,Gray
hjxx2bc4yk,Pilot,47462,Brown
gy59wkketz,Passport,40560,Black
x590bm13pz,CR-V Hybrid,40002,Silver
afpyj7t8yy,Ridgeline,46177,Silver
pqvw42vkqd,Civic Hybrid,30837,White
1cfh9uy43f,Odyssey,35178,Silver
ftv650yirz,Pilot,47104,Beige
m94hthf4g3,Accord Hybrid,34548,White
stfefa1wh5,CR-V Hybrid,39295,Blue
mxpjdzi7e8,Accord Hybrid,32295,Green
ilhjxsr8iy,Accord,24113,Yellow
m1r6fzf1p1,Accord Hybrid,32287,Black
mvc5e5frri,Civic,18476,Green
a4m57afxq5,Passport,48856,Green
5c6l80en9t,Pilot,47264,White
nrlo3pw504,CR-V,35900,Gray
b8jnbt01ny,Pilot,49199,Brown
czp0n8y24k,Civic,27546,Black
ayifsyfly3,Prologue,53601,Brown
8ty5a0cclw,CR-V,38118,Yellow
3a2r9ujl6s,Civic,20641,Black
hzpno4c54n,Passport,47426,Brown
lku2wytjd6,Prologue,57650,Yellow
g8jqh5x4ju,Ridgeline,41124,Yellow
doyqidj1b6,Civic Hybrid,30655,Brown
i860eu0r5f,Prologue,52007,Beige
cmo5iaq0id,CR-V Hybrid,37911,Brown
6wiufosigz,CR-V,36867,White
5277dd46a2,CR-V Hybrid,35671,Blue
j3k6rc8p75,Accord,25873,Yellow
ulllee8ooy,Ridgeline,38499,Black
o9976z6zcg,CR-V Hybrid,40280,Red
qwhqjdv8xq,Civic Hybrid,30427,Blue
d8a5a5loxy,Pilot,42019,Red
hymu17cidw,CR-V,31198,Blue
uqvw3ab1me,CR-V Hybrid,36910,Silver
9131nf9zz5,CR-V Hybrid,41892,Green
jjk8ehzxf5,HR-V,29262,Red
q0jpega4nz,Accord Hybrid,36069,Green
x2e95in05h,CR-V Hybrid,40427,Yellow
1jbtpdw1ba,CR-V Hybrid,35080,Beige
1cy6olk6a5,Odyssey,45528,Beige
szq6wwi86p,Odyssey,45405,Red
4xl58ttuyt,Accord,26109,Gray
p418vtnqkb,Accord,26955,Beige
n5fgk93ix2,HR-V,28045,Black
ak3s3q6mb1,CR-V Hybrid,37801,Brown
oyztg0jx0y,CR-V Hybrid,35851,Silver
dvni0so4ii,Pilot,44289,Red
pfcbl186ci,Passport,46780,Green
aiv63zorjr,CR-V Hybrid,39026,Green
96n8wsbatn,Passport,43595,Green
btcgqgxxx9,HR-V,24942,Black
fuo4lrr57d,Accord Hybrid,34142,Brown
5ceo9a3blc,Pilot,50632,Green
khfhkuymg1,Civic,21227,Red
4ne3ajhajb,Civic,24885,Green
7jtrjvzuor,Odyssey,46660,Yellow
h2bqfanhho,Pilot,40437,Blue
jsg839ub6h,CR-V Hybrid,34191,Beige
rm4fw20iwq,Civic Hybrid,28418,Red
4j02eb8ne3,Odyssey,36965,Beige
vodcnisaiv,Odyssey,47889,Red
qnwo5qxbpo,Civic,25069,Gray
pp5fe4fda0,Pilot,48603,Brown
hvovsjb6h7,Pilot,38314,Beige
7del2a5l8s,Ridgeline,45053,Black
9dalkbh7or,Ridgeline,38098,Red
m7b6u2inxf,Accord,27920,Blue
s1x8jzpvxf,Accord,26296,Black
qc1ftothcb,Accord,23004,Red
v7iwijjg4h,Civic,15501,Yellow
fwqkn70oo1,Odyssey,39233,Gray
1oydj3bsyy,Accord Hybrid,34224,Green
jgpfybpdme,Pilot,40976,Yellow
c09jk6f4fr,Accord,23607,Beige
4g3muiis9e,Pilot,40805,Blue
p1sj012naf,Odyssey,41497,Yellow
v3ssn7x9w9,Civic Hybrid,29522,Black
zwqhr6za42,Ridgeline,43222,Black
x93dpnsq43,Odyssey,41900,White
2rg3k503vs,Pilot,48396,Silver
xq95fh3rws,Pilot,38283,Blue
zhccph8in1,Civic,17887,Silver
yl1b7glpjf,Accord Hybrid,33681,Yellow
nngdxyzukg,CR-V Hybrid,35194,Black
toikub9m3a,HR-V,28986,Black
3u1u5jgn85,Pilot,42677,Green
opeynzz7wf,Prologue,54572,Yellow
s134c3bpoj,Civic,23023,Black
u4tfu7rgb8,Accord,32291,Brown
y127s4nfau,Pilot,49845,Beige
sapnljukvi,Civic,27268,Gray
p1t8k4x51r,Accord Hybrid,29779,Beige
7rf3wn1sfb,Accord Hybrid,30203,Yellow
nbh7m0pggr,CR-V,34792,Yellow
g8w20ml8jp,Pilot,43688,Black
y9ccicyvjs,Prologue,51244,White
ocivipey6s,Odyssey,42579,Blue
ek101uwpst,Pilot,43273,Yellow
wi7celojx3,Civic,27849,Green
tefgeemxy0,Accord,30272,Black
rumci8hs57,Civic Hybrid,30693,Yellow
2xm3oqwcdi,Accord,32025,Red
v4brga4iri,Prologue,54101,Green
ywt0z7okxf,CR-V,38053,Red
eeh6gtr335,Ridgeline,42975,Black
f9vvitlago,Accord Hybrid,28419,Silver
hebxevl1xe,Accord,25843,Red
qtjobiwtxz,Passport,43937,Beige
kamkvc1tih,CR-V,39323,Brown
gp4vtoegvx,Civic,24837,Beige
ek9wfqzd8f,CR-V Hybrid,35555,Green
z9uqghy4et,Civic Hybrid,29127,Beige
telg01r74a,Pilot,45419,Silver
vbjl0ri2r5,CR-V,33453,Green
dgmlten6au,Passport,47691,Beige
8xcj2gzd2a,Pilot,43148,Green
ptedkgb59q,Pilot,38984,Blue
6frkg1fw4p,Passport,42830,Yellow
b88a0i74nw,Civic Hybrid,28684,Silver
64p3bn44mx,Civic,17514,White
mvk1d7vfgv,Odyssey,35994,White
km6yelj5v6,Civic Hybrid,31741,Green
voym77cy6d,Accord,25084,Yellow
1rsmn9dvm7,Pilot,49988,White
xq1aegct39,CR-V Hybrid,40587,Black
1jxprra7j4,Pilot,42112,Beige
q8vbckidou,Accord,27229,Black
t3jygy8pnt,Civic Hybrid,25802,Gray
u7roaismef,HR-V,27300,Gray
mdejj6hqcz,Accord,32744,Beige
e5da7ua7qn,HR-V,27894,Beige
d0nieuuifc,Passport,41026,Black
v55f0s3ol8,CR-V Hybrid,37396,Yellow
ix9djtl7qi,CR-V Hybrid,32515,Yellow
miz734i05c,CR-V Hybrid,36897,Silver
i0gh5j0ssa,HR-V,25684,White
bvlzwaatax,Passport,46470,White
k2cc4vyz6v,CR-V Hybrid,34526,Beige
dzrvrh6wn8,Ridgeline,41659,Brown
ehg2eo0blh,Civic,26174,Yellow
2gw2s0z0zo,Pilot,39464,Brown
t3oshd35of,HR-V,30103,Blue
pnccktmwh8,Accord,28516,Silver
p1z0gkpy88,Civic,22970,Yellow
ldgw4pjpal,Accord Hybrid,35248,Black
9p88x70yd7,Pilot,39588,Yellow
8hslf5tvmv,Accord,25111,Brown
9id3kyadzb,Accord,23852,White
s7kcvlce1q,Ridgeline,39415,Brown
dm8mdax8w4,Pilot,51639,Gray
3v02rabocj,Accord,31149,Beige
xtvobrhcvj,HR-V,27726,Gray
tjbexg73hs,HR-V,24060,Beige
l9o8s5guqi,Odyssey,39827,Yellow
57jixg1lif,Civic,20379,Brown
33e0d4d75o,Passport,47022,Black
ml4j9506uj,Prologue,50910,Yellow
tiddetc2ew,Passport,40470,Gray
20mk5er9ko,Pilot,45146,Silver
07da9018g5,CR-V Hybrid,41580,Brown
t67mx0e321,Passport,46724,Black
xp508m30dr,Accord Hybrid,30678,Green
4l5zmg5guk,Pilot,49350,Green
oixqhbv71x,Prologue,48263,Blue
zqu7pqzww2,Odyssey,47387,Brown
ycnrkfkyvp,Ridgeline,41325,Silver
onrtjej438,Civic Hybrid,31935,Blue
3s1h4nx4x0,Ridgeline,42646,Black
wvfhkn42i0,Ridgeline,42820,Green
uygg2zxhxf,CR-V,38462,Yellow
z3cpakkkbq,Ridgeline,43376,Yellow
gethxe8zzr,Civic,18066,White
p4sr3gni16,Ridgeline,46042,Blue
6p05s28oun,Prologue,51327,Beige
yq5pohobrd,Civic,26925,White
uvbk35n5tu,Accord,28201,Red
vyirkh18gs,CR-V Hybrid,37441,Brown
5aynwq91u1,Civic,16441,Red
cnyuj8a3ym,Accord,26406,Brown
l5cpykl46q,Accord,25523,Black
e7nd29zw2k,CR-V Hybrid,38364,Brown
p50hdlwp6b,Odyssey,35702,Beige
uthrk6o8mt,Pilot,41556,Blue
m4wvgl7hyj,CR-V Hybrid,39402,Blue
gjj8m1ram1,CR-V,36354,Brown
gej5t635au,Passport,48518,Green
mg52h51v28,Ridgeline,46103,Green
mxq2hrgh7f,Civic,22801,Yellow
z3fu2mtnh9,HR-V,25802,Brown
jfbk8cyfg2,CR-V,37956,Gray
u014p049cr,Prologue,52947,White
07xynak7aj,Prologue,48797,Silver
0nf96o6x3f,CR-V,33353,Beige
kn39spz97b,Accord Hybrid,34069,Red
e4obmnsjbr,Ridgeline,43673,Blue
rqis54qjsj,Ridgeline,46378,Black
o62hgq7el0,Accord,26145,White
c767b3fvia,CR-V Hybrid,39843,Blue
nbj2e5ror2,Accord Hybrid,31504,Blue
yrpm7zy1f8,Civic Hybrid,30100,Gray
et2rpj2338,Passport,41486,Beige
jbdd20jmgj,CR-V,33768,Brown
w4ua3souno,CR-V Hybrid,38424,Yellow
6yd015xfr3,Prologue,55490,Blue
sfkrshoium,CR-V,33454,Blue
nuf5lu0gb2,Ridgeline,44824,Brown
s1mpueph79,CR-V,29668,Yellow
d41vlnf8f2,CR-V,28850,Green
h09yhppmoh,HR-V,25160,Red
7zcg4ou7fo,Pilot,43940,Red
svnciaka28,Pilot,51298,White
a1uxarxfkh,Civic Hybrid,27663,Gray
u59yitzeg7,Passport,45521,Silver
shtmv0bwdz,Passport,41163,Blue
i94hhcd93q,Civic,26419,Blue
rrs29wm428,Accord Hybrid,34696,Green
qg1o8msi75,Pilot,44763,White
kl66wv7xd3,Ridgeline,47833,Gray
czm7yancdj,CR-V,32202,White
1iiedfkgms,Civic Hybrid,30305,Silver
obg3k46irp,Ridgeline,42511,Silver
rptcn1h54f,CR-V Hybrid,39421,Black
oyjp3ehigm,Odyssey,40781,Blue
w33bk9g537,HR-V,26015,Brown
dhmi6rkg60,Civic,16500,Green
wryfxu9atb,Prologue,53429,Brown
4at5bh57ea,Odyssey,43658,Yellow
fwbxtmur3e,Passport,45737,Gray
zrdsy0rqkp,Ridgeline,38323,Beige
st6hm0vzfb,Odyssey,39822,Blue
s4wsk0tlw7,Pilot,46355,White
oj05522c3i,Odyssey,44709,White
qns9g6k8d6,Pilot,39356,Blue
2r9f431nh2,CR-V Hybrid,36806,Brown
5iini8y5vw,Accord,23395,Silver
xtox962ema,CR-V Hybrid,34172,White
cdvuzbx568,Prologue,55274,Blue
mauinox1ez,Pilot,46608,Green
u6358xc81j,CR-V,34201,Yellow
jdkwalpkdz,Odyssey,43071,White
7y2d4km2cs,Civic Hybrid,29548,White
mna1hx5i6a,CR-V Hybrid,41469,White
a2wy8k93q4,HR-V,25883,Brown
imlgjbylm8,Pilot,41248,Red
jay38fxeu8,Civic,18007,Black
vkr5x18i9o,HR-V,29358,Black
ij97y7j381,CR-V,33503,Blue
hpm031ess3,CR-V Hybrid,39398,Red
82j4kh2pgj,Odyssey,36300,Blue
z14tywocb2,Accord Hybrid,37357,Yellow
qyn8ndgo8y,HR-V,29090,Red
d5o44t9gnb,Civic Hybrid,31228,Silver
y0fnaqkqnh,Accord Hybrid,34577,Red
j6f86d42kg,Pilot,41247,Beige
tny3tgsmh0,Prologue,55644,Green
e5g6t2yxsg,Passport,42982,White
8lonh6phug,HR-V,26745,Green
3tlp4ciaw8,CR-V Hybrid,32756,Black
27zuhxtmlw,CR-V Hybrid,32962,Blue
mt9dpg86hz,Passport,44664,Silver
zgtbsiw6kz,Pilot,46226,Red
3mi1o4id02,Accord,26709,Beige
6ci76gof6i,Odyssey,46259,White
zaz6lmo5hk,Accord Hybrid,36931,Black
p3154my9jy,Accord,30379,Gray
9uakh9qhwn,Civic,27177,Red
dd5pbtztka,Passport,43956,Green
kjey2v0ygy,Prologue,54750,Beige
5ckeh5tel0,Accord,30240,Silver
4ag6ukzuyd,CR-V Hybrid,36958,Brown
xqajrekmrs,Prologue,54062,Blue
pkhfvfr5x5,Odyssey,44794,Black
braiidixjn,Civic,16823,Silver
oiulxr66k8,Accord Hybrid,36564,White
1vpvwwpi37,Odyssey,45490,White
9sivxa98u5,Accord,23059,Blue
86bmuxos5d,Passport,43291,Green
p5v510dpmq,Accord Hybrid,30702,White
25d0lu2n5a,Odyssey,39926,Silver
w0w7ib3kkt,Prologue,56364,Blue
ep5d1w0r6l,CR-V,32031,Red
2d48dsra60,Ridgeline,46071,Silver
ryfv5sgrby,Accord,33541,Gray
9hwum65ab4,Passport,43555,White
rbeek5g1by,Odyssey,41365,Silver
j8arqx95fw,Ridgeline,46802,Green
31cu700933,CR-V,29220,Gray
604ca0h180,Accord,28393,Silver
9xy9m19mfi,Odyssey,41425,Yellow
zhbzjn5nij,CR-V,28692,Red
9awi5vnctn,Civic,15608,Black
gyc1sgjcq4,CR-V Hybrid,35935,Gray
nb0hupxzxd,Prologue,50585,Green
wo2t1imr46,Pilot,41032,Blue
085dxxoh7z,Prologue,55412,White
68mlj4ixuq,Accord Hybrid,35603,Blue
w41kqd8rpl,CR-V Hybrid,41505,Brown
vqnxrdqvns,Pilot,40616,Beige
0d6tue0ec5,Pilot,50638,Silver
yort79052d,Passport,49404,Brown
79iue3d3su,Accord,22491,Black
xz6cxahl84,Passport,46255,Black
sogbizfjwx,Odyssey,36746,White
gkgcyeg6re,HR-V,27436,Black
zfw0o9q8di,Accord Hybrid,33282,White
s1qthie1lp,CR-V,29868,Red
a54tgrrmkf,CR-V,28584,Beige
vtzhlqecnu,CR-V Hybrid,36753,Black
43sj119w3y,CR-V,34502,Silver
p9qiifti5h,Pilot,42218,Beige
p61u5y07e7,Pilot,39086,Black
ae879vqmxe,Odyssey,39895,Black
6y74p1tysk,CR-V,33019,Beige
c0580l3puj,Pilot,39448,Gray
17b3c0qtlx,Prologue,54717,Yellow
83pvswf4wo,CR-V Hybrid,38297,Blue
1g63vdg1gs,Odyssey,36159,White
ljqam3ene4,Civic Hybrid,27448,Blue
s9t125qu2x,Ridgeline,41429,Red
u6jlean2va,HR-V,25505,Black
im5rgqc77d,Odyssey,41982,Brown
plzsvhr94h,Passport,47892,White
gtx86jcycu,HR-V,31755,Blue
l0rmtlir1d,Prologue,57580,Blue
q3q37riv8i,Civic Hybrid,28374,White
hd6606pe9s,Accord,33672,White
qp0yr8g1uy,Civic Hybrid,30694,Yellow
4l0rqe4tt2,CR-V,37744,Black
6hin5cid4h,Prologue,54337,Green
ymu2eh9mk9,Accord Hybrid,32988,Yellow
5ea3u3t6h2,Pilot,49038,Yellow
cd5h2b8w84,Prologue,57357,Blue
kqvg82ojkl,Accord Hybrid,28863,White
99k7cewh8d,Pilot,49762,Beige
6z3esak5am,Accord,31084,Black
b6q1i16ah8,HR-V,30949,Green
26tjla4zcd,CR-V Hybrid,36361,Silver
v4w3hhhr6n,HR-V,25865,Yellow
en30b86oa1,Accord Hybrid,32489,Blue
vi65tw3bub,Civic,17678,Red
myb27zu7qf,Accord,34058,Yellow
ck4jvlw5yf,Odyssey,37009,Beige
w574xia8mg,Odyssey,47565,Green
29s6trx0gu,CR-V Hybrid,36507,Brown
xkq50fn4o8,CR-V Hybrid,32757,Gray
n80qo393rv,Civic,23907,Black
0tcjqegnm8,Civic Hybrid,27865,White
cbqj8jxsuq,Civic,23069,Beige
w4e59d31kz,Prologue,56385,Gray
rqj369t16f,Civic,21000,Beige
1t8lfzf25h,Civic Hybrid,26563,Black
75wakdv4tc,Accord,30605,Red
2vpv1vpf20,Accord Hybrid,31467,White
05m1tm1vug,Civic Hybrid,28875,Green
71ejdk36ko,CR-V,38469,Blue
s1d76nfiqq,Accord Hybrid,30411,Silver
r46ekizrjh,Odyssey,47028,Silver
7119erjk1e,HR-V,30276,Beige
0pcihotu4i,Accord,23624,Yellow
gjvjvmjbxr,Prologue,51853,Gray
dn8mxecuxu,HR-V,24993,Yellow
okqs7hma18,Accord Hybrid,30665,Black
n4e3dcnc6k,Passport,41325,Blue
6vlrfojuxv,Ridgeline,46233,Gray
y4aw5qsm43,HR-V,31851,Blue
rkd2zqwmcu,Prologue,51633,Brown
51sihkpx7b,Ridgeline,39151,Silver
wgsx9tap0l,Accord Hybrid,29073,Black
bgjme0zdgu,Ridgeline,38204,White
xw8serivrt,Passport,49340,Blue
kmjuutxc16,Accord,33360,Green
r6xyxs1b8h,Passport,42856,Silver
6mcyzhepb4,Ridgeline,47636,Brown
hyg7la6rsk,Civic Hybrid,31192,Brown
7jdvzx36qo,Prologue,49699,Red
pw6h1n9tq3,Accord,33269,Red
jk46yg7kry,Odyssey,42765,Black
7payl7u0yg,Passport,44337,Silver
d2bc44o8ww,Accord,26990,White
ebn6ban19q,Passport,49458,Black
qi3um1i35s,Civic,17966,Brown
5chofca083,Accord,33395,Black
mcjwgy5d49,Civic Hybrid,29890,Yellow
86bckio53x,Accord,34147,Brown
fuid83g833,Civic,26828,Beige
a3eqlxrroy,Prologue,55968,Brown
l4vmpy0on5,CR-V Hybrid,40845,White
xxhitlccrn,Accord,23665,Red
0yz5hjntue,Pilot,42625,Black
539vkkghcu,Accord Hybrid,33158,Blue
enetoqh5bv,Odyssey,46706,Yellow
ndq9aj5n44,Passport,43756,Beige
9dmqbrzcp6,Passport,41481,White
8n9hzgcivg,Pilot,49924,Brown
gk4syxz5hy,Accord,26919,Gray
holw733082,Accord Hybrid,34179,Beige
l76mjz6xn9,Passport,41264,Silver
ffbmh3t9tr,Passport,44053,Silver
vh8oy1eyi3,Ridgeline,40028,Yellow
750cv8iuo0,Pilot,43264,White
g52qokdloa,Accord,31716,Brown
6z9qd6nsxm,Civic,26101,Brown
q1f7g8s13u,CR-V Hybrid,41746,Blue
6wpqrgfjh7,Accord,24480,Gray
69esxayfeo,Pilot,47410,White
5eu5nz0y9h,CR-V,37358,Silver
x48l4a22bh,Accord,30881,White
vve251jgr9,Civic,22796,Green
3cx44bqze1,Prologue,48785,Yellow
amxc2gb5sc,CR-V Hybrid,32066,White
132hfd3kcz,Accord Hybrid,36991,Black
eol4oieng9,CR-V Hybrid,33000,Yellow
bsymemn6lv,CR-V Hybrid,33482,Blue
8phjx6r5xm,Passport,40448,Red
rczpumspfx,CR-V,36632,Blue
9cjoi884r4,Pilot,49885,Silver
akal177yr3,CR-V Hybrid,39534,Gray
i53dnvc7fa,Odyssey,46287,Brown
9xvx89q7og,Civic Hybrid,30043,Blue
0hsfa2wqgv,HR-V,24238,Gray
0uyofs26kf,Civic Hybrid,31591,Yellow
zyndrpcowt,Ridgeline,46308,Brown
tqo9fi6gjr,Ridgeline,47246,Silver
ll6s8pbn4g,Accord,30970,Blue
cyymqprukh,HR-V,31062,Black
pzhxlpiucq,Pilot,49889,Brown
jyf4gks6zq,CR-V Hybrid,34952,Yellow
cy3m8tnmpi,Odyssey,40566,Silver
y9wieeldci,Accord,23055,Red
qtr9prm4ga,Civic,19215,Beige
g9xo26kn5g,Ridgeline,44866,Blue
29svl4ccds,CR-V Hybrid,41065,Green
i08anqyklp,Civic Hybrid,31020,Yellow
4phtkhx801,HR-V,29167,Silver
albo6ql4oa,Passport,41027,Silver
sx8bvxfkt7,CR-V Hybrid,33852,Black
xbjofxxg8v,Odyssey,44803,Black
a2miapzjut,Odyssey,43883,Yellow
dc2sa8kpp6,Civic Hybrid,25025,Yellow
0eemt0k7yj,Prologue,57803,Gray
ixqe79i88n,HR-V,31027,White
qbqblo2id2,Accord,27068,Blue
8k1few80y2,Pilot,46395,White
y6q3a34w8n,Pilot,51513,Yellow
38f3dd8npb,Prologue,52622,Red
kuka1vm2rt,Odyssey,40601,Silver
a4dytl9rkl,Passport,49366,Black
wu87cpt8yj,Passport,48702,Red
8epc65k32p,Accord Hybrid,28757,Blue
v8t2yf0uu3,Ridgeline,40412,Gray
rm9msak8tz,Odyssey,37571,Beige
0j8enrup0g,HR-V,31488,Red
wofqbvrpe6,CR-V,38000,Silver
tevquob0n6,CR-V Hybrid,38866,Brown
40z87ni4wx,CR-V,38919,Red
h2v5mhxqv8,CR-V,31413,White
4iyto77fvr,Prologue,55392,Silver
luxzblsmik,Pilot,50909,Yellow
pgjnzir9io,Civic Hybrid,29937,Silver
k78g3sq6nb,Passport,49660,Black
qzlpeft9l2,HR-V,31802,Red
qt89p319iw,Civic,19635,Black
r5m1bs5tmd,HR-V,26436,Brown
1mojslo9n9,Ridgeline,39036,Brown
hxag1p373t,Accord Hybrid,31422,Blue
819ciyx5ik,CR-V Hybrid,37708,Blue
u7ufw6gk62,CR-V Hybrid,38452,Blue
y4fbpmf9q7,Prologue,57927,Brown
xyewrfy7cf,Civic Hybrid,28614,Brown
akkl35jjbl,HR-V,28386,Yellow
v1sd398fra,Ridgeline,38106,Yellow
gwzmv5m9p6,HR-V,25899,Brown
4lh9ve6tbi,Passport,42696,Brown
wwnn3jmpkh,Prologue,55289,Beige
i19pb57ucx,Ridgeline,38047,Beige
z3escj9iv3,Accord,33637,Gray
myx5xa211i,Accord,32856,Silver
r1udsp061l,Civic,21895,Green
ckx8elpbe3,Accord Hybrid,31898,Silver
i3tcq8oipj,HR-V,30083,Silver
e1bdiyd30g,CR-V,28265,Green
n6pfa3piul,CR-V Hybrid,36924,Blue
hwu986jfnx,Odyssey,38113,Blue
jnklb7w4g3,CR-V,34889,Red
x3gkmohjxp,Prologue,49866,Red
8o3levs8hw,Accord Hybrid,34306,Blue
9otfds6s3u,CR-V Hybrid,41158,Gray
k58pvevdgp,Pilot,39495,Black
rca1x3kl3o,CR-V Hybrid,39204,Red
fui5pnc7bk,Passport,40058,Red
2g2ro1rftk,Prologue,52041,Red
n77ob90mgv,Civic Hybrid,25037,Black
e1cksz4mom,Odyssey,45535,Beige
c4bn6y49sm,Odyssey,46993,Red
j0y9buz7zr,Pilot,49728,Black
0dqm9gtalx,HR-V,25373,Gray
p4su43ww42,HR-V,28538,Beige
nhv3pa8urn,Odyssey,41339,Green
9k3cnijw2o,Civic,20923,Brown
10l6kb9wwn,Accord Hybrid,37080,Black
6mup8p64ch,Accord,29160,Red
p8tkjs9lan,Accord Hybrid,33387,Yellow
r7yfyyexly,Civic,15344,Brown
858t1c9gai,Civic Hybrid,26599,Brown
lmhsaxdycw,Ridgeline,46509,Brown
ughcb2wgn4,CR-V Hybrid,39876,Green
mogsnyrs0m,Accord,32465,Blue
dl2f6nln73,HR-V,29582,Red
f46co7dvnk,Civic Hybrid,30027,Green
brtgulua9a,Accord,23566,Brown
0zc6cxovt4,CR-V,32022,Yellow
ir8aeeheos,Pilot,39387,Green
9o7octlv4x,Civic,20369,Black
exmvhr5g1s,CR-V,30441,Blue
baesek2y61,Passport,48717,White
choddyl69w,Civic,15803,White
jnek7xcxtw,CR-V,38321,Beige
i6jimpjcgr,Prologue,49213,Beige
bry6yg1pmj,Pilot,47771,Gray
kiv3uzdhco,CR-V,36281,Gray
tj0f2l9qu0,Passport,43332,White
rjkkvjru0t,CR-V,32787,Gray
g2brvrk5rs,Passport,45049,Silver
m5b0kd1bhs,Prologue,53989,White
wspstpdp22,Accord,30020,Gray
zxy3j7psx6,Passport,40260,Yellow
hfxvbucye8,Pilot,49512,White
mo5140edon,CR-V Hybrid,37409,White
52z6478phz,CR-V Hybrid,38998,Blue
jhs1az06px,Accord Hybrid,37118,Brown
4bumpgtpo7,CR-V Hybrid,39678,Yellow
amy9nqhohk,CR-V Hybrid,36595,Gray
3u20we5ldl,Accord,33257,White
8bxl2plzg0,Pilot,45356,Gray
4g4prm75gu,Accord,23436,White
r7os2j3t39,Prologue,52483,Black
d8vjijfqbe,Ridgeline,46002,Black
qszxrv8s3s,Civic Hybrid,28022,Green
t7k3pxdf1z,Civic,21727,Silver
dozgz0gzd3,Ridgeline,41918,Green
8l9zar0821,Civic,24936,Beige
iicexu23fo,CR-V,34235,Silver
xe5bfdlffs,CR-V Hybrid,36195,Yellow
3kzos8mbkt,CR-V Hybrid,35717,White
u70p3xo6s2,Passport,47895,Silver
cgee4n9qvj,Passport,41821,White
21ka4ehdis,Civic Hybrid,27560,Black
ty2iccvtgl,HR-V,26563,Gray
udup45dtqh,Civic Hybrid,26438,Silver
nafg3o5aux,CR-V,33327,Yellow
ergvpfsfz8,CR-V,32268,Brown
ohpubhziz0,Passport,45794,Black
ihdu6h86zm,CR-V Hybrid,36062,Brown
x8lvvxhb7n,Accord Hybrid,28673,Black
f67nuzviii,Ridgeline,44275,Yellow
u6sonos158,Civic Hybrid,29487,Blue
u97qqttrdb,CR-V Hybrid,36198,Black
c1ecs39rfv,Passport,46725,Green
5zhy3tc4vl,Pilot,43811,Beige
e4cn9eb55q,Passport,47092,Silver
k8k0b613kl,Ridgeline,47869,Brown
7lf5a0cm8t,Civic Hybrid,28730,Green
l1wu4bfupg,Pilot,42850,White
4kg1shx864,Prologue,53912,Yellow
uw9u8fifjx,CR-V Hybrid,38366,Brown
3kkqo9k5wt,Prologue,52891,Green
fwm2zfy8uj,Passport,48087,Red
k997mx8ob7,Passport,40357,Brown
fbdzkg0ee8,Accord,34095,Blue
q1iy8rlouj,CR-V Hybrid,40209,Silver
sok58ycu61,Accord,24912,Red
w6o1c3ve7p,HR-V,29295,Silver
m7qj36xv2z,Passport,44321,Gray
clpxvd45kr,Accord Hybrid,36615,Blue
m4ljcokry7,Civic Hybrid,27073,Green
eleyjcq3uw,CR-V Hybrid,37059,Black
3g9ddd4fll,Accord Hybrid,35287,Beige
qe3qbjpyny,CR-V,30228,Beige
2t0u9jqelw,Civic Hybrid,28465,Silver
mvocpivw89,HR-V,29137,Blue
fbk76p9vgn,CR-V Hybrid,33151,Blue
fmr6p07co0,Civic Hybrid,29757,Yellow
oxi4b93gkf,Odyssey,47215,Gray
64askqidtc,Ridgeline,38119,Yellow
2nb9t39522,Pilot,39215,Black
y47wqhyqa1,CR-V Hybrid,35860,Black
zxvy98yirj,CR-V Hybrid,33162,Blue
xqpc7hn98c,Civic Hybrid,27254,Beige
pjtgo45rgz,HR-V,26541,Beige
93pp8vhp4r,Civic Hybrid,25957,Silver
2gcjllwpgo,Civic,23892,Black
9edhcvb2nn,CR-V,38080,Green
gkbzfifqka,Civic Hybrid,27588,Gray
6nbm9gue0b,CR-V Hybrid,36093,Green
uwnkvtipm1,CR-V Hybrid,36273,Beige
udehp6rg9r,Odyssey,37577,Black
tmwe7e3vqe,Civic,22644,Yellow
6uom31zq4g,Civic Hybrid,27598,Silver
ts42umvac4,Passport,45737,White
9n15ab3lct,CR-V Hybrid,39448,Red
jjb2e0b06b,HR-V,24628,Green
z3g8fi8291,Civic Hybrid,28388,Blue
z3nhewxts3,Accord Hybrid,32239,Blue
pdwo66ic6o,Accord Hybrid,32242,Red
ji0x3hs2fc,Accord,30379,Blue
ybhfkwvj8k,Civic,21232,Red
17ck0mfcbs,Accord,34147,White
pjl5ouspq1,HR-V,25388,Green
n3mhu29n8x,Prologue,54011,Silver
fd01x88p8i,CR-V,34391,Yellow
jhpfp57lsn,Pilot,43136,Green
ftkqwj44wi,Accord Hybrid,29652,Green
p2x50csz0p,Prologue,57076,Yellow
t4gky5awlh,CR-V Hybrid,34541,Blue
ihqe7htuze,Civic Hybrid,28172,Gray
ekvldl8nyu,Passport,41667,Green
pj2zzy4u3y,Accord Hybrid,34886,Brown
3ltnkcvzc3,HR-V,30820,Red
yqpfgjunlo,CR-V,28078,Black
xmol27axpr,HR-V,30753,Gray
qh09w7kj82,CR-V,37379,Silver
g7mxxg7925,Accord,34071,Yellow
2ywcbvowqy,Pilot,45336,Black
mnje9f4qko,CR-V Hybrid,36570,Red
53vljvoaek,Passport,49419,Silver
9q34x30zqt,Odyssey,38352,Beige
ublns7zko1,Odyssey,39330,Silver
pnctbo9vlm,Ridgeline,38924,Green
g0q7l6zxxe,Prologue,52627,Green
zpnv77yyja,CR-V Hybrid,41905,Silver
zlxqq4scrr,Odyssey,41491,Blue
fvh4a8emm1,Pilot,38580,Beige
ksg3lce0cl,Pilot,49767,Brown
mepxmemqtm,CR-V Hybrid,38145,White
v8zpgwn4u9,Prologue,54516,Red
x0ipv4ik7y,Ridgeline,45851,Green
6z24b97sq9,Civic Hybrid,29355,Green
gsdbqhmwe0,Odyssey,44313,Black
o8w48et0gw,Ridgeline,45824,Black
q95nh7gfk0,Ridgeline,44145,Beige
6adtertzxp,Civic Hybrid,29375,Green
eqnpzwfzg9,Passport,47063,Red
0xbzs4w0cd,Civic,26145,Yellow
mpvmz3vwnb,Accord,27132,Blue
d4wg3cupx9,Ridgeline,47734,Beige
jh1pxupnug,Passport,43524,White
ha3yce5wi3,CR-V Hybrid,34045,Beige
95xum3t8gk,Odyssey,38892,Silver
1ccsizhch5,HR-V,31013,Beige
j6d0j79qnq,Civic,16139,Red
cm6pmiwgwh,Civic,17109,Beige
y8d33yc7ji,Civic,22454,Red
nl8fpy464k,Passport,47021,Black
fqzgmsq549,CR-V Hybrid,38965,Gray
9pibw310h7,Accord,28005,Blue
ranxui6jdd,CR-V Hybrid,39201,Brown
h5h00stw9k,Accord Hybrid,33263,Beige
3oqo6erryg,Ridgeline,43101,Red
untgzv2bxk,CR-V,37962,Red
f3jklhih7j,Civic Hybrid,30783,Beige
ihl3v0kszc,Passport,42973,Gray
be5k8e72qk,Ridgeline,47682,Green
l2mu1n8had,CR-V,39481,Black
9lgs08f8tn,Civic,16496,Silver
mdj4oonk9o,Odyssey,37238,Silver
bhzfnp9dp2,HR-V,28216,Red
w235cy2ri2,Pilot,51059,Black
8smn6bd812,Prologue,50916,Green
maxz6o05z2,Accord Hybrid,36581,Silver
o82vgb3qnu,Passport,40912,Green
wpl7a0bhgo,Accord Hybrid,32054,Silver
j5fq0kbz2f,Accord Hybrid,35728,White
fojy4h7jrv,Pilot,47848,Gray
zmicfu23hc,Civic Hybrid,27560,White
ze1yvpexzw,Odyssey,41385,Silver
qgnj2pn8g1,Accord,27211,Green
mtz27q7vi2,Accord,33530,Brown
wlx5lup421,Accord Hybrid,36520,Beige
vt7x8njbpd,Accord Hybrid,32843,Silver
5btp70zzqj,Ridgeline,39764,Gray
i8afrfgk4c,Ridgeline,42678,Beige
h5gpo5muxu,Pilot,38743,Brown
ofd936p8ra,Accord,28192,Yellow
inytsrzoe5,Odyssey,35322,Brown
o2670bnrnd,Accord Hybrid,30704,Silver
tnf2o1bjlr,Pilot,44165,Black
leyqydn8op,Passport,47529,Brown
yto6prip7z,CR-V,37240,Beige
tiigmbujj8,Pilot,43670,Red
zffrxh33d7,Prologue,57934,Black
4yo0yth8lr,Accord,33114,Yellow
se4myot3t9,CR-V Hybrid,32986,Gray
c06dtn12hc,Pilot,46342,Red
diee9gbkwp,HR-V,26605,Beige
09m78y76ij,Odyssey,35708,Blue
4y4jyoxnmp,Ridgeline,40301,Silver
pku1wrfv4s,Accord,30289,White
dtqfveznbj,CR-V Hybrid,32612,Red
5so4rd2p4x,Prologue,50748,Green
nzinh6z2f6,Ridgeline,39102,Brown
ho0ms9q55e,Accord,29432,Black
ck9kanuodm,Odyssey,41062,Yellow
7d449g1wh1,Odyssey,45026,Silver
wm54y81cvt,Accord,29381,Red
a6zonpfkiy,CR-V,39473,Silver
dfabmu6cw0,Pilot,50513,Gray
5rbe48pzd4,Civic,15686,Black
mr3lyksm7r,Civic,27919,Green
few057s7kj,HR-V,27984,White
ycwzrlq3h9,Civic Hybrid,28322,Beige
0fprong2si,CR-V Hybrid,40446,Blue
mmjygna40q,Accord Hybrid,28064,Silver
1mdn2o8kvm,Odyssey,35271,White
5c4v8tj9vg,Accord,29474,Brown
nwywoazajv,HR-V,25283,White
q1zde4doun,Accord Hybrid,36219,Black
r84o4ikruw,CR-V,33222,White
3odasv8no8,Prologue,49018,Blue
gqef8f35ad,Pilot,49834,Beige
ughsyq65x5,Civic Hybrid,25899,Brown
scaw5wotti,Ridgeline,43596,Green
s9vcwuiv92,Accord,22593,Red
quf7lqtjoj,Ridgeline,44594,Green
pj348o4opn,Ridgeline,39974,Yellow
dputbyoiso,Prologue,51431,Gray
urkr7iw9w9,Civic Hybrid,29189,Black
jmf0aeig59,CR-V Hybrid,35206,Gray
a32ujadhkw,Pilot,44132,Gray
bx2zsq6sgn,Ridgeline,38928,Yellow
ccs8s5bjjh,Civic,25700,Brown
yymou91ixy,HR-V,31502,White
1jyxmyuvwd,Prologue,54937,Blue
htr2ve8las,Civic Hybrid,30035,Beige
vpqgqmex3l,Accord Hybrid,30677,Black
jgimcfj4p6,CR-V Hybrid,32325,Gray
fpgiimx84a,Accord,32003,Brown
8xi2l36n78,CR-V,30848,Yellow
g9s6hxdr6l,Accord,34605,Gray
u4o73hem5o,CR-V Hybrid,38673,Red
pj3geo96r5,Passport,49304,Yellow
9azgfbgy2x,CR-V,37644,Green
utigkv7jjp,Pilot,43530,Gray
gldwlm67xu,Pilot,44288,Brown
savop00pox,Accord Hybrid,28104,Blue
hr6owrctpj,Prologue,56058,White
zqyks1phs6,Civic,15854,Red
tegmzzyzoa,CR-V,34234,Blue
8drtedlejx,Civic Hybrid,30936,Green
zrl16einan,Civic,22332,White
clhqtmden8,Pilot,47514,Silver
l6rmtnlt0b,Civic Hybrid,29000,Yellow
lfz7zqroxx,Passport,47466,Red
54shsiot9p,CR-V Hybrid,41683,Yellow
dgbujftmjn,Odyssey,41096,Brown
j8w34qzszc,Pilot,47394,Black
14lsuw49cc,Pilot,48455,Silver
bohdabpdtu,Prologue,48378,White
k99o0xg0vt,Pilot,50966,White
9tsloil2y2,Accord Hybrid,37941,Blue
95x90g2io4,Accord,23851,Red
3vqh6rndjw,Civic,24796,Yellow
q5pdfm4gua,Odyssey,38846,White
x3egxmd1yp,CR-V Hybrid,40063,Blue
aguv5xto6f,HR-V,25487,Yellow
vb2ox6fet5,HR-V,30565,Yellow
oxy8oamvuy,Ridgeline,47605,Silver
sz3nnhyahl,Accord,31437,Black
cmkhj6kugx,Prologue,50140,Green
xooyukyqkv,Civic Hybrid,31961,Gray
u65sbm4puo,CR-V Hybrid,38276,Gray
75vpwp0mko,Ridgeline,46028,Red
mvtqa0shka,CR-V Hybrid,41482,Yellow
s2w8lpfi86,Pilot,45448,White
m57cz2240s,Passport,48001,Gray
c58dbcce6i,Passport,48667,Silver
8zz44o7tov,Odyssey,39875,Brown
qira31t67j,Civic,19013,Yellow
c8wvmq344l,Ridgeline,47439,Silver
ncu879rano,CR-V Hybrid,38019,Green
a3d5wknuc4,Pilot,49926,White
ay0siqmndt,Accord,23129,Brown
6ru3uqbi7y,HR-V,30654,Blue
9zy1cx9qmr,Accord,28683,Blue
on5o5xt2po,Passport,42761,Brown
v0axv8dirg,HR-V,24117,Red
1fh3yzvcs0,Prologue,56013,Gray
vq6bnbeya9,Odyssey,42377,Red
0vfkpx2e0y,CR-V Hybrid,33763,Yellow
p1jj8rld02,Accord,29669,Blue
0rlr2xyyf3,Passport,49466,White
tsnahvvpbi,HR-V,28971,Yellow
q5a2e55vrx,Accord Hybrid,29096,Black
j8wfvecy5m,Accord,29957,Silver
qr25fvvo0q,Accord,24572,Beige
nf1w018c6r,Prologue,57827,Yellow
atrsra51tz,CR-V Hybrid,38188,Beige
6j42pg804u,HR-V,30278,Gray
4ecpmp4hcb,CR-V Hybrid,35858,Brown
48b33qe85w,Passport,49301,Silver
s40q1oh7no,Pilot,49909,Red
3hmaam7aqx,CR-V,29068,Black
qpa39mw1c2,Pilot,39841,Brown
qqh1w1kzni,CR-V Hybrid,33517,Green
glk7myey28,HR-V,31944,White
fzqfvovv1w,Odyssey,42455,Green
wnjoph1ykk,CR-V Hybrid,41828,Beige
2xmh3mc7m6,Pilot,45059,Silver
oc737cklvb,CR-V,32064,Gray
lbsexh8ta2,Odyssey,40084,Beige
k7dtwhkgb6,Passport,42840,Brown
a967jpm9dx,Accord,33301,Silver
ijfe7z5492,Passport,42235,Black
pnsikiryog,Passport,45244,Red
zpu3p335k5,Odyssey,38039,Yellow
x99zdm9pcs,Civic Hybrid,28087,Blue
3cyji3cxtq,Prologue,55820,Yellow
oqgbp0qheu,Accord,32136,Green
tq3dmigwo0,Accord,28531,Beige
ceu1q6bqq8,Ridgeline,45114,Blue
bzeolys3n0,Ridgeline,41604,Black
idnku8xpm9,Ridgeline,43218,White
jtseqcoe7r,Prologue,52271,Beige
xufqz36ze7,HR-V,28886,Beige
dwr60cmkta,Ridgeline,38397,Green
k9x9zw15e9,Prologue,54072,Beige
d4s7jmcbr8,Civic,18983,Blue
owfdnt2ck8,Odyssey,37397,Brown
sgzfcp1f48,Passport,43011,Beige
55emrce4sv,Civic Hybrid,26574,Beige
o65h07b72g,Civic Hybrid,26293,White
5gauamhqy5,CR-V Hybrid,35146,Red
4oo4s6d734,Passport,49413,Gray
nvjuy71afz,Civic,16856,Beige
dzhvd0j4kw,Civic Hybrid,28033,Black
p7wvcxim90,CR-V,29709,Yellow
xjmz3ssrx8,CR-V Hybrid,39132,Black
pexh1dfgv6,CR-V,37428,Silver
j9x6cra45n,CR-V Hybrid,32654,Silver
8ppm6fttcw,Passport,40416,Red
kmq6oaldb4,Pilot,44306,Black
mx95crnufw,Odyssey,47774,White
snnwsuwik1,Accord Hybrid,34665,White
hlqznh0pqq,Ridgeline,46236,Silver
cntwgjn2y0,CR-V,28890,Brown
a2nelsbp8t,Odyssey,39937,Beige
3jbd5im0nh,HR-V,24857,Blue
ehdq0hnvlk,Pilot,44922,Gray
ak1kwy8sia,Civic,19517,White
l3j08yelsm,Accord Hybrid,35925,Red
oosqoncq7j,CR-V,31266,Yellow
r0pvxkdwuv,Accord Hybrid,32946,Blue
dds2i50icb,Accord,26364,Gray
y4684n7zvj,Passport,44040,White
30ccio8px4,Accord Hybrid,34605,Gray
vequic1jr9,Passport,43696,Black
nfxubys6kr,Pilot,44293,Gray
k7539uxfw5,Accord,31783,Gray
bmcj2tp47o,Accord Hybrid,35818,Yellow
tij2hkx85f,Ridgeline,44682,White
w589mlvder,Civic,22487,Yellow
52vd5lyn6m,Passport,45064,Yellow
lw1x3mpryk,Prologue,56544,Brown
djqt19uz2f,Accord,25084,Blue
q35xzndzgm,Accord,29774,Brown
5hyxl88iw5,CR-V,31221,Blue
68fpuguzt5,CR-V Hybrid,38168,Silver
330p7yopzo,Ridgeline,42326,Silver
u6mx37itve,CR-V Hybrid,36843,Black
2w1x8tehk1,Passport,44853,Green
5w3eogr499,Civic,22993,Black
dicxc1lz3b,Pilot,39127,White
k9chsqc18y,HR-V,28755,Silver
eq846xppzt,Ridgeline,42315,Yellow
3pqpe8vkkp,Ridgeline,40327,Black
xky8o3ffh6,CR-V Hybrid,39110,Red
ogb4myhf3l,Pilot,48268,White
8rb4kno99y,CR-V,38342,Green
k4rom099d4,CR-V,30857,Brown
loausqx1r0,Pilot,48016,Blue
zs42ti78ib,Accord Hybrid,28204,Red
lik2wi3aec,Odyssey,46850,Silver
9z9mow6xnt,HR-V,27283,Red
8twwx2eew8,Pilot,40881,Brown
799lk526cs,Passport,42642,White
cvkhbsdq81,Pilot,45771,Black
00zorbkq1s,Civic Hybrid,31884,Green
dj95nt4ccz,Prologue,57824,Blue
ch6jmayhwn,CR-V Hybrid,34296,White
zsgy9czhdg,Ridgeline,40825,Beige
c0n8lfzctz,Accord Hybrid,37746,Green
t2ax5nxiz0,HR-V,26951,Yellow
4jpiet8zhf,Pilot,45361,Silver
1qoucq78av,CR-V Hybrid,37003,Beige
6kl4z2tzk0,Passport,40908,White
9vmxrshkgz,Prologue,51001,Silver
hl1hb2r3eo,Odyssey,39582,Black
vh55o5qilx,Civic Hybrid,26215,Beige
na0it8rz95,Pilot,44898,Gray
gvi8ikfkng,Prologue,50426,Blue
qb31uuw6e9,Ridgeline,41532,Green
7kgbdscxrf,Pilot,38036,Blue
a7rl7fglk2,Pilot,44466,Gray
u9pecnoka3,Odyssey,44557,Blue
9vmv45oqzo,HR-V,25909,Blue
t4y5g1apvc,HR-V,30728,Brown
xpo9r1kbxl,Accord Hybrid,32513,Green
rn7z1oi38w,CR-V,28360,Red
waoijeqwcc,Accord Hybrid,34760,Green
vjhqp2jh4a,Prologue,52297,Silver
11slgrpj38,Prologue,52853,Silver
neg8zee2hq,HR-V,27951,Silver
nkex6fouvh,HR-V,29558,Silver
mbzwco9rqp,Civic Hybrid,30278,Beige
009zjt9xxn,Accord,22398,Silver
8p0qpb9lym,CR-V Hybrid,41174,Yellow
qj97mzziqd,Ridgeline,38756,Gray
c38uythu25,Civic Hybrid,31176,White
2qsye8eiog,Prologue,56142,Beige
c5jla5fdth,Prologue,50942,Brown
sckap10a0g,Ridgeline,42629,Beige
emuqeof9bw,Accord,27052,Green
hu2evkuqhw,Passport,41711,Beige
vjtjovzf20,CR-V,34492,Gray
m7cz9zmut4,Prologue,49924,Green
9xa70dxvoa,CR-V Hybrid,32691,Gray
3bfemxgiht,Odyssey,44855,Gray
oe1ljh7qmw,CR-V,29336,Blue
0lt9qgebmv,Pilot,48051,Green
deziz7qdp8,Civic,15979,Silver
n70mextt0t,Civic Hybrid,26539,Green
yvw4o5t8f5,Pilot,42073,Brown
tp269erkdn,Prologue,55146,Blue
10tyi1udyy,Ridgeline,40796,Brown
0e68jrmmd0,HR-V,31023,Silver
xhxaunl4a6,Accord Hybrid,35732,Black
4zhj2gj05h,Pilot,42994,Brown
ljku2be73w,Passport,47749,White
3tyfxb2oj8,Accord,32061,Blue
f58xbcpt08,CR-V,35396,Silver
6xnigtsgie,CR-V Hybrid,34818,Blue
8c6r4wmg01,Passport,45185,Silver
2elsxb7ruv,Odyssey,44220,Green
0g6tr8gqf2,Civic Hybrid,30016,Brown
ivv9y270rr,Odyssey,41263,White
2u22kvgn40,Odyssey,38404,Beige
15ay3nhv8z,CR-V Hybrid,39382,Beige
g98ft5gk9x,Odyssey,35479,Black
lfy3xvfr63,Prologue,51812,Black
xc6c49in7s,Passport,47662,White
uf2jy6pkr6,Prologue,57754,White
ppth4nev84,Odyssey,45150,Beige
3vumdcwo6f,HR-V,25165,White
d89ucegmn5,Ridgeline,46057,Beige
w799vns67g,CR-V Hybrid,41080,Brown
mcxo22tyl4,Accord Hybrid,31506,Beige
0cg7wkq372,Pilot,47132,Blue
a10rmd0vmv,Ridgeline,45582,Black
lbucir6qgw,Civic,19845,Silver
nud2zifjr8,Civic,25086,Red
fzpqkgv1ek,Odyssey,42158,Silver
kgxqpmczpi,Prologue,55944,Green
5j5puftiwh,HR-V,31130,Yellow
0vtobnt36q,Pilot,45017,Beige
yw9339y6ih,CR-V Hybrid,40131,Yellow
9251g9n4sk,HR-V,31056,Beige
rlxb3stfj1,Accord Hybrid,34939,Silver
h4snk93wy6,Accord,33948,Gray
1wkk13vd34,Odyssey,43534,Black
3by3zz94pf,HR-V,29432,Black
henx0i7gqn,Ridgeline,40564,White
bvhby8ixed,Passport,41982,Red
3r8w25ew1l,Passport,43426,Silver
ery557k9cx,Accord,29516,White
uwbggkqbyg,Accord,29095,Red
mnxysn65t3,Pilot,38721,Silver
hrohg15ols,Odyssey,43578,White
985iajfzeu,Odyssey,37860,Black
6a2mfdxm6a,CR-V Hybrid,36698,Yellow
nm5dihzvhk,CR-V Hybrid,35736,Black
8rgmnq6u6o,Passport,44052,Blue
h7sdeiiz65,Passport,45062,Red
0c41dgsimb,Accord Hybrid,36425,Yellow
evfbmbp58y,Pilot,39011,Green
q079rhp58k,Accord,33865,Brown
cgut4uyitz,Accord,31384,Brown
07u69tdanz,Odyssey,42657,Yellow
ssxq7a2cdr,CR-V,31587,Gray
vnqdmtkenf,HR-V,30545,Gray
n2aq1nfa6i,Prologue,55165,Yellow
xfjirnwm1c,CR-V Hybrid,38462,Silver
xfualbepe1,CR-V,37250,Blue
ysj32v1akd,Civic,16006,Silver
seevk41hq1,Prologue,51331,Gray
1xobhu1iab,Passport,49632,White
t6wjptfpyz,Accord,34847,Black
goyf3k1bmf,Ridgeline,43931,Gray
g8mzbijkzn,Accord Hybrid,32094,White
8sfv1pc6ix,HR-V,31654,Yellow
gihnh9me97,Accord,34212,Black
vv5p7s5ata,CR-V Hybrid,35413,White
ya53k7nz97,Passport,44534,White
831j2ykw7t,Accord,31576,Yellow
jahxufosuf,CR-V Hybrid,35856,Beige
siupw8r7be,Accord,26054,Green
x57urkq4ij,CR-V,37775,Gray
ym529eftxw,HR-V,31045,Green
brjvi5drbu,CR-V Hybrid,36659,Gray
o8wpk2emb4,HR-V,28853,White
q6fymgtfwi,Pilot,39861,Brown
nh3q59mrxy,Pilot,44669,Blue
ze2bz497l7,Civic,26050,Beige
fexbmnsw06,Odyssey,36249,Brown
gsdpa85dlj,Pilot,38292,Red
z8oii4hvdf,HR-V,25298,Blue
lbxqf321hg,Civic Hybrid,27161,Brown
3astle7evf,Accord,34269,Gray
qiexc6g5po,Civic Hybrid,30466,Green
5diq3djy29,Ridgeline,43089,Red
c80vx2ef01,CR-V,34098,Silver
xe0jrvp96j,Prologue,56661,Beige
1cur0yg10f,CR-V Hybrid,39971,Blue
teb3khddgt,HR-V,27210,Yellow
lgq7xqk5s3,Accord Hybrid,33897,Blue
nhtg7pl9cf,Civic,23097,Brown
12hzhxh2dz,Odyssey,46112,Red
a4aiyxd0qp,Odyssey,45974,Red
072nd7yqv3,Odyssey,40309,Gray
5s8b0tqmd1,Passport,44066,Brown
230rejx8we,Ridgeline,41487,Yellow
obsrhzfydw,Passport,41368,White
53lm8grivz,Accord,25221,Black
mxcoaff9od,Prologue,50938,Black
620vvq7xhk,CR-V Hybrid,36274,Red
mzefvdvrxb,Odyssey,36375,White
4dwmfoe8al,Civic,20634,Gray
j0anggh33e,Ridgeline,41849,Blue
a90tjm775h,Civic Hybrid,28655,Green
buz3ebjqq6,Ridgeline,44310,Green
87zr50ijjk,Pilot,40331,Brown
ca7cjmke2d,Accord Hybrid,30079,Silver
sbrn4wi9ep,Accord,22812,Red
vlblon2wot,Accord Hybrid,32316,Silver
6s0mcqczf1,CR-V Hybrid,34603,Beige
xqmx92mson,Passport,43935,Red
gqv3xl2qby,Passport,47579,Yellow
0k3e9fvn50,Ridgeline,46793,Silver
5gfz3uygqs,HR-V,24023,Beige
et3b58iu0v,Odyssey,40942,Blue
kirl1pegi9,Accord,23065,Black
roekyxqaf8,Pilot,49258,Gray
psf32rsvr5,Accord Hybrid,34462,Red
kxb3b01yi7,Accord,30534,Blue
m5tign1iid,Prologue,55033,White
iffmi6axya,Civic,15506,White
8wtsb4r6ze,Accord,31951,White
vumg06bz8o,Ridgeline,42736,Brown
xlkezj9lj4,CR-V,33500,Black
dxmxraco9r,CR-V,31399,Beige
b16l23s5dj,CR-V,28257,White
4fgvcwb05c,Passport,43275,Black
is0c1x8el8,Pilot,50791,Black
93s3utd1v1,HR-V,26014,Brown
tqoyxpvhzf,Passport,41950,Black
yd1f8naazf,Pilot,40459,Red
csz516em7m,Accord,29853,Brown
z4lum4vr0m,Civic Hybrid,31926,Beige
7bllfey0fr,CR-V Hybrid,39443,Red
pmrv89neor,Accord,25357,Green
68cy4yneb2,Ridgeline,41324,Red
3vpk2ty1o1,Prologue,49207,White
6tisweyllv,Passport,45898,Brown
hq5zzg19l5,Accord,30068,Blue
gv89u89kuj,Civic Hybrid,30977,Gray
o4jz2u0v6j,Civic,21225,Brown
rf71cptai1,Ridgeline,45025,Red
6x02ij6zfi,Ridgeline,45096,Beige
9f38eusvd0,Civic,24566,Black
zq1yhgtdi1,Odyssey,41308,Red
bbcub65b46,Accord,25537,Brown
dn8v3cbhxm,CR-V,29367,Blue
p8debbkz5o,Civic Hybrid,29600,Blue
s0j7t5qxwt,HR-V,27602,Silver
zvwvxkd4zc,Passport,44352,Green
xm6m8e6wg2,Accord,23296,Brown
m460eqc587,Ridgeline,46642,Brown
jix3322ntf,CR-V,32318,Yellow
o41x06ne2a,Passport,47807,Silver
a75f64206n,HR-V,26103,Silver
vc4dhc3d0w,HR-V,24885,Yellow
lcvnxu518z,Odyssey,40950,Green
u4cbvrhl69,Pilot,47748,Black
xrmyroiom0,HR-V,26404,Yellow
mbljktmjpc,Ridgeline,46288,Beige
l0owgvzj2a,Pilot,43721,Black
w517mn4khk,Pilot,38759,Blue
9ui642iiyr,Accord Hybrid,30374,White
s2l0pbkwoy,Civic,26493,Green
h3muzpvfvt,Accord,33652,Brown
atjoe6i152,CR-V Hybrid,34162,Red
1e2b88muxr,Ridgeline,45913,Beige
dw1krj7ns3,CR-V Hybrid,41442,Silver
lj4vdlxx82,Accord Hybrid,30815,Silver
a8s0dhq2mg,Accord Hybrid,35593,Brown
47aia6xc1t,CR-V Hybrid,32613,Beige
ukvwtcz2tj,Prologue,49972,Blue
ozku8h72ai,Ridgeline,44757,Beige
271gfutz40,CR-V Hybrid,37963,Blue
az9jgw6v6w,HR-V,29160,Black
9yjnyd4wpg,Passport,43694,Blue
4fcedrw5ie,Prologue,57318,Silver
v6gp46jl8x,Ridgeline,43801,Brown
ugr8areuua,CR-V Hybrid,36261,Gray
a2ye58okbd,CR-V Hybrid,40430,Brown
t1so8xhand,Accord,34682,Gray
kil4liy3s9,Odyssey,35801,Yellow
ncqcmkzahg,Accord Hybrid,34296,Silver
bvxbcslwdq,Civic,17248,Black
kq9krka9xq,Accord Hybrid,31857,Silver
sjivwnywp2,CR-V,33516,Brown
6teas6y2kf,CR-V Hybrid,38039,Beige
vhl5sk72gv,Pilot,46841,Beige
95742vjym7,CR-V Hybrid,38091,Silver
8zkg1zicte,Ridgeline,45060,Blue
34r9ug1d2l,Civic Hybrid,30739,Beige
hsxall6dll,Odyssey,44613,Black
1ybfuu3at1,Pilot,43740,Red
o2ukbj5yum,Odyssey,44267,Silver
glisbtcmq2,Prologue,54233,Beige
6iubmbeitm,Accord Hybrid,28213,Silver
aigcqq39nk,Civic Hybrid,25993,Green
ji56b7ckv0,Civic,19411,Blue
6mrih613t3,CR-V Hybrid,40628,Blue
qu75pu4kbm,CR-V,29257,Beige
9jr2mb57b0,CR-V,28628,Brown
fp0qwp2ff4,Ridgeline,38483,Gray
yazhl7zba4,Accord,28975,Green
hshhbnptxb,CR-V,31465,Gray
xt0raghwme,Civic,21696,Beige
cebor7k6vq,Civic Hybrid,29954,Blue
cdij3kjkof,Accord Hybrid,35809,White
w6oekml2kf,Ridgeline,40868,Yellow
zkgcy8xsk0,Civic Hybrid,27735,Silver
snzu1i8135,Odyssey,45419,Green
bfcnjh7zk9,Civic Hybrid,26491,Brown
taolaqmwmx,Pilot,51185,White
euuwdxjl2k,CR-V Hybrid,40469,Green
6oi1imu3u4,Civic Hybrid,26586,Gray
hk2vfl2dc3,Accord,23809,Silver
u1oy4dql23,Prologue,54357,Red
0pz1nvsdj3,Accord Hybrid,28725,Gray
rhd3wix2j5,Accord Hybrid,37958,Brown
4mgznjy0cz,Prologue,49387,Brown
sj0a14l2pq,HR-V,27945,Brown
h92dxv2eyn,Prologue,54827,Silver
5wl2gov841,Prologue,49824,Yellow
zb1lzzbcy0,Civic,16898,Blue
ypkirierpt,Odyssey,42495,White
gfwo3u09ka,CR-V,36713,Green
yqn92i4tet,CR-V,35258,Green
kxpgmi3aco,Civic Hybrid,30180,Green
y0hee7ncnf,Ridgeline,47719,Black
ewvkbx9zjq,Pilot,39740,White
u709d5q4wm,Pilot,50649,Black
nwzviam86t,Pilot,46681,Black
bwpm019k5h,Accord Hybrid,33213,Yellow
fk8ymz6h1p,Civic,25184,Gray
u9rs585qw5,Accord,28127,Silver
vy5ysz3gxq,Pilot,44388,Blue
aropndyze8,Accord,31461,Black
o876l02dxt,Ridgeline,43338,Black
r5ctpsn9rs,Prologue,56778,Beige
blk1v8ehzu,HR-V,28971,Yellow
q3c7qmtu6y,CR-V Hybrid,39074,Gray
rp0zki2605,Accord Hybrid,32023,Green
l9c7ui6j5c,HR-V,29748,Black
ugv8mv1ca4,Odyssey,41344,Beige
smaoh91mgp,Passport,42517,Gray
1s3relbzng,Prologue,53810,Beige
8qnwaiga9p,Accord Hybrid,32753,Yellow
envqp9l6uy,Accord Hybrid,35939,Gray
gi4a0fqg3p,Pilot,50588,Black
qhx5u1yt24,Prologue,49765,Blue
bgzrblefmu,Civic Hybrid,28678,Gray
ckm97recs3,Accord Hybrid,36265,Silver
2234gpt963,Prologue,54521,Brown
3un0mngn3p,Civic Hybrid,27273,Silver
we9gr7dhob,Civic,18409,Brown
cxudh1colr,CR-V,34480,Black
1rpkl3de9p,Civic,24837,Green
k5amyyiint,Ridgeline,39026,Red
xhv5ysxrae,Civic,17112,Gray
96s34iu0bm,Prologue,57057,Brown
hugqy7ard2,CR-V Hybrid,40034,Black
882b5lr3ew,CR-V,32499,Green
3t440qaqbf,CR-V Hybrid,38587,Gray
krmcm7xdqd,Odyssey,38892,Beige
5xs2av30jx,Civic Hybrid,30687,Beige
6hyn5vfgbz,Civic,22086,White
eqk7lljr6c,CR-V,38757,Black
bbsf1spi8n,Civic,17486,Red
jmc8ofxkg5,Passport,45260,Black
cf2hsy6ote,CR-V Hybrid,38130,Gray
satjf718l5,Civic,18550,Green
1fi3ca7ict,Prologue,56250,Green
g8trzxb5e5,CR-V Hybrid,37081,Brown
od25taabcj,Ridgeline,41879,Black
dfgohejbbk,Civic Hybrid,31115,Green
tabhko3n59,Civic Hybrid,27728,Beige
i24jprygpl,HR-V,28110,White
1uq5d3rbc0,Prologue,55703,Silver
6emsg74lje,Pilot,51474,Brown
pg00kme4v9,Odyssey,46833,Black
b8zkrlsb3t,CR-V,39609,Beige
0p7vyuakpf,Accord,26952,Brown
7lvjjg3e3o,Accord Hybrid,34653,Red
l8gfm3aow1,Civic Hybrid,31842,Black
rko841fk4z,Passport,41844,Yellow
m4h73op3k4,CR-V,33641,Gray
gj4flf0ejt,Accord,28584,Gray
v0s30wxe84,Accord,25876,Blue
xb4dirglt4,Civic,18461,Beige
w9zi9ai0uw,Civic Hybrid,27524,Silver
eimga6ouzx,Passport,43478,Beige
ibwe6b4ab3,Civic Hybrid,25093,Black
skfrtnpo9q,Ridgeline,43558,Silver
pg0qg71d3s,CR-V Hybrid,41536,Red
59m41npowy,Accord Hybrid,29113,Beige
t7gw1b66n0,CR-V,39166,Black
hmimjbnqvi,Prologue,48948,Yellow
f1buwccvxe,Civic,17610,Green
i0ija8d4h5,CR-V Hybrid,33823,Brown
7mlgrrc7wx,CR-V,32050,Yellow
p493kcpm0h,CR-V Hybrid,40843,Black
edulkw70mf,CR-V,34568,Gray
bz4lvzqmhr,Passport,41686,Silver
idl4lv026v,HR-V,31029,Silver
3az9rsqmka,Accord Hybrid,29708,Yellow
n3m54s1pl5,HR-V,29351,Black
x2jptlwyb7,Ridgeline,41682,White
wimidqmt4w,Civic,27473,Silver
lskleghprr,Prologue,49484,Green
lmtb60bta4,Prologue,56677,Gray
a4agetk7nt,Passport,46575,Black
pdkfjhmvw0,Civic Hybrid,31898,Black
50kxla2w4z,Accord,24448,Blue
ic0nnt2ia7,Accord Hybrid,33938,Brown
i19pfry8q0,Passport,48906,Yellow
2u4zlevnil,CR-V Hybrid,34693,Gray
jk7nthl2we,Accord,31967,Black
9e8l8sywgf,CR-V,32164,Beige
542zmjuj9q,HR-V,30573,Yellow
0n67t44lf8,Prologue,56764,Green
zi17uaoj42,Ridgeline,47731,Blue
erjme40opg,Pilot,44594,Silver
78xnwje3xh,CR-V Hybrid,35423,Green
x9a7aoa3d6,CR-V Hybrid,37841,Gray
1f9oz5y0a8,Passport,44562,Gray
xzbs5unaq0,Civic Hybrid,28326,Red
0fna41xpjm,Pilot,50665,Gray
5bvguil8b6,Odyssey,41597,Green
c61jpgcjir,HR-V,27423,Brown
vehz811953,HR-V,31661,Gray
vwv7noyukd,Prologue,50416,Black
rr133j8q87,Odyssey,39901,Silver
4g1a9q0k62,Passport,42615,Green
ii41empfwa,Pilot,46822,Blue
x2hmqw8p19,Odyssey,40118,Gray
l29xrxqkpd,CR-V Hybrid,36165,Yellow
wzphtzirgr,Odyssey,42178,Green
rqx6iikxkg,Passport,48790,Gray
5aepuu9mg1,CR-V Hybrid,36371,Silver
0af2wfb4p7,Civic,16575,Yellow
cdhq8vdl10,CR-V Hybrid,36663,Silver
ba2dnvvtfw,HR-V,30145,White
iayhw92n8s,CR-V Hybrid,40194,Red
cscpnh0n19,Prologue,51251,Gray
94r2lnq8ys,Odyssey,47876,Black
gprz2c1shx,Accord,25987,Black
ljbwvyygsl,Passport,40963,Brown
qvkqtgzt1s,Civic,17947,White
gd6ji4svb4,Passport,40324,Blue
7za1gjhmhw,Odyssey,44127,Silver
daf7w2o4hz,Civic Hybrid,27889,Silver
7tnilo3m5p,Civic Hybrid,26769,Red
6pinyi11ne,Civic,23992,Black
jgsb9lzhbt,Passport,48586,Brown
j9zj0mk6hg,HR-V,28143,Black
0pjxqoxhjr,HR-V,26633,Black
itwlihqvjc,CR-V Hybrid,35780,Red
qcry9xxwhn,Ridgeline,39889,Yellow
dt5yzsl4p9,Prologue,55406,Brown
6grb5z1s8u,Accord Hybrid,37344,Green
om5cl1p3ji,CR-V Hybrid,33928,Gray
9c1s2ooh50,Civic,18314,White
brps46vcxx,Civic,15397,Silver
n4fsrw8muv,CR-V Hybrid,40106,Silver
369gp4buvz,Odyssey,37992,Black
a1ydzudcy1,Passport,45654,Silver
i9iz1m2wsx,CR-V,37513,White
8jj6vuznft,Odyssey,40948,Beige
0taktue5i7,Passport,45208,Black
24n427q3nd,Ridgeline,47812,Brown
3o6b86rwf3,CR-V,39546,Brown
gfjwm52wb5,CR-V,32091,Gray
d167zkmmjs,CR-V,33511,Green
nd6bew63nk,CR-V,32432,Blue
z8xlzmzjsi,HR-V,24543,Gray
ctf1ug549x,Accord,24642,Silver
w41tycjxyd,Prologue,49593,Silver
4ghnywcejq,Civic Hybrid,29700,Brown
mti7y9urit,Accord,25982,Brown
hhcm3oorep,Prologue,51309,Silver
7dxwrfzhxo,Civic,26490,Beige
65defo7kno,CR-V,28811,Beige
ivk3ny5hd9,CR-V Hybrid,41405,Beige
mp8qsf1nas,Prologue,53233,White
7g89hw7zav,Accord Hybrid,36244,Green
3wmqf2cuyn,HR-V,27891,Gray
7922m7kwah,Passport,47136,White
nujr6dsx0m,Civic,21758,Yellow
061s3ur5e5,Pilot,44524,Red
a0qaqplf3q,Civic Hybrid,31609,Beige
hqfix3jj4d,Civic,15627,Red
33mm7qgecq,HR-V,24554,Red
cx3ofn2wz3,Prologue,49823,Green
qg6putnhw5,Passport,46070,Green
5eo1t26rc5,CR-V Hybrid,40387,Green
nggddaegfi,Accord Hybrid,31018,Beige
46vvkvziz2,Accord Hybrid,28964,Blue
kneu6b8qit,Civic Hybrid,28268,Blue
xy17s630q1,Passport,42005,Gray
9yvydctls0,Civic,26117,Beige
tzhvwo7ye9,CR-V Hybrid,41424,Blue
3uy45yjffo,CR-V Hybrid,35963,Red
iuewpqghbv,Prologue,57460,Blue
zt3o9e12v2,CR-V Hybrid,40078,Brown
3dbp745h4p,Civic,24476,Beige
6li8jpivea,Passport,42224,Gray
s2r14bb87g,Passport,43830,Red
6zleqfjih9,Prologue,57278,Blue
w409n0cqtj,Accord Hybrid,29608,Black
4vmbzzz4yu,Passport,48639,Silver
oifxocw9wt,Passport,41175,Blue
0qz4p9jszt,Accord,28739,Gray
p38saomq7o,Civic,19691,Red
buxivouwgd,Prologue,52699,Gray
qj678dwqas,Ridgeline,38229,Red
cbgd6z5mvf,Ridgeline,44712,Silver
y8mxdblc8k,Accord,24557,Red
s4hjamt3qj,CR-V Hybrid,41747,Beige
9h6a7hfndh,Passport,47264,Brown
7a1l3cj0fs,HR-V,26642,Brown
h5fpxzisbz,Civic Hybrid,28374,Beige
h16y4beppk,Civic Hybrid,25063,Silver
5pw03qnyfm,Accord,32767,Brown
mn6ni7nj70,Accord Hybrid,30713,Blue
2w39pcdbal,HR-V,28103,Beige
hhqeh47nsd,Accord Hybrid,34645,Yellow
0k5vzikblw,CR-V Hybrid,35675,Silver
jwgv1yiu30,Civic Hybrid,31359,Yellow
snm5qnzcmz,HR-V,30691,Silver
nk077fuhdi,Prologue,52129,Beige
i84gf8la8n,HR-V,31224,Silver
sab5k0jrk0,Odyssey,38350,Beige
3bzjf5n850,CR-V Hybrid,38103,Red
97k9ylg39k,CR-V Hybrid,35729,Yellow
hh33kcjlyi,Civic Hybrid,29402,Green
jc35msclh3,Civic,19377,White
mppcwja9q5,Odyssey,36655,Yellow
xc51lupe5o,Civic,15755,Red
o8zjfabqav,Civic,18148,Brown
h4dbzvi9w3,Prologue,54230,White
vcxlvebhwb,Pilot,50064,Blue
v9nhzdyn47,CR-V,38265,Silver
tdufzalqm5,Odyssey,39039,Gray
plk23whm7l,CR-V,38200,Green
hu20zjrcp0,Passport,43816,White
4sgpaxfmcx,Accord Hybrid,32490,Red
ph1uvuudwm,CR-V Hybrid,35495,Silver
1ikox392o9,Odyssey,45357,Brown
yazfympbgj,CR-V Hybrid,37685,Gray
qdk60i22u6,Passport,41025,Green
t1qtavreu5,Passport,42542,Silver
c18f04kgqw,Civic,18826,Green
la11yul1k8,Prologue,49909,Green
gl1n1zp9xm,Civic,18470,White
4z66ppzjuu,Civic Hybrid,25235,White
m5e8b125qi,Civic,20601,Brown
pfktrbihg3,Accord Hybrid,31453,Red
ydau2w5re8,CR-V Hybrid,39436,Silver
l8cihmns90,Civic Hybrid,29974,White
al9pyhcbqs,Prologue,52657,Silver
k4shvhhq84,Passport,47821,Green
ccd6ennl3b,Accord Hybrid,29200,Silver
j4h72pbmis,CR-V Hybrid,38674,Blue
oiem1temof,HR-V,26433,Silver
vtd04zgsnp,CR-V,30197,Black
612ltjth8o,CR-V Hybrid,32042,Silver
pitdvi8ng9,HR-V,28775,Black
bgnya239mc,Odyssey,36646,Blue
x1kpm3p5ff,CR-V,35510,Green
1cmhtfugg5,Prologue,56569,Blue
tgbikj6lh2,Pilot,42535,White
bniluu9axr,Accord,30888,Blue
gz12j1vsf9,Accord Hybrid,29771,Brown
7nikmk8q9q,Prologue,48474,Silver
dsy6fnf0dy,Ridgeline,44603,Gray
t9rg6mk1qh,Civic,26666,Beige
8f6660df8p,Pilot,39762,Beige
ts7d9nt3rg,Prologue,49016,Blue
evdf0fgxu4,Pilot,42208,Beige
pi0qqvao4i,Passport,49121,Blue
7b5bbhqucd,Odyssey,38517,Yellow
h2cysrm9lo,Accord Hybrid,31644,Red
sxk3fd5iih,Odyssey,35286,Brown
ldyhxcekxs,Accord Hybrid,32754,Yellow
sttjobd6s0,CR-V Hybrid,36048,Blue
ebh7omd9xg,HR-V,29788,White
u9w5fyojbf,CR-V,32364,Brown
5l4xxlksoi,Pilot,39583,Beige
1kv4czpu7r,CR-V Hybrid,40262,Brown
kc3j9z84jy,Civic,21072,Blue
zidvg0x30p,CR-V Hybrid,33030,Black
xxxb7k1ykp,Civic,26177,Brown
pkd2kjj04b,CR-V Hybrid,35857,Red
d0awpawonh,Ridgeline,43467,White
ji8940swdx,Accord Hybrid,36684,Yellow
th4ovnipso,Passport,43413,Green
5wz3uxcs3m,HR-V,26863,Blue
te2urkg6lh,HR-V,30594,Blue
qosb5crq3g,CR-V Hybrid,40115,Brown
6p6fe061e4,CR-V,39343,White
18t4yvh9as,Civic Hybrid,29266,Red
2dzsk2y3xe,Odyssey,43474,Brown
dl7qk1zcvh,Accord Hybrid,32495,Yellow
0kdcj3qmc9,CR-V,36354,Blue
ae5lhi7ia1,Accord,34927,White
hkh57xsiew,Passport,47911,Yellow
h7ifj74i88,HR-V,29616,Black
uez9rboy8c,Accord Hybrid,32338,Red
ck7mvv5k0q,Passport,42618,Blue
ak575t3xvc,Civic Hybrid,27394,Yellow
hap95g8t75,Ridgeline,45235,Brown
rd0xfx2otp,Ridgeline,38508,Yellow
bt39wxk2ap,Accord Hybrid,36020,Brown
dj1tmhi4ws,Odyssey,38464,White
3vcror9ajs,Civic,18969,Green
03p2lew73a,Civic,18376,Yellow
0jysmi1e9l,Civic,21319,Beige
12yzqie4c1,Civic,24691,Yellow
7c967td4u1,Accord Hybrid,31224,Red
68oeqb5x58,Civic Hybrid,28415,Blue
p5vnhy0vv7,Accord Hybrid,28479,Black
tdgtmo0q1c,Prologue,54100,Green
u2j8fknhyt,Odyssey,47449,Green
4prgmb6ts3,CR-V Hybrid,40542,Blue
iirtcxncqy,Ridgeline,43156,Brown
5czbte7fhd,CR-V,32352,Yellow
pqqh8j8lca,CR-V Hybrid,39497,Brown
0nzt4d6c64,Odyssey,45375,Brown
iu5t5dnlev,Accord,27176,Red
jwo0orkrdx,Ridgeline,41512,Red
75purh1dys,CR-V,34515,Yellow
snw5v56kli,Accord Hybrid,30412,Gray
4x5y9m53mx,Civic Hybrid,30021,Blue
01159vjlb7,Passport,43210,Brown
7s485f2268,Accord Hybrid,30751,Red
kssu4qz8ct,CR-V,31772,Beige
d484gbw919,Civic,24465,Green
ryia723r4u,Prologue,53902,White
mnpae9oxcm,Ridgeline,43766,Silver
c9yzhsxj6o,Ridgeline,47072,White
lkixo28z20,HR-V,25144,Brown
24tmic7t2g,Pilot,41414,Silver
r9t3skvstl,Accord Hybrid,29314,Gray
rzq3d6jnil,CR-V Hybrid,38993,Yellow
lnijy1rqia,HR-V,28288,Black
sroeuppgu3,CR-V Hybrid,38364,White
90sa407y85,HR-V,25885,Yellow
jml210mmjd,HR-V,24334,Red
t7nvxbt24w,HR-V,30706,Blue
ilv29boyia,Passport,48724,Black
lyaepb7692,HR-V,25391,Gray
djh761df4p,HR-V,24042,Red
smwlr1jv90,Prologue,57215,White
pzd56filc0,Accord,34128,Black
ukmky4pzrx,Prologue,52849,Brown
2gwb0whn4m,CR-V,31927,Green
3ee9zwbd3l,CR-V,36149,Yellow
nawjx18y5j,CR-V Hybrid,36401,Red
71ag5mnjzk,Prologue,53669,White
m2ka6sykca,Civic Hybrid,25069,Brown
wiu2yh3xvq,Accord Hybrid,34878,Beige
gtioc2i2l9,Accord Hybrid,30374,Beige
waonpyn9dr,Pilot,46803,Yellow
558tf3899y,Passport,46096,Blue
j6db9fmov1,Odyssey,39397,Yellow
5jxgt4uddx,Civic,24009,Black
nj3r6ceqy3,Pilot,40900,Green
bdp0wc0qwk,Pilot,49998,Red
7koh71il29,Pilot,51533,Green
rpbegx31kz,Civic,23934,Gray
rkvt9w621v,Accord Hybrid,28655,White
6z6j9pcxvh,HR-V,27537,Silver
ih07e0nmvu,Civic,23150,Black
gwsnf2kig2,Accord,32447,Blue
r8rac15ok0,HR-V,31079,Beige
rkzq8z9a1h,Prologue,49610,Green
l9fvq7gdo6,CR-V Hybrid,41255,Red
gpjzdhbhas,Civic Hybrid,27048,Red
8lnwjoggac,HR-V,26189,Brown
j8cgumybk1,CR-V,35802,Yellow
t3bgjmhng3,CR-V,32286,Beige
n1iif6zwdn,CR-V,35472,Brown
kyry6js8gk,Ridgeline,47986,Green
ocpzfsb4b9,Civic Hybrid,29728,Green
apjs9ewsf9,Odyssey,36716,Green
2edt561cz4,Odyssey,47487,Gray
n0p6go68ei,Civic Hybrid,31322,Gray
dc8cqf1o10,Odyssey,41264,Gray
4zw9323asu,Odyssey,35571,White
6e7ius8kw2,Odyssey,45180,Green
ucd1p9e9qo,Passport,47796,Blue
0ua6h3t78i,Civic,26943,Gray
sw6czu6ynw,Pilot,46033,Yellow
ixayntfnzz,CR-V,31717,White
bumbn6kly7,Accord,30821,Beige
62pa32nnel,Civic Hybrid,31395,Blue
s407jrg3dk,Civic,21095,White
k0a0ozqjkt,HR-V,26017,Brown
h0etar83h5,Civic,20704,Gray
49rif5basx,Pilot,44992,Yellow
c588mnihmg,Passport,46735,Red
njh7p12xsa,Accord,30219,Red
h7luzr62to,Accord Hybrid,35273,Red
2b65rvvd86,Civic Hybrid,25920,Red
a4y1cfdcsv,HR-V,27172,Beige
x0oh0cxu61,Accord Hybrid,31984,Red
itpghkonv7,Civic Hybrid,26152,Blue
fcaeyk1c29,Pilot,48962,Beige
9vo3is6p5f,CR-V,31227,Brown
fecykxhf4l,CR-V Hybrid,37507,Brown
5zouxbpyuj,Ridgeline,40144,Black
ppcyqpxkmr,Accord,32951,Blue
02yly3fzzq,Passport,45153,Black
a516ux2yfg,Accord Hybrid,35899,Green
5nvhg5x56i,Civic,20844,Brown
128uehdls7,HR-V,29133,Beige
g3gfs1o7fm,Passport,44215,Black
5drl7kq2qz,Pilot,49456,Brown
50yy78node,CR-V,35634,Yellow
oubvovnyfa,Accord,27472,Green
4u6bog14x5,Accord,34811,Brown
2crgo95j7b,Prologue,50248,White
kpnz2y9frt,HR-V,25025,Red
yrgncgtieb,Accord Hybrid,36612,Yellow
gu290657ql,Civic Hybrid,29621,Silver
nigymppzqa,Prologue,50519,White
ycte7subo9,Accord,22841,Green
s4bp7mylx3,HR-V,24138,Beige
vkcs18je97,HR-V,25978,Silver
2bwv7p87aj,CR-V Hybrid,36591,Blue
myetl8o2a9,Accord,27612,Black
ot8tavsq0z,CR-V Hybrid,38852,Beige
vlsnz3uaky,Civic,18262,Blue
ml29skgpzu,Accord Hybrid,35140,Beige
dbcz669p8x,Passport,46017,Gray
leune3x86q,Ridgeline,46415,Black
ifjw9ae2pw,Civic,22241,Green
erg6eq8eh4,Passport,48722,Gray
nrmk6o62se,Civic Hybrid,25289,Blue
7cxhkyfp85,Accord Hybrid,37028,Blue
bymj2j0rh8,Accord Hybrid,35921,Blue
xfjq9fu49u,Accord Hybrid,36372,Green
905sxyh7y1,Accord,23088,Red
5hdsm2rsgr,Passport,42080,Brown
6kpbec3kku,Civic Hybrid,30872,Yellow
8rch5gzv01,Prologue,52172,Black
unvt3f5xy9,Accord Hybrid,37026,Green
vmip31f6bp,Civic Hybrid,30752,Red
78er4zbyls,Pilot,40774,Green
d6aui1duk5,Pilot,44615,Green
kifzthkbra,Civic,25735,Beige
791iwu2vkj,Accord,29870,Yellow
nuvjxe7tv0,Accord,34789,Blue
y7neiotx6d,HR-V,28001,Beige
ymzyf7c0gu,Prologue,48224,Gray
hwruovghy6,CR-V,31544,Green
a0gtz7n13c,Accord Hybrid,33474,Beige
eechki5wgn,Ridgeline,47674,Blue
rqcrukvvyk,Prologue,54235,Red
g25r6r4l0o,Pilot,50023,Blue
fdgt0ibv41,CR-V,29219,Silver
h772wsm7th,Ridgeline,38410,Yellow
y09clrw3ij,Odyssey,41180,Green
y90xvoyoxb,Odyssey,39564,Silver
1extxt0rjw,Accord,33145,Green
ds2hlg9nrr,Odyssey,38694,Gray
ovj7zegbi0,Ridgeline,42679,Silver
area5jn3p9,Accord Hybrid,29186,Blue
kzqx5vq4k3,Accord,28694,Silver
trxoshux4s,CR-V,31377,Brown
3tv7deg3at,Ridgeline,44889,White
knk1pbg8t7,Civic,24632,Brown
h82hahue6a,Accord Hybrid,29749,Gray
vmoxqk1fd1,Pilot,39228,Black
cqz8f57v77,Accord,32460,Beige
w6u7r4l0fx,Civic Hybrid,31158,White
uck4ovuvbj,Prologue,57972,Beige
de1i6r0wbf,HR-V,27071,Blue
r4ghx2p3ti,Pilot,42989,White
35sdcrf48t,Passport,49790,Red
qn9d2okhtm,Ridgeline,45592,Silver
mvyqecl3m9,Prologue,48397,Black
enjfllsu0u,HR-V,28300,Black
efsvv5eoya,Passport,43912,Green
2jp9n13r9o,HR-V,24426,Yellow
2vv5do0l3q,CR-V Hybrid,32414,Silver
p5vsxll9do,Prologue,48840,Green
hx3wwmglri,Civic Hybrid,26851,Beige
ufhvfjyqh8,Civic,19961,Beige
9h5x7wm97b,CR-V,30716,Beige
n30kmxpugz,Accord,33538,Blue
hvc15zmi5l,Passport,46561,Beige
2l60sw5vzb,CR-V,32643,Silver
51sykb3hpk,HR-V,29755,Beige
szcm8492qa,Passport,45670,Black
wgt32n1jkc,Pilot,46468,Red
owb7ijsqyk,Accord,32847,Beige
hla68srw09,Accord Hybrid,30265,Red
wzi8hf1ev7,Accord Hybrid,32318,Green
4menqff3cy,Accord,30315,Brown
mcqa2gp95n,Ridgeline,39553,Yellow
ts28r4wjiv,Passport,47295,Beige
0fy16735m7,Odyssey,45988,Beige
6r3pkxizwo,HR-V,31772,Brown
qk35ic1gfx,Civic Hybrid,26523,Red
2dwtdgpuxy,Passport,45327,Blue
fc4mr1f422,Passport,43796,Green
aiblcbggo1,Pilot,50505,Beige
8zo9a06uj0,Odyssey,45401,Gray
r20wjjf2iv,Prologue,52658,Blue
bneeesxwmq,Prologue,56744,Blue
4antphhkem,Pilot,48760,Silver
xouq6g7q72,Passport,42838,Silver
x2s36c1n1w,Odyssey,47163,Brown
bym6sko3lj,Pilot,42521,Black
24l9e79agc,Prologue,53277,Silver
5tjpjo3h0o,CR-V Hybrid,37613,Yellow
fjqzb94uw8,Accord Hybrid,31370,Blue
7ds367jwmr,Civic,15990,Brown
ogei3cbe5z,CR-V,35074,Black
mh7b1r5cqb,CR-V,39962,Silver
volhk9gc3t,Pilot,43148,Blue
3p1w5ejo8z,Civic Hybrid,29094,Brown
sr8qu7hpiq,Civic Hybrid,30516,Red
jxydfrt8z5,Civic Hybrid,31270,Gray
j8q8s8blrq,Odyssey,42438,Gray
98rx1xe3uo,Passport,44638,Red
u35y1x4xa2,Pilot,45753,Green
bas6ahvqk8,Ridgeline,38554,Gray
ke8y00mqjz,Civic,21739,Red
2xpqdjvhsb,Civic Hybrid,28481,Brown
wowjeq1aeb,Civic,26669,Silver
m7y99apeqa,Prologue,49797,Yellow
dlevdqcoj9,Civic,24349,White
pcs53dp13t,Civic,15089,Blue
v8rx1seq5a,Ridgeline,45539,Black
q290lfgy74,Civic Hybrid,28068,White
il71c1wjhh,Civic Hybrid,31331,Yellow
mvszpj6aug,CR-V Hybrid,32890,Silver
lrd7ziqbhv,Passport,44940,Red
ty9z5zsf94,Accord Hybrid,28691,Gray
i9m81d55m3,Passport,45742,Blue
8h08v9zn2m,Passport,45617,Blue
0d7827wqc0,Accord,27128,Gray
hdfq8432lh,HR-V,24409,White
1q1c78br45,CR-V,29418,White
gmt2u5kcmt,Prologue,48684,Yellow
2pr2klcpnj,Prologue,48720,Yellow
volb5tj9mw,Prologue,56120,Beige
9hl4siux36,Accord,28224,Green
4lro1htrnk,Accord Hybrid,31151,Yellow
s6iloctkgg,HR-V,27266,Beige
1znc1alxui,Ridgeline,42928,Black
ukc3m9yf50,HR-V,26416,Yellow
57ib12ved2,CR-V Hybrid,33290,Blue
3s5l7yvuq3,Accord,34092,Yellow
7xrypl2n13,Accord,27429,Black
4a1ermhonw,Passport,44797,Blue
17k23xhq96,CR-V,33425,Black
9orjal142q,Pilot,49650,Silver
qr6ggg9daf,Accord,24329,Red
8bx0v7tm8y,Accord,30708,Gray
hl931ahln1,Civic,27150,Black
gp3lw3g4aq,HR-V,28342,Blue
jnfuqk1uxv,Ridgeline,45413,Beige
lnlwqa77yz,Accord,32860,Silver
pcnop2z01z,Pilot,38078,Yellow
9br804zcdq,Civic,17207,Beige
eodyi8ooxj,Accord Hybrid,31583,Gray
i9sdeq6c9c,Pilot,50838,Red
omtn8ek8cz,Civic,24509,Beige
nej0042uex,Civic Hybrid,26279,Black
k8pr5zkitg,CR-V Hybrid,32951,Yellow
p18kqc45s6,CR-V Hybrid,32969,Beige
zrvivojn1i,HR-V,24316,White
wuhajilk75,Prologue,53640,Silver
230q3f3m98,Accord Hybrid,31424,Brown
xazx4jdukj,Civic,26380,Blue
b9o87lxwmh,Passport,46033,Yellow
nnastvgk71,Prologue,57228,Brown
4c6o8hpdn6,Civic,21130,Red
ommmfzk2by,Civic,27265,Silver
evjkp7weth,Odyssey,35218,Brown
zonp4hxen0,Passport,40998,Gray
jso7qd5dee,Pilot,38702,Silver
8fd363a2kv,Accord,33579,Red
wjo3czm1do,Civic Hybrid,26924,Yellow
0wlfw1vcsh,Odyssey,35859,Yellow
pxevkehpg2,Passport,42114,Green
s5fdyjbmhx,CR-V Hybrid,34433,Yellow
9gdgt2pzlc,Civic Hybrid,30240,Gray
7uhefq9xco,Accord,33764,Blue
w62ir535oh,Pilot,49166,Red
izogr6oxt3,HR-V,30494,Silver
h1i4z8rixr,Accord Hybrid,35857,Gray
x6v5jx6emk,CR-V,36689,Gray
a0q81kiwey,Civic Hybrid,27965,Red
8t52k3crcv,Civic,17212,Beige
8pe981nfyr,Civic,21698,Red
kbi6crjguc,Civic Hybrid,26767,Brown
k2pihkzs6t,CR-V,31377,Green
f2g39zwnbf,Passport,42785,Black
5mwdzax6li,CR-V,36777,Green
1lbt1j9bod,CR-V Hybrid,35171,Green
55h4oizde5,Pilot,49057,Silver
er1y9l5926,CR-V,37617,White
k3ydh7xdcr,Odyssey,42329,Silver
8zhxahnb67,Odyssey,39085,Green
m7x26xynz8,Pilot,46659,Beige
s9kbhu5er4,CR-V,32636,Gray
pdu4m3hl5s,Ridgeline,40674,Beige
s04pjbpizg,Accord,29340,White
vt7gc9z47f,Pilot,38113,Gray
b34luqami3,Civic Hybrid,25346,Gray
a60fvhh4sj,Civic,20944,Black
xyf6kl9d7k,CR-V,35183,White
25qve5d8qh,Accord Hybrid,30744,White
ofy1j0f8p0,Ridgeline,42182,Blue
ho73uef0xw,Civic Hybrid,27935,Blue
atpvjuyl0e,CR-V Hybrid,34057,Green
edf3j7d7dl,CR-V Hybrid,39864,Green
f4fxct3emv,HR-V,25773,Gray
go1k637trt,Accord,25836,Gray
u7elftsmki,CR-V Hybrid,34293,Black
crtrwdh38l,Passport,49425,Brown
xd095gdi4b,Passport,49972,White
frletmov8n,Ridgeline,47135,Gray
wg69ed9sij,Odyssey,37810,Silver
fuatwxx0jn,Civic Hybrid,30513,Gray
ebc4uewfzs,Passport,48383,White
w276igwruu,Civic Hybrid,29342,Gray
2degmokttp,Civic,15347,Blue
c4v0q6znos,Pilot,47807,Yellow
bpj2m4zdte,Prologue,48745,Black
y1xn2mub66,Pilot,40057,Beige
mgo2suh2jy,Civic,24880,Beige
2wbtnjvjzo,Passport,43229,Blue
sz1xtfi9zu,Ridgeline,41364,Green
l1fx42lcd3,Accord Hybrid,28543,Blue
73kyo1ar4v,Accord Hybrid,35943,Brown
cpdfh6ck8i,Accord Hybrid,31827,White
ranjv81f2n,Prologue,57958,Brown
0c03qkmzyq,CR-V,31164,Black
fdjxlvr33y,Accord Hybrid,34039,Beige
4s8ucib1bc,Pilot,48643,Blue
41b2xirc6l,CR-V Hybrid,41965,Blue
id9rz21o0k,Accord Hybrid,30885,Red
inr2uxytvm,Passport,49743,Beige
hldustmjmh,Accord,25409,Red
xfp0arp478,Prologue,54548,Gray
uz0v5bqfzf,Civic Hybrid,29254,Black
nwy6bhdvrx,Accord Hybrid,28978,Blue
qwk9nmlmwr,HR-V,30669,Gray
9283uo3bf1,Accord,29695,White
lv4cq71uzu,Civic,21366,Silver
woobogbb9i,Ridgeline,43661,Silver
vxasktcebc,CR-V,28743,Black
sos4kzwems,Accord Hybrid,33438,Red
22bjoki4vf,Odyssey,44510,Red
pdv8blob68,Civic,17611,Yellow
a04ny15fth,Ridgeline,47834,White
1f0sre1vy4,Passport,48040,Black
6lp2va09gs,Accord,32421,Black
aol86omc9f,CR-V,29925,White
ufonu05con,Passport,46911,Brown
1nq1uxmw32,HR-V,25785,Red
25qoedm5dw,HR-V,30378,Black
didzrhnzrb,Accord Hybrid,35092,Green
8da885vd0r,Ridgeline,39945,Blue
lv46u73qbi,Accord Hybrid,28483,Blue
dl338jn8qh,Civic,20436,Green
q82jfe51xp,CR-V Hybrid,33339,Red
44yrsby0hg,Civic,27831,Beige
mr4ogmtnf8,Odyssey,45231,Black
hfjgh2no3a,Odyssey,36217,Brown
4smclx1r6h,Ridgeline,40681,Red
279za97ftf,Passport,46915,Brown
w77nx9xud1,CR-V Hybrid,33754,Beige
ret6xqbdx9,Ridgeline,44314,White
6i5ia9cxe1,Pilot,43177,Beige
gpprnietzt,Passport,46305,Silver
wgrercrwd1,Accord,33947,Black
cug4stknoc,Prologue,56798,Brown
l9sjg12pg4,CR-V Hybrid,36166,Red
3j5s043hal,Odyssey,40106,Beige
5ohkb4hz1e,Ridgeline,46324,Red
bhe68qbycy,HR-V,28275,Red
k8g3ekqlwv,Accord Hybrid,30290,Yellow
lgdjsd9m8w,Ridgeline,46105,Black
f8lefe99d7,CR-V,35668,Black
bqfkqerqab,Passport,45854,Brown
v6881w5873,Ridgeline,46843,Gray
35yk05ecoz,Pilot,48060,Red
8f51sqvk8y,CR-V Hybrid,35338,Silver
pqc49qgwtf,Pilot,42080,White
mkdd9j7lzz,CR-V Hybrid,37123,Brown
6m9pn4qgui,Accord,28226,Silver
xjelgm1l0d,Prologue,56732,Yellow
jh6o79y5fq,Ridgeline,47313,Black
g07uiy0dlw,Civic,21411,Black
26livx4d45,Civic Hybrid,27401,Red
v4tmosivfs,CR-V Hybrid,36061,Black
7tmr3eqwbt,HR-V,25445,Blue
6krddvz54u,Civic Hybrid,25217,Silver
f74rflvb83,CR-V Hybrid,32312,Blue
8ci0yaiilw,Ridgeline,40714,Blue
b9ybj4elgl,Civic Hybrid,28497,Green
xq2nm0iuui,Pilot,45712,Brown
o4nijf57pw,HR-V,24917,Beige
eah7bxj9i7,Odyssey,37860,Red
dn8niifsi4,CR-V Hybrid,40193,Yellow
zkjqpu9xlq,CR-V,32825,Green
zy8psj71cs,Ridgeline,39565,Gray
skffhlj4wr,Pilot,41100,White
dc3wry7uzu,CR-V,30486,Beige
f3u1vnf7n3,HR-V,27688,Yellow
f5pwhdi9yr,Accord Hybrid,37676,Black
uj0ah2kmmz,Civic,24863,Green
nshiswmo9x,Ridgeline,38537,Black
z8l28hloyq,CR-V,29386,Silver
3mx8pqlei1,CR-V Hybrid,38692,Green
koyw36par3,Accord,24948,Black
tjm7t12sp0,Odyssey,45693,Red
ge9jrw8f0c,Ridgeline,42810,Beige
eut0ozc4zs,Ridgeline,38815,Green
l9x265gcs7,CR-V,33369,Green
84fwdpakw9,Civic,15111,Gray
lca085xuhp,Odyssey,44381,Yellow
0a801gei8k,Pilot,40333,Black
j0x9utw61d,Ridgeline,42025,Green
9wt1l7y70k,Accord,32033,Silver
h3l8qru4y1,Ridgeline,44503,Silver
e4m8jhhe4h,Accord,22972,Yellow
cdfh887xy8,CR-V Hybrid,37141,White
9zqivnu1sd,Civic,15231,Black
76kuv3tkla,Odyssey,37608,Black
zz79xl6twz,Civic Hybrid,26094,Beige
bsv2qd1ngu,Accord,25877,Yellow
pk6eknm2tz,CR-V,29734,Brown
s5sy0ssip8,Ridgeline,40975,Silver
25ccn6hsij,Accord,32660,Beige
nbi05bi764,Accord,34804,Silver
d1zn7wgplh,Pilot,38992,Yellow
up7wv6rrjj,Prologue,57447,Brown
isehhz00af,Prologue,53452,White
fahl8i9nxq,HR-V,30108,Blue
90t6it7l4i,HR-V,30548,Yellow
26ycrvo8rh,Accord,32872,Red
gdy3nv222l,Prologue,49210,Blue
16eldgb4cd,Ridgeline,40349,Green
ka7wq1ljgi,HR-V,29484,Yellow
zmm6yfjwic,HR-V,26431,Brown
jjgfb4ft0n,Passport,49810,Silver
xz8nexcpe2,Civic Hybrid,25911,Green
rdixiz2tu4,Accord Hybrid,31402,Black
2ewh96unjs,Ridgeline,47404,Black
e2utxp00s7,Civic,18197,Yellow
2yt0ufdmoy,Pilot,47204,White
4c3yo00abz,Ridgeline,39774,Gray
c5l0yho8ij,Accord,23619,Blue
8t0c0xo21s,CR-V Hybrid,35525,Blue
6584qswasr,CR-V,29925,Black
44wmqp9ykg,Accord,25212,Black
h2k68n1kfc,Civic Hybrid,26036,Green
nr869b72tf,Accord,25508,Black
aziqbt33c5,Passport,47661,Gray
nzizuroq0p,Civic,18690,Black
qo0ffjkg4g,HR-V,30556,Black
bvvmp484tz,HR-V,31705,Green
ms6uhaxw26,Ridgeline,39931,Brown
gic3dzych6,Accord Hybrid,28894,Blue
k7ohp22hun,Passport,47094,Yellow
xv915oj0ce,Pilot,39730,Black
3r6aq4a6ln,HR-V,25857,Black
eo5w7yqkyp,CR-V Hybrid,41128,Silver
3e3xdj3uzl,CR-V,36954,Gray
p19pk5zi2l,Ridgeline,46782,Yellow
0a7fwlqjwj,Civic,27076,White
9qbz6fmkrs,Civic,24960,Black
z9s891ahhi,Odyssey,45010,Green
iqtofs7sws,Odyssey,37783,White
up0jmpuczj,CR-V,28085,Black
ncf0dmq7b9,HR-V,29070,Beige
2qnglrmol4,Civic,23519,Beige
6gb35wlt8v,Prologue,51156,Brown
ig8u8hcf9k,CR-V Hybrid,39350,Brown
jv4ldenc4i,Odyssey,35540,Blue
0jitb888i2,Ridgeline,41276,Green
mm03x9p5zo,Odyssey,40664,Green
884ui3mh0b,Accord,34332,Gray
14re7zmlg1,Pilot,43179,Beige
h2ktq6s2mv,Ridgeline,44695,Brown
0hau6d8z4l,Odyssey,43153,Green
iuqpindfor,Prologue,53967,Green
f7khkcp7n5,Ridgeline,46926,Brown
mujlxmh8nz,Prologue,54718,Beige
as7nxtiexf,Accord,27976,Beige
l65pydx4mf,HR-V,29173,Black
m4legzgk4a,Accord Hybrid,28935,Brown
ydb4qokfu3,Odyssey,43736,Beige
036wu7dj3s,Passport,44863,Red
sqpel5fj76,Accord Hybrid,36947,White
ksuqs0nv1v,Civic,23668,White
bq7u72l6li,HR-V,27174,Blue
eu1nyy15zo,Civic Hybrid,25304,Red
ouks6lgm89,Civic Hybrid,30370,Blue
xnmpqpvehc,Accord,29736,Silver
ayphcn2wwl,Accord Hybrid,30339,Silver
hc0ox3qv4t,Ridgeline,45739,Beige
iciu63kwq4,Ridgeline,43929,Brown
fc48doi3ty,Pilot,44189,Yellow
cm4xqenbg6,Accord,23683,Brown
7k68t446nm,Passport,47053,Black
p8ta62vob9,CR-V,37495,Red
lspnrlg0kj,CR-V Hybrid,39957,Beige
0g1gxzz925,Prologue,49712,Brown
pni15hyzqh,Pilot,51456,Green
qhv61865pf,HR-V,31756,Blue
nq67qc5q8t,Accord,27306,Yellow
grnvxj8bhf,Passport,43709,Red
vgfc4ekgnv,Civic Hybrid,26313,Brown
zd2skelczn,CR-V,33329,Black
1scd0gyiwm,Accord Hybrid,33124,Silver
gx4xtkjsnd,Pilot,45250,Blue
pvc6659kxs,Odyssey,44421,Silver
idgy3ai64s,Accord,34662,White
dcluw3tao3,Passport,42810,Brown
ys2mujg2k0,Civic Hybrid,27724,Yellow
rf0zxxhtb1,Accord Hybrid,37091,Brown
jwp5h1948s,CR-V,39604,Silver
phiihmkx85,Ridgeline,38471,Black
kzj9l5mq8j,CR-V,39379,Beige
pm31ma2s3z,Accord,28832,White
cvt9ozb6u1,Ridgeline,45696,Red
f3ehriilz5,Accord Hybrid,36054,Beige
kgzr0x2dj6,Civic,20298,Brown
hxuqle1wce,CR-V,39001,Beige
rgr0b103xn,Accord,31462,Black
sqgyoqhzkn,CR-V Hybrid,33542,Blue
4xa9675mxs,Prologue,48519,Blue
zdnz9ni7gz,CR-V,36488,Green
9l77zm3m88,Pilot,39931,Red
qhaxgi9knh,HR-V,24965,Gray
niav7rsjjs,CR-V,28240,Beige
pcbazzpd1f,HR-V,27191,Silver
yjt14p9mp6,HR-V,25289,White
dphrl5hdxc,CR-V Hybrid,32272,Silver
hquxs7oy8l,Accord,23092,Brown
2ks1uq8i33,Prologue,55397,Blue
zrlvhl8tte,CR-V Hybrid,38924,Red
4mw5pze3yd,Accord Hybrid,30185,Red
vlz14r28cy,Passport,40089,Silver
l2um5l2zi5,HR-V,27978,Silver
h2xe2nfesj,Ridgeline,47296,Black
5ph745id86,Pilot,50842,White
nyu4d412bv,Passport,43572,White
7oisp3gt9n,Ridgeline,38284,Black
na82bq77m5,CR-V Hybrid,34688,Red
6qokjl03it,Pilot,41733,Brown
5pgblaitlt,HR-V,24577,Beige
xg8id7spok,Ridgeline,39709,Blue
ovag5xy5qo,Passport,45626,Red
losasmncvb,CR-V,29192,Gray
3oj5mirf6e,Accord,31064,Blue
19z47gxj4l,Civic Hybrid,29263,Black
hkiz15u5xk,Civic,24614,Silver
qld8dh40w5,Civic Hybrid,28124,Red
cbkklxpo40,Civic,17182,Blue
zcn7f8svqh,Accord Hybrid,34871,Gray
24ds9407ac,Odyssey,46976,Gray
mnz3xok974,Accord,23676,Beige
3hm0b0lc0w,Pilot,51486,White
bt7d2l7rmm,CR-V Hybrid,39806,Black
o02gna796z,Civic,21275,Green
nfxb83aq98,Prologue,51280,Blue
ntuo72hg73,Passport,43516,Gray
qzhiv5h9mq,HR-V,24040,White
f8lrh1qcli,Passport,40737,Gray
2svtyz44nb,Accord Hybrid,29877,White
mr939vdo3u,Odyssey,47753,Silver
gskft4edxi,HR-V,29748,White
6b4169nqxj,CR-V Hybrid,39117,Yellow
7zyhurvotl,CR-V,36638,Black
ftm2zf6cei,Prologue,52823,Red
0ivrn07v4a,CR-V Hybrid,35000,Brown
ukpl73usgi,CR-V Hybrid,40358,Brown
laetcswo6u,Accord,27836,Silver
em0zlc0593,Prologue,48907,Beige
imu295awb4,Accord Hybrid,37464,Red
3mrl4qlpte,Accord Hybrid,33434,Yellow
qfmzpo6be0,HR-V,30345,Brown
pwnbll2ccf,Odyssey,46600,Gray
81nwvlqjpi,Civic,27526,Black
ckrs0be8m2,Accord,27432,Gray
yu8h6bfubl,Accord,23783,Brown
yx6qcna036,Accord Hybrid,35059,Gray
536ek0529z,Civic Hybrid,29037,Silver
pz0r8unzmd,CR-V,33828,Blue
2tpeiktu11,Civic Hybrid,29004,Silver
sposv5kwe8,Passport,45193,Black
1rzyh56bhv,Civic,27713,Beige
fzul592vbz,CR-V Hybrid,33849,Gray
m755lpzdrt,Prologue,48969,Red
twnx5j437x,CR-V,33131,Blue
q4x2gy5jdf,Accord,29915,Gray
xs9mr7j8vw,Accord Hybrid,36920,White
qa8cdg2ff2,Accord,23374,Green
vbdz5o7dms,Civic,25267,Beige
mnlvpu13d0,Accord Hybrid,36299,Blue
ki1mrzqqg8,CR-V Hybrid,40901,Black
sx5djipk2w,Prologue,48274,Gray
qpcfryr9gd,CR-V,39095,Yellow
gj4l80jnii,CR-V Hybrid,39198,Green
ctnk63qayv,Ridgeline,43172,Yellow
pu5q7m21x1,Accord Hybrid,32425,Blue
jeytjfcxsf,Civic,22215,Brown
1giscqf2hq,Odyssey,39272,Beige
c0qtuejws3,CR-V,30133,Green
jasa2mq3xj,Civic Hybrid,28293,Green
0x71m3963f,Accord,26056,Blue
my386z0ikx,CR-V,28460,Beige
a5qzvjkafx,CR-V,37079,White
rtgvs862dn,Prologue,53393,Black
2d6ontawbt,Accord,33468,Yellow
1kk5hapkrh,CR-V,38097,Yellow
tmy18i3bj9,Civic Hybrid,29890,Beige
rci1lpypmd,Accord,24857,Yellow
oytu5mc495,CR-V,36390,Black
8c8bzbw6jg,Civic,24584,Red
o0sytw0eeg,Prologue,56477,Silver
l98lqbm0hu,CR-V Hybrid,35179,Gray
hkvv9onkvn,Civic Hybrid,29115,Yellow
cob1g99xsv,Ridgeline,44856,Red
lqs74oqiuy,Prologue,53384,Yellow
nnehsevvyn,Pilot,41357,Yellow
014uj9qoi9,CR-V Hybrid,39308,Green
2aobdx0n01,Accord Hybrid,30554,Green
1sezuovbyx,Prologue,55732,Brown
vxlbqre7f6,Civic Hybrid,28461,White
2i8byezekv,Pilot,50519,Black
jaqil75lff,Accord Hybrid,32658,Gray
yaa0koad2n,CR-V Hybrid,39142,Black
yn8si1c75t,CR-V,39843,Blue
qwxoy41uhy,Pilot,49511,Red
zjv07nmwo0,CR-V Hybrid,40006,Blue
p9hsybsip7,Passport,48522,Green
uh2u07jq4v,Odyssey,43556,White
6j8zwc17am,Accord Hybrid,34999,Black
d4ods5wb7k,Pilot,44411,Red
f96tsfnof1,Passport,49412,Blue
ucstog02lf,Odyssey,37292,Gray
0ho1g897au,Passport,48128,Black
56bep0pizc,Accord,28222,White
1be14znagb,Odyssey,38710,Silver
5bmhnpb7kc,Odyssey,46207,Blue
ss7axy6dau,Civic,18460,Brown
u6zb038k2k,Passport,40797,Yellow
akxfhixdme,Odyssey,40261,Brown
nh9yfa9pce,CR-V,32972,Red
lfa8mydq3b,CR-V,32889,Silver
rtbfwlpojl,CR-V Hybrid,37118,White
jup7qqb50p,Odyssey,36657,Silver
0pglaudcy3,Passport,48233,Black
dc5fc6i9qt,Prologue,53483,Beige
fpnq087uw8,Passport,44566,Green
g3sm6bz9xv,Passport,43394,Silver
m1d0mguhvn,Odyssey,44113,White
e0czh5uhxh,Civic Hybrid,26214,Brown
7r5ascwf7i,Prologue,49973,Beige
hd3v39ombs,HR-V,30483,Brown
jw29e2l15d,Accord Hybrid,35304,Beige
88x5lk1gqj,Accord Hybrid,35583,Silver
60dzbxjzz2,Prologue,50139,Black
2v0sgfbzzq,Pilot,48985,Beige
4pp6eceswl,Odyssey,39015,Brown
m7g9zimdfi,Ridgeline,44525,Brown
d6ifw28ws1,Civic,25831,Green
rgtnfinzwl,Prologue,56475,Beige
nbmypgl7rz,Accord Hybrid,33671,Gray
3fim5mpj94,HR-V,29116,White
fusw18x3jp,HR-V,26666,Red
ip5t3mq9bg,Civic,19699,Silver
a9junwztua,Passport,41141,Green
qbfzp86434,Accord Hybrid,34991,Red
d4l1n32dyu,HR-V,30307,White
03qre2u9tb,Civic,17743,Gray
w1qtkylhb7,Civic Hybrid,30440,Brown
gf9q0xpbxq,HR-V,31686,Brown
zoq0fhcpui,Civic,17581,Blue
wff21d5koh,CR-V,39346,Gray
s0uqhniayg,Ridgeline,47128,Yellow
m9w2wfcq3b,CR-V Hybrid,34267,Blue
tmd38ftm2f,CR-V Hybrid,32852,Blue
v27ph4lbme,Civic,24255,Green
rzn9nvead8,Ridgeline,38598,Green
ni95rrkrio,Accord,27956,Green
qp2pwivajj,Civic Hybrid,25767,Silver
xlybupwtub,Prologue,56989,Silver
n8tbo4hmf9,Passport,47738,Brown
6ulnnxw8kj,Passport,48127,Gray
gm9u830ggt,Passport,40074,Gray
i90ryqjyjp,Passport,45382,Black
wk9flow2ry,Accord,29549,Yellow
11bb1xltij,Prologue,57460,Green
oeyx5h4uxu,CR-V,28557,Beige
wvj6uklj8z,Civic,24088,Red
ns4xy1jvts,Prologue,57307,Beige
4gurrbqopm,Passport,47916,White
xrqihgd6rz,CR-V Hybrid,41774,White
76z65q64yu,Ridgeline,39846,Silver
emer05qc7d,HR-V,28245,Green
0bvgb4jgzq,Prologue,57977,White
5ucjal9a1v,Prologue,51278,Beige
3n3rcpwyxs,Odyssey,44273,Gray
8mhg4vioki,Prologue,53006,Black
2ty5vmt71a,Ridgeline,41435,Beige
li5uf0kn8t,Accord Hybrid,37605,Red
xuqhybmt8q,Odyssey,38648,Blue
62j6906va0,Pilot,42729,Brown
4elyhzf363,Accord,27071,Green
1amqxz8en4,Civic Hybrid,26794,Yellow
eijdx16bhf,Pilot,45174,Yellow
k916bx2nft,Civic,16393,Brown
jdzawf45qe,Accord,33318,Yellow
n2nw6ddowg,Pilot,44143,Silver
0shp8kfsm5,CR-V,38074,Green
42gyk1cn4z,Civic,15224,Green
thphue4m78,CR-V Hybrid,39312,Red
uq8hs8qpub,Odyssey,46126,Blue
j00e9r77cz,Accord,32127,White
v5uvica0wo,HR-V,30502,Brown
r2mw7vwuoz,Accord Hybrid,28949,Green
mxwmc26p4u,Accord Hybrid,28380,Blue
hd9fjv1bbr,Prologue,54777,Brown
1rrbrto1be,Civic,24499,Black
cbpohr9et6,Prologue,55346,Black
jjnfh0f8eb,Accord,22881,Brown
h1pyux5djr,Civic,17390,Green
dw5cfnnu39,Accord,27654,Yellow
6uj8nu8n1q,HR-V,29835,Beige
yn4sj2c5vn,Pilot,49043,Beige
lyuxjzp9xm,CR-V Hybrid,35485,Black
5jyqj0zibc,CR-V Hybrid,37533,Yellow
bz3143owxr,HR-V,29267,Black
q2jr5umus4,CR-V,32677,Yellow
xk4jhz7o5g,HR-V,28209,White
pit2l8j7cc,Odyssey,44181,Black
j4rlq9h9rs,Civic,20269,Blue
6o46wsnb7y,Civic,22125,Brown
lwmwqsl6ol,Passport,44964,Green
tiwl7flyum,Civic Hybrid,29193,Brown
4d4tnlaklh,Passport,43720,Yellow
1fo881i2za,HR-V,29147,Beige
ngtgc6jlt7,Accord Hybrid,35196,Gray
mhgk70muaj,Accord,34586,Gray
l7tmax5xl0,Civic,19706,Red
vhtzt4kvcu,CR-V Hybrid,35882,Gray
cs7ei86vzy,Civic,19230,Gray
zw5e19u3ft,CR-V,34643,Blue
pdp8qset27,Ridgeline,46131,Red
hkdcupwn06,CR-V,30187,Green
2b19c0y032,Ridgeline,42296,Yellow
4gj67cc5vg,CR-V Hybrid,33431,Beige
v4p8w1xvj4,Ridgeline,41675,Gray
7bulrhujbt,Prologue,52747,Silver
arhtpazspp,Ridgeline,46560,Green
wa7bdvv44a,Accord Hybrid,32453,Gray
3enw9xmb8r,Civic,24497,Beige
m9v60trmv7,Civic Hybrid,27173,Green
vvb0lvohxb,Civic Hybrid,31692,Blue
dv9b98w6hi,Accord,31779,Green
0ftvbr5cbb,Accord,33735,Yellow
e54ud2s7ew,Accord,34966,Gray
qtm9i7b6hd,HR-V,24301,Blue
mpxiwlkp4c,Odyssey,41789,Blue
su9fwehmv3,Accord Hybrid,34183,Yellow
1eslllde2g,Pilot,41760,Beige
dcbzlyugb4,Civic,19356,Beige
xnfhnv81p0,Accord,22086,Red
wy1kr117ru,CR-V,32246,Brown
uo8m8bps5o,CR-V Hybrid,36027,Gray
aeq38v2in4,Prologue,51893,Gray
u5nkg2jz5w,Accord Hybrid,33257,Silver
f86pgtx25g,Passport,45152,Black
xnzqv03p4d,Civic Hybrid,27870,Blue
s3wowncpgb,Odyssey,36618,Blue
o2t4b6vk87,Prologue,53437,Blue
rusyo1pym4,Odyssey,45769,Brown
xxsal5rymg,Passport,45366,Yellow
bt6biydzw5,Pilot,49551,Blue
cem9ag8gtn,CR-V Hybrid,34140,Gray
nqefd6g81m,CR-V Hybrid,39404,Gray
yervb9i17t,CR-V,35213,Silver
lefowy7g4x,Pilot,44385,Yellow
07lcomyxa0,Civic,19670,Brown
yr11s32291,Ridgeline,44352,Black
lyazbpqqb9,Accord,22823,White
fnutofgy4r,CR-V Hybrid,34468,White
5ban9sxrud,Passport,47836,Brown
k2rhchudd2,Odyssey,43723,White
6y458eq4z2,Ridgeline,47854,Green
eayld4b5gz,Accord,34803,Gray
mz55m4r7zf,Ridgeline,40371,Yellow
p1igognqnk,HR-V,25175,Beige
uy4iebgw05,Passport,47263,Red
q8wbxf0lvo,Pilot,39245,Black
0hzwmvvmfl,Ridgeline,38451,Yellow
3qk8p49xq3,Odyssey,39097,White
ncc8vyazj1,Accord Hybrid,37032,Red
bc2fwlvbcf,Ridgeline,38125,Black
9k4rkajtbr,HR-V,27455,Green
ej00avjtqo,Pilot,39418,Yellow
1ofdfpxhl3,Pilot,38801,Silver
3qlqr1m9rn,CR-V Hybrid,38191,Gray
x0ns2y8s80,CR-V,35001,Brown
iprgxxhecw,Accord,34138,Gray
5dmktn8d18,Ridgeline,44149,Yellow
k50zpkexls,CR-V Hybrid,34338,Blue
qoufbe1299,Civic Hybrid,26784,Yellow
b9qarouswa,CR-V,28437,White
55a3ycujyg,CR-V,39219,Black
fs7tcsvnwf,Passport,49429,Beige
0xz8izudhk,Civic,19345,Red
i5x8704xyn,Pilot,44683,Beige
i1n4svj7lx,Ridgeline,46399,White
ud9x720v4f,CR-V,30690,Silver
1ztjfh022m,HR-V,30219,Beige
b2f4proef6,Civic Hybrid,28433,Blue
tb7bma8z35,Accord Hybrid,30567,Brown
kcly6z1eqx,Ridgeline,39495,Green
x9ci059wj8,Civic Hybrid,30937,Green
vm81kkvbfw,Odyssey,43206,Brown
t5yaahz08f,Accord,25068,Gray
po7dmsh0yn,HR-V,29528,Blue
srk5ezrgfn,Pilot,43455,Beige
tv4lxlyp07,Civic,16080,Brown
bfsx2g99dk,Odyssey,41558,Beige
flpb4k9qam,Pilot,39829,Brown
qn215vhnwd,Pilot,43823,Beige
r0j9j7zrmq,Civic,16836,Beige
l84whqxbh7,Ridgeline,46183,Blue
39j6053zna,Ridgeline,47690,Blue
q0u6gl1rkr,CR-V Hybrid,38010,Silver
2fegfvwew6,Civic,18776,Black
4m12s46qee,Civic,20403,White
6bybvxe8v1,Civic,21105,Brown
y0wemwz7i3,CR-V Hybrid,34573,Red
wwyf4rsus3,CR-V,39531,Brown
v61zibbaa7,CR-V Hybrid,33354,Black
rmj73uc1so,Accord,22317,Red
ktuux3lgxr,Civic Hybrid,28559,Gray
a6bthtzx2i,Accord,29425,Gray
mr1fdw8omd,Civic Hybrid,30472,Blue
y498jlaeo8,Prologue,52420,Yellow
gccogpk7h5,HR-V,27455,White
8rrrwp7jyz,Civic,24541,Green
ysz85zkm6v,CR-V Hybrid,40028,Gray
24nzp7jou9,Accord Hybrid,37557,Silver
c2g64ba8c4,Civic,26822,Silver
zymta7l6io,Passport,44077,Brown
9ilmim9d2l,CR-V Hybrid,38831,White
gkf74ndnhn,Civic,16509,Black
wmvk99w47l,Civic,19880,Silver
k48a4hgkig,Pilot,50756,Beige
2iwk7uk937,Odyssey,47138,Green
ke1c118dnp,Pilot,41903,Yellow
2mp2piyc3p,Accord Hybrid,37509,Gray
5c8bit643l,Prologue,53302,Blue
y8li7frmdz,Civic,21879,Green
exqotpdars,Prologue,50401,Blue
4lthw5gia1,Pilot,42328,Brown
7wmfqq98dp,Odyssey,44745,Gray
xxgkkxarmk,Ridgeline,38895,Brown
vn7hakt4ul,Odyssey,46115,Brown
mgbg5a9unf,Civic Hybrid,26531,Brown
5lrt6vagsu,Civic,16113,Red
83rk6ystta,Pilot,38849,Silver
ofpvamdqmc,HR-V,28463,Beige
kve8wwu89p,CR-V Hybrid,33669,Black
4oy43usyg3,Passport,48010,Brown
z391pcrdik,Odyssey,40939,Red
pxevjvghzd,Odyssey,47075,Brown
jmk9vue6vw,CR-V Hybrid,40728,Red
zcxsdybu8t,Accord,26993,Silver
9sj3s2sd0r,Passport,44696,Brown
7fk0yhx9jg,HR-V,30331,Gray
6fg2udxok8,HR-V,25887,Yellow
n9ixvnqjya,Civic,17012,Black
iocjokw15n,Accord,31180,Blue
wiwsqfj439,Prologue,50905,Brown
ptthiecmom,Ridgeline,40402,Brown
5gsn8959rl,Prologue,57077,Silver
9qtgbzbasv,Accord Hybrid,37977,Green
a1k716y9dz,Ridgeline,47135,Black
